GAME_ID,GAME_DATE,MATCHUP,TEAM_ID,TEAM_ABBREVIATION,WL,SEASON
0040900121,2010-04-17,MIL @ ATL,1610612749,MIL,L,2009-10
0040900171,2010-04-17,DEN vs. UTA,1610612743,DEN,W,2009-10
0040900101,2010-04-17,CHI @ CLE,1610612741,CHI,L,2009-10
0040900171,2010-04-17,UTA @ DEN,1610612762,UTA,L,2009-10
0040900121,2010-04-17,ATL vs. MIL,1610612737,ATL,W,2009-10
0040900131,2010-04-17,BOS vs. MIA,1610612738,BOS,W,2009-10
0040900131,2010-04-17,MIA @ BOS,1610612748,MIA,L,2009-10
0040900101,2010-04-17,CLE vs. CHI,1610612739,CLE,W,2009-10
0040900111,2010-04-18,ORL vs. CHA,1610612753,ORL,W,2009-10
0040900161,2010-04-18,POR @ PHX,1610612757,POR,W,2009-10
0040900151,2010-04-18,DAL vs. SAS,1610612742,DAL,W,2009-10
0040900151,2010-04-18,SAS @ DAL,1610612759,SAS,L,2009-10
0040900141,2010-04-18,LAL vs. OKC,1610612747,LAL,W,2009-10
0040900141,2010-04-18,OKC @ LAL,1610612760,OKC,L,2009-10
0040900111,2010-04-18,CHA @ ORL,1610612766,CHA,L,2009-10
0040900161,2010-04-18,PHX vs. POR,1610612756,PHX,L,2009-10
0040900172,2010-04-19,DEN vs. UTA,1610612743,DEN,L,2009-10
0040900172,2010-04-19,UTA @ DEN,1610612762,UTA,W,2009-10
0040900102,2010-04-19,CHI @ CLE,1610612741,CHI,L,2009-10
0040900102,2010-04-19,CLE vs. CHI,1610612739,CLE,W,2009-10
0040900132,2010-04-20,BOS vs. MIA,1610612738,BOS,W,2009-10
0040900132,2010-04-20,MIA @ BOS,1610612748,MIA,L,2009-10
0040900122,2010-04-20,ATL vs. MIL,1610612737,ATL,W,2009-10
0040900162,2010-04-20,PHX vs. POR,1610612756,PHX,W,2009-10
0040900142,2010-04-20,OKC @ LAL,1610612760,OKC,L,2009-10
0040900122,2010-04-20,MIL @ ATL,1610612749,MIL,L,2009-10
0040900162,2010-04-20,POR @ PHX,1610612757,POR,L,2009-10
0040900142,2010-04-20,LAL vs. OKC,1610612747,LAL,W,2009-10
0040900152,2010-04-21,SAS @ DAL,1610612759,SAS,W,2009-10
0040900152,2010-04-21,DAL vs. SAS,1610612742,DAL,L,2009-10
0040900112,2010-04-21,CHA @ ORL,1610612766,CHA,L,2009-10
0040900112,2010-04-21,ORL vs. CHA,1610612753,ORL,W,2009-10
0040900143,2010-04-22,LAL @ OKC,1610612747,LAL,L,2009-10
0040900163,2010-04-22,POR vs. PHX,1610612757,POR,L,2009-10
0040900143,2010-04-22,OKC vs. LAL,1610612760,OKC,W,2009-10
0040900103,2010-04-22,CHI vs. CLE,1610612741,CHI,W,2009-10
0040900103,2010-04-22,CLE @ CHI,1610612739,CLE,L,2009-10
0040900163,2010-04-22,PHX @ POR,1610612756,PHX,W,2009-10
0040900153,2010-04-23,DAL @ SAS,1610612742,DAL,L,2009-10
0040900153,2010-04-23,SAS vs. DAL,1610612759,SAS,W,2009-10
0040900133,2010-04-23,BOS @ MIA,1610612738,BOS,W,2009-10
0040900173,2010-04-23,UTA vs. DEN,1610612762,UTA,W,2009-10
0040900173,2010-04-23,DEN @ UTA,1610612743,DEN,L,2009-10
0040900133,2010-04-23,MIA vs. BOS,1610612748,MIA,L,2009-10
0040900113,2010-04-24,CHA vs. ORL,1610612766,CHA,L,2009-10
0040900123,2010-04-24,MIL vs. ATL,1610612749,MIL,W,2009-10
0040900113,2010-04-24,ORL @ CHA,1610612753,ORL,W,2009-10
0040900123,2010-04-24,ATL @ MIL,1610612737,ATL,L,2009-10
0040900164,2010-04-24,PHX @ POR,1610612756,PHX,L,2009-10
0040900144,2010-04-24,LAL @ OKC,1610612747,LAL,L,2009-10
0040900164,2010-04-24,POR vs. PHX,1610612757,POR,W,2009-10
0040900144,2010-04-24,OKC vs. LAL,1610612760,OKC,W,2009-10
0040900104,2010-04-25,CHI vs. CLE,1610612741,CHI,L,2009-10
0040900134,2010-04-25,MIA vs. BOS,1610612748,MIA,W,2009-10
0040900154,2010-04-25,DAL @ SAS,1610612742,DAL,L,2009-10
0040900174,2010-04-25,UTA vs. DEN,1610612762,UTA,W,2009-10
0040900154,2010-04-25,SAS vs. DAL,1610612759,SAS,W,2009-10
0040900104,2010-04-25,CLE @ CHI,1610612739,CLE,W,2009-10
0040900134,2010-04-25,BOS @ MIA,1610612738,BOS,L,2009-10
0040900174,2010-04-25,DEN @ UTA,1610612743,DEN,L,2009-10
0040900114,2010-04-26,ORL @ CHA,1610612753,ORL,W,2009-10
0040900165,2010-04-26,POR @ PHX,1610612757,POR,L,2009-10
0040900124,2010-04-26,MIL vs. ATL,1610612749,MIL,W,2009-10
0040900124,2010-04-26,ATL @ MIL,1610612737,ATL,L,2009-10
0040900114,2010-04-26,CHA vs. ORL,1610612766,CHA,L,2009-10
0040900165,2010-04-26,PHX vs. POR,1610612756,PHX,W,2009-10
0040900145,2010-04-27,LAL vs. OKC,1610612747,LAL,W,2009-10
0040900145,2010-04-27,OKC @ LAL,1610612760,OKC,L,2009-10
0040900155,2010-04-27,DAL vs. SAS,1610612742,DAL,W,2009-10
0040900155,2010-04-27,SAS @ DAL,1610612759,SAS,L,2009-10
0040900105,2010-04-27,CHI @ CLE,1610612741,CHI,L,2009-10
0040900105,2010-04-27,CLE vs. CHI,1610612739,CLE,W,2009-10
0040900135,2010-04-27,MIA @ BOS,1610612748,MIA,L,2009-10
0040900135,2010-04-27,BOS vs. MIA,1610612738,BOS,W,2009-10
0040900175,2010-04-28,DEN vs. UTA,1610612743,DEN,W,2009-10
0040900125,2010-04-28,MIL @ ATL,1610612749,MIL,W,2009-10
0040900175,2010-04-28,UTA @ DEN,1610612762,UTA,L,2009-10
0040900125,2010-04-28,ATL vs. MIL,1610612737,ATL,L,2009-10
0040900166,2010-04-29,POR vs. PHX,1610612757,POR,L,2009-10
0040900156,2010-04-29,SAS vs. DAL,1610612759,SAS,W,2009-10
0040900156,2010-04-29,DAL @ SAS,1610612742,DAL,L,2009-10
0040900166,2010-04-29,PHX @ POR,1610612756,PHX,W,2009-10
0040900146,2010-04-30,OKC vs. LAL,1610612760,OKC,L,2009-10
0040900176,2010-04-30,DEN @ UTA,1610612743,DEN,L,2009-10
0040900126,2010-04-30,ATL @ MIL,1610612737,ATL,W,2009-10
0040900146,2010-04-30,LAL @ OKC,1610612747,LAL,W,2009-10
0040900126,2010-04-30,MIL vs. ATL,1610612749,MIL,L,2009-10
0040900176,2010-04-30,UTA vs. DEN,1610612762,UTA,W,2009-10
0040900201,2010-05-01,BOS @ CLE,1610612738,BOS,L,2009-10
0040900201,2010-05-01,CLE vs. BOS,1610612739,CLE,W,2009-10
0040900127,2010-05-02,ATL vs. MIL,1610612737,ATL,W,2009-10
0040900231,2010-05-02,UTA @ LAL,1610612762,UTA,L,2009-10
0040900127,2010-05-02,MIL @ ATL,1610612749,MIL,L,2009-10
0040900231,2010-05-02,LAL vs. UTA,1610612747,LAL,W,2009-10
0040900221,2010-05-03,PHX vs. SAS,1610612756,PHX,W,2009-10
0040900202,2010-05-03,BOS @ CLE,1610612738,BOS,W,2009-10
0040900202,2010-05-03,CLE vs. BOS,1610612739,CLE,L,2009-10
0040900221,2010-05-03,SAS @ PHX,1610612759,SAS,L,2009-10
0040900232,2010-05-04,UTA @ LAL,1610612762,UTA,L,2009-10
0040900232,2010-05-04,LAL vs. UTA,1610612747,LAL,W,2009-10
0040900211,2010-05-04,ORL vs. ATL,1610612753,ORL,W,2009-10
0040900211,2010-05-04,ATL @ ORL,1610612737,ATL,L,2009-10
0040900222,2010-05-05,PHX vs. SAS,1610612756,PHX,W,2009-10
0040900222,2010-05-05,SAS @ PHX,1610612759,SAS,L,2009-10
0040900212,2010-05-06,ATL @ ORL,1610612737,ATL,L,2009-10
0040900212,2010-05-06,ORL vs. ATL,1610612753,ORL,W,2009-10
0040900203,2010-05-07,CLE @ BOS,1610612739,CLE,W,2009-10
0040900203,2010-05-07,BOS vs. CLE,1610612738,BOS,L,2009-10
0040900223,2010-05-07,SAS vs. PHX,1610612759,SAS,L,2009-10
0040900223,2010-05-07,PHX @ SAS,1610612756,PHX,W,2009-10
0040900213,2010-05-08,ATL vs. ORL,1610612737,ATL,L,2009-10
0040900213,2010-05-08,ORL @ ATL,1610612753,ORL,W,2009-10
0040900233,2010-05-08,UTA vs. LAL,1610612762,UTA,L,2009-10
0040900233,2010-05-08,LAL @ UTA,1610612747,LAL,W,2009-10
0040900204,2010-05-09,CLE @ BOS,1610612739,CLE,L,2009-10
0040900204,2010-05-09,BOS vs. CLE,1610612738,BOS,W,2009-10
0040900224,2010-05-09,SAS vs. PHX,1610612759,SAS,L,2009-10
0040900224,2010-05-09,PHX @ SAS,1610612756,PHX,W,2009-10
0040900234,2010-05-10,UTA vs. LAL,1610612762,UTA,L,2009-10
0040900214,2010-05-10,ATL vs. ORL,1610612737,ATL,L,2009-10
0040900214,2010-05-10,ORL @ ATL,1610612753,ORL,W,2009-10
0040900234,2010-05-10,LAL @ UTA,1610612747,LAL,W,2009-10
0040900205,2010-05-11,CLE vs. BOS,1610612739,CLE,L,2009-10
0040900205,2010-05-11,BOS @ CLE,1610612738,BOS,W,2009-10
0040900206,2010-05-13,CLE @ BOS,1610612739,CLE,L,2009-10
0040900206,2010-05-13,BOS vs. CLE,1610612738,BOS,W,2009-10
0040900301,2010-05-16,ORL vs. BOS,1610612753,ORL,L,2009-10
0040900301,2010-05-16,BOS @ ORL,1610612738,BOS,W,2009-10
0040900311,2010-05-17,LAL vs. PHX,1610612747,LAL,W,2009-10
0040900311,2010-05-17,PHX @ LAL,1610612756,PHX,L,2009-10
0040900302,2010-05-18,ORL vs. BOS,1610612753,ORL,L,2009-10
0040900302,2010-05-18,BOS @ ORL,1610612738,BOS,W,2009-10
0040900312,2010-05-19,LAL vs. PHX,1610612747,LAL,W,2009-10
0040900312,2010-05-19,PHX @ LAL,1610612756,PHX,L,2009-10
0040900303,2010-05-22,ORL @ BOS,1610612753,ORL,L,2009-10
0040900303,2010-05-22,BOS vs. ORL,1610612738,BOS,W,2009-10
0040900313,2010-05-23,LAL @ PHX,1610612747,LAL,L,2009-10
0040900313,2010-05-23,PHX vs. LAL,1610612756,PHX,W,2009-10
0040900304,2010-05-24,ORL @ BOS,1610612753,ORL,W,2009-10
0040900304,2010-05-24,BOS vs. ORL,1610612738,BOS,L,2009-10
0040900314,2010-05-25,LAL @ PHX,1610612747,LAL,L,2009-10
0040900314,2010-05-25,PHX vs. LAL,1610612756,PHX,W,2009-10
0040900305,2010-05-26,BOS @ ORL,1610612738,BOS,L,2009-10
0040900305,2010-05-26,ORL vs. BOS,1610612753,ORL,W,2009-10
0040900315,2010-05-27,LAL vs. PHX,1610612747,LAL,W,2009-10
0040900315,2010-05-27,PHX @ LAL,1610612756,PHX,L,2009-10
0040900306,2010-05-28,ORL @ BOS,1610612753,ORL,L,2009-10
0040900306,2010-05-28,BOS vs. ORL,1610612738,BOS,W,2009-10
0040900316,2010-05-29,LAL @ PHX,1610612747,LAL,W,2009-10
0040900316,2010-05-29,PHX vs. LAL,1610612756,PHX,L,2009-10
0040900401,2010-06-03,BOS @ LAL,1610612738,BOS,L,2009-10
0040900401,2010-06-03,LAL vs. BOS,1610612747,LAL,W,2009-10
0040900402,2010-06-06,BOS @ LAL,1610612738,BOS,W,2009-10
0040900402,2010-06-06,LAL vs. BOS,1610612747,LAL,L,2009-10
0040900403,2010-06-08,LAL @ BOS,1610612747,LAL,W,2009-10
0040900403,2010-06-08,BOS vs. LAL,1610612738,BOS,L,2009-10
0040900404,2010-06-10,LAL @ BOS,1610612747,LAL,L,2009-10
0040900404,2010-06-10,BOS vs. LAL,1610612738,BOS,W,2009-10
0040900405,2010-06-13,LAL @ BOS,1610612747,LAL,L,2009-10
0040900405,2010-06-13,BOS vs. LAL,1610612738,BOS,W,2009-10
0040900406,2010-06-15,BOS @ LAL,1610612738,BOS,L,2009-10
0040900406,2010-06-15,LAL vs. BOS,1610612747,LAL,W,2009-10
0040900407,2010-06-17,LAL vs. BOS,1610612747,LAL,W,2009-10
0040900407,2010-06-17,BOS @ LAL,1610612738,BOS,L,2009-10
0041000111,2011-04-16,MIA vs. PHI,1610612748,MIA,W,2010-11
0041000131,2011-04-16,ORL vs. ATL,1610612753,ORL,L,2010-11
0041000101,2011-04-16,IND @ CHI,1610612754,IND,L,2010-11
0041000111,2011-04-16,PHI @ MIA,1610612755,PHI,L,2010-11
0041000161,2011-04-16,POR @ DAL,1610612757,POR,L,2010-11
0041000101,2011-04-16,CHI vs. IND,1610612741,CHI,W,2010-11
0041000131,2011-04-16,ATL @ ORL,1610612737,ATL,W,2010-11
0041000161,2011-04-16,DAL vs. POR,1610612742,DAL,W,2010-11
0041000141,2011-04-17,SAS vs. MEM,1610612759,SAS,L,2010-11
0041000121,2011-04-17,NYK @ BOS,1610612752,NYK,L,2010-11
0041000151,2011-04-17,NOH @ LAL,1610612740,NOH,W,2010-11
0041000151,2011-04-17,LAL vs. NOH,1610612747,LAL,L,2010-11
0041000121,2011-04-17,BOS vs. NYK,1610612738,BOS,W,2010-11
0041000171,2011-04-17,DEN @ OKC,1610612743,DEN,L,2010-11
0041000171,2011-04-17,OKC vs. DEN,1610612760,OKC,W,2010-11
0041000141,2011-04-17,MEM @ SAS,1610612763,MEM,W,2010-11
0041000112,2011-04-18,MIA vs. PHI,1610612748,MIA,W,2010-11
0041000102,2011-04-18,IND @ CHI,1610612754,IND,L,2010-11
0041000102,2011-04-18,CHI vs. IND,1610612741,CHI,W,2010-11
0041000112,2011-04-18,PHI @ MIA,1610612755,PHI,L,2010-11
0041000122,2011-04-19,BOS vs. NYK,1610612738,BOS,W,2010-11
0041000132,2011-04-19,ORL vs. ATL,1610612753,ORL,W,2010-11
0041000122,2011-04-19,NYK @ BOS,1610612752,NYK,L,2010-11
0041000132,2011-04-19,ATL @ ORL,1610612737,ATL,L,2010-11
0041000162,2011-04-19,DAL vs. POR,1610612742,DAL,W,2010-11
0041000162,2011-04-19,POR @ DAL,1610612757,POR,L,2010-11
0041000172,2011-04-20,OKC vs. DEN,1610612760,OKC,W,2010-11
0041000152,2011-04-20,NOH @ LAL,1610612740,NOH,L,2010-11
0041000142,2011-04-20,SAS vs. MEM,1610612759,SAS,W,2010-11
0041000172,2011-04-20,DEN @ OKC,1610612743,DEN,L,2010-11
0041000152,2011-04-20,LAL vs. NOH,1610612747,LAL,W,2010-11
0041000142,2011-04-20,MEM @ SAS,1610612763,MEM,L,2010-11
0041000103,2011-04-21,IND vs. CHI,1610612754,IND,L,2010-11
0041000113,2011-04-21,MIA @ PHI,1610612748,MIA,W,2010-11
0041000103,2011-04-21,CHI @ IND,1610612741,CHI,W,2010-11
0041000163,2011-04-21,POR vs. DAL,1610612757,POR,W,2010-11
0041000163,2011-04-21,DAL @ POR,1610612742,DAL,L,2010-11
0041000113,2011-04-21,PHI vs. MIA,1610612755,PHI,L,2010-11
0041000123,2011-04-22,BOS @ NYK,1610612738,BOS,W,2010-11
0041000133,2011-04-22,ATL vs. ORL,1610612737,ATL,W,2010-11
0041000153,2011-04-22,LAL @ NOH,1610612747,LAL,W,2010-11
0041000133,2011-04-22,ORL @ ATL,1610612753,ORL,L,2010-11
0041000153,2011-04-22,NOH vs. LAL,1610612740,NOH,L,2010-11
0041000123,2011-04-22,NYK vs. BOS,1610612752,NYK,L,2010-11
0041000104,2011-04-23,CHI @ IND,1610612741,CHI,L,2010-11
0041000143,2011-04-23,SAS @ MEM,1610612759,SAS,L,2010-11
0041000164,2011-04-23,POR vs. DAL,1610612757,POR,W,2010-11
0041000173,2011-04-23,DEN vs. OKC,1610612743,DEN,L,2010-11
0041000104,2011-04-23,IND vs. CHI,1610612754,IND,W,2010-11
0041000173,2011-04-23,OKC @ DEN,1610612760,OKC,W,2010-11
0041000143,2011-04-23,MEM vs. SAS,1610612763,MEM,W,2010-11
0041000164,2011-04-23,DAL @ POR,1610612742,DAL,L,2010-11
0041000124,2011-04-24,NYK vs. BOS,1610612752,NYK,L,2010-11
0041000124,2011-04-24,BOS @ NYK,1610612738,BOS,W,2010-11
0041000114,2011-04-24,PHI vs. MIA,1610612755,PHI,W,2010-11
0041000134,2011-04-24,ATL vs. ORL,1610612737,ATL,W,2010-11
0041000154,2011-04-24,NOH vs. LAL,1610612740,NOH,W,2010-11
0041000134,2011-04-24,ORL @ ATL,1610612753,ORL,L,2010-11
0041000154,2011-04-24,LAL @ NOH,1610612747,LAL,L,2010-11
0041000114,2011-04-24,MIA @ PHI,1610612748,MIA,L,2010-11
0041000165,2011-04-25,DAL vs. POR,1610612742,DAL,W,2010-11
0041000174,2011-04-25,DEN vs. OKC,1610612743,DEN,W,2010-11
0041000165,2011-04-25,POR @ DAL,1610612757,POR,L,2010-11
0041000144,2011-04-25,MEM vs. SAS,1610612763,MEM,W,2010-11
0041000144,2011-04-25,SAS @ MEM,1610612759,SAS,L,2010-11
0041000174,2011-04-25,OKC @ DEN,1610612760,OKC,L,2010-11
0041000105,2011-04-26,CHI vs. IND,1610612741,CHI,W,2010-11
0041000105,2011-04-26,IND @ CHI,1610612754,IND,L,2010-11
0041000155,2011-04-26,NOH @ LAL,1610612740,NOH,L,2010-11
0041000135,2011-04-26,ATL @ ORL,1610612737,ATL,L,2010-11
0041000135,2011-04-26,ORL vs. ATL,1610612753,ORL,W,2010-11
0041000155,2011-04-26,LAL vs. NOH,1610612747,LAL,W,2010-11
0041000175,2011-04-27,OKC vs. DEN,1610612760,OKC,W,2010-11
0041000175,2011-04-27,DEN @ OKC,1610612743,DEN,L,2010-11
0041000115,2011-04-27,MIA vs. PHI,1610612748,MIA,W,2010-11
0041000115,2011-04-27,PHI @ MIA,1610612755,PHI,L,2010-11
0041000145,2011-04-27,SAS vs. MEM,1610612759,SAS,W,2010-11
0041000145,2011-04-27,MEM @ SAS,1610612763,MEM,L,2010-11
0041000166,2011-04-28,DAL @ POR,1610612742,DAL,W,2010-11
0041000166,2011-04-28,POR vs. DAL,1610612757,POR,L,2010-11
0041000136,2011-04-28,ORL @ ATL,1610612753,ORL,L,2010-11
0041000156,2011-04-28,LAL @ NOH,1610612747,LAL,W,2010-11
0041000156,2011-04-28,NOH vs. LAL,1610612740,NOH,L,2010-11
0041000136,2011-04-28,ATL vs. ORL,1610612737,ATL,W,2010-11
0041000146,2011-04-29,SAS @ MEM,1610612759,SAS,L,2010-11
0041000146,2011-04-29,MEM vs. SAS,1610612763,MEM,W,2010-11
0041000211,2011-05-01,BOS @ MIA,1610612738,BOS,L,2010-11
0041000211,2011-05-01,MIA vs. BOS,1610612748,MIA,W,2010-11
0041000221,2011-05-01,MEM @ OKC,1610612763,MEM,W,2010-11
0041000221,2011-05-01,OKC vs. MEM,1610612760,OKC,L,2010-11
0041000201,2011-05-02,ATL @ CHI,1610612737,ATL,W,2010-11
0041000231,2011-05-02,DAL @ LAL,1610612742,DAL,W,2010-11
0041000231,2011-05-02,LAL vs. DAL,1610612747,LAL,L,2010-11
0041000201,2011-05-02,CHI vs. ATL,1610612741,CHI,L,2010-11
0041000212,2011-05-03,MIA vs. BOS,1610612748,MIA,W,2010-11
0041000212,2011-05-03,BOS @ MIA,1610612738,BOS,L,2010-11
0041000222,2011-05-03,OKC vs. MEM,1610612760,OKC,W,2010-11
0041000222,2011-05-03,MEM @ OKC,1610612763,MEM,L,2010-11
0041000202,2011-05-04,ATL @ CHI,1610612737,ATL,L,2010-11
0041000202,2011-05-04,CHI vs. ATL,1610612741,CHI,W,2010-11
0041000232,2011-05-04,LAL vs. DAL,1610612747,LAL,L,2010-11
0041000232,2011-05-04,DAL @ LAL,1610612742,DAL,W,2010-11
0041000203,2011-05-06,CHI @ ATL,1610612741,CHI,W,2010-11
0041000203,2011-05-06,ATL vs. CHI,1610612737,ATL,L,2010-11
0041000233,2011-05-06,DAL vs. LAL,1610612742,DAL,W,2010-11
0041000233,2011-05-06,LAL @ DAL,1610612747,LAL,L,2010-11
0041000223,2011-05-07,MEM vs. OKC,1610612763,MEM,W,2010-11
0041000213,2011-05-07,BOS vs. MIA,1610612738,BOS,W,2010-11
0041000223,2011-05-07,OKC @ MEM,1610612760,OKC,L,2010-11
0041000213,2011-05-07,MIA @ BOS,1610612748,MIA,L,2010-11
0041000234,2011-05-08,DAL vs. LAL,1610612742,DAL,W,2010-11
0041000234,2011-05-08,LAL @ DAL,1610612747,LAL,L,2010-11
0041000204,2011-05-08,ATL vs. CHI,1610612737,ATL,W,2010-11
0041000204,2011-05-08,CHI @ ATL,1610612741,CHI,L,2010-11
0041000224,2011-05-09,OKC @ MEM,1610612760,OKC,W,2010-11
0041000214,2011-05-09,MIA @ BOS,1610612748,MIA,W,2010-11
0041000224,2011-05-09,MEM vs. OKC,1610612763,MEM,L,2010-11
0041000214,2011-05-09,BOS vs. MIA,1610612738,BOS,L,2010-11
0041000205,2011-05-10,ATL @ CHI,1610612737,ATL,L,2010-11
0041000205,2011-05-10,CHI vs. ATL,1610612741,CHI,W,2010-11
0041000215,2011-05-11,BOS @ MIA,1610612738,BOS,L,2010-11
0041000225,2011-05-11,OKC vs. MEM,1610612760,OKC,W,2010-11
0041000215,2011-05-11,MIA vs. BOS,1610612748,MIA,W,2010-11
0041000225,2011-05-11,MEM @ OKC,1610612763,MEM,L,2010-11
0041000206,2011-05-12,CHI @ ATL,1610612741,CHI,W,2010-11
0041000206,2011-05-12,ATL vs. CHI,1610612737,ATL,L,2010-11
0041000226,2011-05-13,OKC @ MEM,1610612760,OKC,L,2010-11
0041000226,2011-05-13,MEM vs. OKC,1610612763,MEM,W,2010-11
0041000301,2011-05-15,CHI vs. MIA,1610612741,CHI,W,2010-11
0041000301,2011-05-15,MIA @ CHI,1610612748,MIA,L,2010-11
0041000227,2011-05-15,OKC vs. MEM,1610612760,OKC,W,2010-11
0041000227,2011-05-15,MEM @ OKC,1610612763,MEM,L,2010-11
0041000311,2011-05-17,OKC @ DAL,1610612760,OKC,L,2010-11
0041000311,2011-05-17,DAL vs. OKC,1610612742,DAL,W,2010-11
0041000302,2011-05-18,MIA @ CHI,1610612748,MIA,W,2010-11
0041000302,2011-05-18,CHI vs. MIA,1610612741,CHI,L,2010-11
0041000312,2011-05-19,DAL vs. OKC,1610612742,DAL,L,2010-11
0041000312,2011-05-19,OKC @ DAL,1610612760,OKC,W,2010-11
0041000313,2011-05-21,DAL @ OKC,1610612742,DAL,W,2010-11
0041000313,2011-05-21,OKC vs. DAL,1610612760,OKC,L,2010-11
0041000303,2011-05-22,CHI @ MIA,1610612741,CHI,L,2010-11
0041000303,2011-05-22,MIA vs. CHI,1610612748,MIA,W,2010-11
0041000314,2011-05-23,OKC vs. DAL,1610612760,OKC,L,2010-11
0041000314,2011-05-23,DAL @ OKC,1610612742,DAL,W,2010-11
0041000304,2011-05-24,CHI @ MIA,1610612741,CHI,L,2010-11
0041000304,2011-05-24,MIA vs. CHI,1610612748,MIA,W,2010-11
0041000315,2011-05-25,DAL vs. OKC,1610612742,DAL,W,2010-11
0041000315,2011-05-25,OKC @ DAL,1610612760,OKC,L,2010-11
0041000305,2011-05-26,MIA @ CHI,1610612748,MIA,W,2010-11
0041000305,2011-05-26,CHI vs. MIA,1610612741,CHI,L,2010-11
0041000401,2011-05-31,MIA vs. DAL,1610612748,MIA,W,2010-11
0041000401,2011-05-31,DAL @ MIA,1610612742,DAL,L,2010-11
0041000402,2011-06-02,DAL @ MIA,1610612742,DAL,W,2010-11
0041000402,2011-06-02,MIA vs. DAL,1610612748,MIA,L,2010-11
0041000403,2011-06-05,MIA @ DAL,1610612748,MIA,W,2010-11
0041000403,2011-06-05,DAL vs. MIA,1610612742,DAL,L,2010-11
0041000404,2011-06-07,DAL vs. MIA,1610612742,DAL,W,2010-11
0041000404,2011-06-07,MIA @ DAL,1610612748,MIA,L,2010-11
0041000405,2011-06-09,DAL vs. MIA,1610612742,DAL,W,2010-11
0041000405,2011-06-09,MIA @ DAL,1610612748,MIA,L,2010-11
0041000406,2011-06-12,DAL @ MIA,1610612742,DAL,W,2010-11
0041000406,2011-06-12,MIA vs. DAL,1610612748,MIA,L,2010-11
0041100121,2012-04-28,IND vs. ORL,1610612754,IND,L,2011-12
0041100101,2012-04-28,CHI vs. PHI,1610612741,CHI,W,2011-12
0041100151,2012-04-28,DAL @ OKC,1610612742,DAL,L,2011-12
0041100101,2012-04-28,PHI @ CHI,1610612755,PHI,L,2011-12
0041100111,2012-04-28,NYK @ MIA,1610612752,NYK,L,2011-12
0041100151,2012-04-28,OKC vs. DAL,1610612760,OKC,W,2011-12
0041100111,2012-04-28,MIA vs. NYK,1610612748,MIA,W,2011-12
0041100121,2012-04-28,ORL @ IND,1610612753,ORL,W,2011-12
0041100141,2012-04-29,UTA @ SAS,1610612762,UTA,L,2011-12
0041100161,2012-04-29,LAL vs. DEN,1610612747,LAL,W,2011-12
0041100171,2012-04-29,LAC @ MEM,1610612746,LAC,W,2011-12
0041100161,2012-04-29,DEN @ LAL,1610612743,DEN,L,2011-12
0041100141,2012-04-29,SAS vs. UTA,1610612759,SAS,W,2011-12
0041100131,2012-04-29,BOS @ ATL,1610612738,BOS,L,2011-12
0041100131,2012-04-29,ATL vs. BOS,1610612737,ATL,W,2011-12
0041100171,2012-04-29,MEM vs. LAC,1610612763,MEM,L,2011-12
0041100152,2012-04-30,DAL @ OKC,1610612742,DAL,L,2011-12
0041100152,2012-04-30,OKC vs. DAL,1610612760,OKC,W,2011-12
0041100122,2012-04-30,IND vs. ORL,1610612754,IND,W,2011-12
0041100122,2012-04-30,ORL @ IND,1610612753,ORL,L,2011-12
0041100112,2012-04-30,NYK @ MIA,1610612752,NYK,L,2011-12
0041100112,2012-04-30,MIA vs. NYK,1610612748,MIA,W,2011-12
0041100162,2012-05-01,LAL vs. DEN,1610612747,LAL,W,2011-12
0041100162,2012-05-01,DEN @ LAL,1610612743,DEN,L,2011-12
0041100132,2012-05-01,BOS @ ATL,1610612738,BOS,W,2011-12
0041100132,2012-05-01,ATL vs. BOS,1610612737,ATL,L,2011-12
0041100102,2012-05-01,PHI @ CHI,1610612755,PHI,W,2011-12
0041100102,2012-05-01,CHI vs. PHI,1610612741,CHI,L,2011-12
0041100172,2012-05-02,LAC @ MEM,1610612746,LAC,L,2011-12
0041100172,2012-05-02,MEM vs. LAC,1610612763,MEM,W,2011-12
0041100142,2012-05-02,SAS vs. UTA,1610612759,SAS,W,2011-12
0041100142,2012-05-02,UTA @ SAS,1610612762,UTA,L,2011-12
0041100123,2012-05-02,ORL vs. IND,1610612753,ORL,L,2011-12
0041100123,2012-05-02,IND @ ORL,1610612754,IND,W,2011-12
0041100153,2012-05-03,DAL vs. OKC,1610612742,DAL,L,2011-12
0041100113,2012-05-03,MIA @ NYK,1610612748,MIA,W,2011-12
0041100153,2012-05-03,OKC @ DAL,1610612760,OKC,W,2011-12
0041100113,2012-05-03,NYK vs. MIA,1610612752,NYK,L,2011-12
0041100133,2012-05-04,ATL @ BOS,1610612737,ATL,L,2011-12
0041100163,2012-05-04,LAL @ DEN,1610612747,LAL,L,2011-12
0041100163,2012-05-04,DEN vs. LAL,1610612743,DEN,W,2011-12
0041100133,2012-05-04,BOS vs. ATL,1610612738,BOS,W,2011-12
0041100103,2012-05-04,PHI vs. CHI,1610612755,PHI,W,2011-12
0041100103,2012-05-04,CHI @ PHI,1610612741,CHI,L,2011-12
0041100124,2012-05-05,IND @ ORL,1610612754,IND,W,2011-12
0041100143,2012-05-05,UTA vs. SAS,1610612762,UTA,L,2011-12
0041100124,2012-05-05,ORL vs. IND,1610612753,ORL,L,2011-12
0041100154,2012-05-05,OKC @ DAL,1610612760,OKC,W,2011-12
0041100173,2012-05-05,MEM @ LAC,1610612763,MEM,L,2011-12
0041100154,2012-05-05,DAL vs. OKC,1610612742,DAL,L,2011-12
0041100173,2012-05-05,LAC vs. MEM,1610612746,LAC,W,2011-12
0041100143,2012-05-05,SAS @ UTA,1610612759,SAS,W,2011-12
0041100164,2012-05-06,DEN vs. LAL,1610612743,DEN,L,2011-12
0041100164,2012-05-06,LAL @ DEN,1610612747,LAL,W,2011-12
0041100104,2012-05-06,PHI vs. CHI,1610612755,PHI,W,2011-12
0041100134,2012-05-06,ATL @ BOS,1610612737,ATL,L,2011-12
0041100114,2012-05-06,MIA @ NYK,1610612748,MIA,L,2011-12
0041100134,2012-05-06,BOS vs. ATL,1610612738,BOS,W,2011-12
0041100114,2012-05-06,NYK vs. MIA,1610612752,NYK,W,2011-12
0041100104,2012-05-06,CHI @ PHI,1610612741,CHI,L,2011-12
0041100144,2012-05-07,UTA vs. SAS,1610612762,UTA,L,2011-12
0041100174,2012-05-07,MEM @ LAC,1610612763,MEM,L,2011-12
0041100144,2012-05-07,SAS @ UTA,1610612759,SAS,W,2011-12
0041100174,2012-05-07,LAC vs. MEM,1610612746,LAC,W,2011-12
0041100105,2012-05-08,CHI vs. PHI,1610612741,CHI,W,2011-12
0041100165,2012-05-08,LAL vs. DEN,1610612747,LAL,L,2011-12
0041100125,2012-05-08,IND vs. ORL,1610612754,IND,W,2011-12
0041100135,2012-05-08,BOS @ ATL,1610612738,BOS,L,2011-12
0041100125,2012-05-08,ORL @ IND,1610612753,ORL,L,2011-12
0041100165,2012-05-08,DEN @ LAL,1610612743,DEN,W,2011-12
0041100135,2012-05-08,ATL vs. BOS,1610612737,ATL,W,2011-12
0041100105,2012-05-08,PHI @ CHI,1610612755,PHI,L,2011-12
0041100175,2012-05-09,LAC @ MEM,1610612746,LAC,L,2011-12
0041100115,2012-05-09,MIA vs. NYK,1610612748,MIA,W,2011-12
0041100115,2012-05-09,NYK @ MIA,1610612752,NYK,L,2011-12
0041100175,2012-05-09,MEM vs. LAC,1610612763,MEM,W,2011-12
0041100136,2012-05-10,BOS vs. ATL,1610612738,BOS,W,2011-12
0041100166,2012-05-10,DEN vs. LAL,1610612743,DEN,W,2011-12
0041100106,2012-05-10,PHI vs. CHI,1610612755,PHI,W,2011-12
0041100166,2012-05-10,LAL @ DEN,1610612747,LAL,L,2011-12
0041100136,2012-05-10,ATL @ BOS,1610612737,ATL,L,2011-12
0041100106,2012-05-10,CHI @ PHI,1610612741,CHI,L,2011-12
0041100176,2012-05-11,LAC vs. MEM,1610612746,LAC,L,2011-12
0041100176,2012-05-11,MEM @ LAC,1610612763,MEM,W,2011-12
0041100211,2012-05-12,BOS vs. PHI,1610612738,BOS,W,2011-12
0041100167,2012-05-12,DEN @ LAL,1610612743,DEN,L,2011-12
0041100211,2012-05-12,PHI @ BOS,1610612755,PHI,L,2011-12
0041100167,2012-05-12,LAL vs. DEN,1610612747,LAL,W,2011-12
0041100177,2012-05-13,MEM vs. LAC,1610612763,MEM,L,2011-12
0041100201,2012-05-13,MIA vs. IND,1610612748,MIA,W,2011-12
0041100201,2012-05-13,IND @ MIA,1610612754,IND,L,2011-12
0041100177,2012-05-13,LAC @ MEM,1610612746,LAC,W,2011-12
0041100212,2012-05-14,PHI @ BOS,1610612755,PHI,W,2011-12
0041100212,2012-05-14,BOS vs. PHI,1610612738,BOS,L,2011-12
0041100231,2012-05-14,OKC vs. LAL,1610612760,OKC,W,2011-12
0041100231,2012-05-14,LAL @ OKC,1610612747,LAL,L,2011-12
0041100202,2012-05-15,IND @ MIA,1610612754,IND,W,2011-12
0041100202,2012-05-15,MIA vs. IND,1610612748,MIA,L,2011-12
0041100221,2012-05-15,SAS vs. LAC,1610612759,SAS,W,2011-12
0041100221,2012-05-15,LAC @ SAS,1610612746,LAC,L,2011-12
0041100232,2012-05-16,LAL @ OKC,1610612747,LAL,L,2011-12
0041100232,2012-05-16,OKC vs. LAL,1610612760,OKC,W,2011-12
0041100213,2012-05-16,PHI vs. BOS,1610612755,PHI,L,2011-12
0041100213,2012-05-16,BOS @ PHI,1610612738,BOS,W,2011-12
0041100222,2012-05-17,LAC @ SAS,1610612746,LAC,L,2011-12
0041100203,2012-05-17,MIA @ IND,1610612748,MIA,L,2011-12
0041100203,2012-05-17,IND vs. MIA,1610612754,IND,W,2011-12
0041100222,2012-05-17,SAS vs. LAC,1610612759,SAS,W,2011-12
0041100214,2012-05-18,BOS @ PHI,1610612738,BOS,L,2011-12
0041100233,2012-05-18,OKC @ LAL,1610612760,OKC,L,2011-12
0041100233,2012-05-18,LAL vs. OKC,1610612747,LAL,W,2011-12
0041100214,2012-05-18,PHI vs. BOS,1610612755,PHI,W,2011-12
0041100234,2012-05-19,LAL vs. OKC,1610612747,LAL,L,2011-12
0041100223,2012-05-19,LAC vs. SAS,1610612746,LAC,L,2011-12
0041100223,2012-05-19,SAS @ LAC,1610612759,SAS,W,2011-12
0041100234,2012-05-19,OKC @ LAL,1610612760,OKC,W,2011-12
0041100224,2012-05-20,SAS @ LAC,1610612759,SAS,W,2011-12
0041100204,2012-05-20,IND vs. MIA,1610612754,IND,L,2011-12
0041100204,2012-05-20,MIA @ IND,1610612748,MIA,W,2011-12
0041100224,2012-05-20,LAC vs. SAS,1610612746,LAC,L,2011-12
0041100215,2012-05-21,PHI @ BOS,1610612755,PHI,L,2011-12
0041100235,2012-05-21,OKC vs. LAL,1610612760,OKC,W,2011-12
0041100235,2012-05-21,LAL @ OKC,1610612747,LAL,L,2011-12
0041100215,2012-05-21,BOS vs. PHI,1610612738,BOS,W,2011-12
0041100205,2012-05-22,MIA vs. IND,1610612748,MIA,W,2011-12
0041100205,2012-05-22,IND @ MIA,1610612754,IND,L,2011-12
0041100216,2012-05-23,PHI vs. BOS,1610612755,PHI,W,2011-12
0041100216,2012-05-23,BOS @ PHI,1610612738,BOS,L,2011-12
0041100206,2012-05-24,MIA @ IND,1610612748,MIA,W,2011-12
0041100206,2012-05-24,IND vs. MIA,1610612754,IND,L,2011-12
0041100217,2012-05-26,BOS vs. PHI,1610612738,BOS,W,2011-12
0041100217,2012-05-26,PHI @ BOS,1610612755,PHI,L,2011-12
0041100311,2012-05-27,SAS vs. OKC,1610612759,SAS,W,2011-12
0041100311,2012-05-27,OKC @ SAS,1610612760,OKC,L,2011-12
0041100301,2012-05-28,MIA vs. BOS,1610612748,MIA,W,2011-12
0041100301,2012-05-28,BOS @ MIA,1610612738,BOS,L,2011-12
0041100312,2012-05-29,SAS vs. OKC,1610612759,SAS,W,2011-12
0041100312,2012-05-29,OKC @ SAS,1610612760,OKC,L,2011-12
0041100302,2012-05-30,BOS @ MIA,1610612738,BOS,L,2011-12
0041100302,2012-05-30,MIA vs. BOS,1610612748,MIA,W,2011-12
0041100313,2012-05-31,SAS @ OKC,1610612759,SAS,L,2011-12
0041100313,2012-05-31,OKC vs. SAS,1610612760,OKC,W,2011-12
0041100303,2012-06-01,MIA @ BOS,1610612748,MIA,L,2011-12
0041100303,2012-06-01,BOS vs. MIA,1610612738,BOS,W,2011-12
0041100314,2012-06-02,OKC vs. SAS,1610612760,OKC,W,2011-12
0041100314,2012-06-02,SAS @ OKC,1610612759,SAS,L,2011-12
0041100304,2012-06-03,BOS vs. MIA,1610612738,BOS,W,2011-12
0041100304,2012-06-03,MIA @ BOS,1610612748,MIA,L,2011-12
0041100315,2012-06-04,OKC @ SAS,1610612760,OKC,W,2011-12
0041100315,2012-06-04,SAS vs. OKC,1610612759,SAS,L,2011-12
0041100305,2012-06-05,MIA vs. BOS,1610612748,MIA,L,2011-12
0041100305,2012-06-05,BOS @ MIA,1610612738,BOS,W,2011-12
0041100316,2012-06-06,OKC vs. SAS,1610612760,OKC,W,2011-12
0041100316,2012-06-06,SAS @ OKC,1610612759,SAS,L,2011-12
0041100306,2012-06-07,MIA @ BOS,1610612748,MIA,W,2011-12
0041100306,2012-06-07,BOS vs. MIA,1610612738,BOS,L,2011-12
0041100307,2012-06-09,BOS @ MIA,1610612738,BOS,L,2011-12
0041100307,2012-06-09,MIA vs. BOS,1610612748,MIA,W,2011-12
0041100401,2012-06-12,OKC vs. MIA,1610612760,OKC,W,2011-12
0041100401,2012-06-12,MIA @ OKC,1610612748,MIA,L,2011-12
0041100402,2012-06-14,OKC vs. MIA,1610612760,OKC,L,2011-12
0041100402,2012-06-14,MIA @ OKC,1610612748,MIA,W,2011-12
0041100403,2012-06-17,OKC @ MIA,1610612760,OKC,L,2011-12
0041100403,2012-06-17,MIA vs. OKC,1610612748,MIA,W,2011-12
0041100404,2012-06-19,MIA vs. OKC,1610612748,MIA,W,2011-12
0041100404,2012-06-19,OKC @ MIA,1610612760,OKC,L,2011-12
0041100405,2012-06-21,MIA vs. OKC,1610612748,MIA,W,2011-12
0041100405,2012-06-21,OKC @ MIA,1610612760,OKC,L,2011-12
0041200131,2013-04-20,BKN vs. CHI,1610612751,BKN,W,2012-13
0041200111,2013-04-20,NYK vs. BOS,1610612752,NYK,W,2012-13
0041200171,2013-04-20,LAC vs. MEM,1610612746,LAC,W,2012-13
0041200171,2013-04-20,MEM @ LAC,1610612763,MEM,L,2012-13
0041200111,2013-04-20,BOS @ NYK,1610612738,BOS,L,2012-13
0041200161,2013-04-20,GSW @ DEN,1610612744,GSW,L,2012-13
0041200161,2013-04-20,DEN vs. GSW,1610612743,DEN,W,2012-13
0041200131,2013-04-20,CHI @ BKN,1610612741,CHI,L,2012-13
0041200141,2013-04-21,OKC vs. HOU,1610612760,OKC,W,2012-13
0041200101,2013-04-21,MIL @ MIA,1610612749,MIL,L,2012-13
0041200141,2013-04-21,HOU @ OKC,1610612745,HOU,L,2012-13
0041200101,2013-04-21,MIA vs. MIL,1610612748,MIA,W,2012-13
0041200151,2013-04-21,SAS vs. LAL,1610612759,SAS,W,2012-13
0041200151,2013-04-21,LAL @ SAS,1610612747,LAL,L,2012-13
0041200121,2013-04-21,IND vs. ATL,1610612754,IND,W,2012-13
0041200121,2013-04-21,ATL @ IND,1610612737,ATL,L,2012-13
0041200172,2013-04-22,MEM @ LAC,1610612763,MEM,L,2012-13
0041200172,2013-04-22,LAC vs. MEM,1610612746,LAC,W,2012-13
0041200132,2013-04-22,CHI @ BKN,1610612741,CHI,W,2012-13
0041200132,2013-04-22,BKN vs. CHI,1610612751,BKN,L,2012-13
0041200162,2013-04-23,DEN vs. GSW,1610612743,DEN,L,2012-13
0041200102,2013-04-23,MIA vs. MIL,1610612748,MIA,W,2012-13
0041200162,2013-04-23,GSW @ DEN,1610612744,GSW,W,2012-13
0041200112,2013-04-23,NYK vs. BOS,1610612752,NYK,W,2012-13
0041200112,2013-04-23,BOS @ NYK,1610612738,BOS,L,2012-13
0041200102,2013-04-23,MIL @ MIA,1610612749,MIL,L,2012-13
0041200152,2013-04-24,SAS vs. LAL,1610612759,SAS,W,2012-13
0041200152,2013-04-24,LAL @ SAS,1610612747,LAL,L,2012-13
0041200122,2013-04-24,ATL @ IND,1610612737,ATL,L,2012-13
0041200122,2013-04-24,IND vs. ATL,1610612754,IND,W,2012-13
0041200142,2013-04-24,HOU @ OKC,1610612745,HOU,L,2012-13
0041200142,2013-04-24,OKC vs. HOU,1610612760,OKC,W,2012-13
0041200133,2013-04-25,CHI vs. BKN,1610612741,CHI,W,2012-13
0041200173,2013-04-25,MEM vs. LAC,1610612763,MEM,W,2012-13
0041200103,2013-04-25,MIA @ MIL,1610612748,MIA,W,2012-13
0041200133,2013-04-25,BKN @ CHI,1610612751,BKN,L,2012-13
0041200103,2013-04-25,MIL vs. MIA,1610612749,MIL,L,2012-13
0041200173,2013-04-25,LAC @ MEM,1610612746,LAC,L,2012-13
0041200113,2013-04-26,NYK @ BOS,1610612752,NYK,W,2012-13
0041200153,2013-04-26,SAS @ LAL,1610612759,SAS,W,2012-13
0041200163,2013-04-26,GSW vs. DEN,1610612744,GSW,W,2012-13
0041200113,2013-04-26,BOS vs. NYK,1610612738,BOS,L,2012-13
0041200153,2013-04-26,LAL vs. SAS,1610612747,LAL,L,2012-13
0041200163,2013-04-26,DEN @ GSW,1610612743,DEN,L,2012-13
0041200143,2013-04-27,OKC @ HOU,1610612760,OKC,W,2012-13
0041200134,2013-04-27,CHI vs. BKN,1610612741,CHI,W,2012-13
0041200174,2013-04-27,MEM vs. LAC,1610612763,MEM,W,2012-13
0041200134,2013-04-27,BKN @ CHI,1610612751,BKN,L,2012-13
0041200123,2013-04-27,ATL vs. IND,1610612737,ATL,W,2012-13
0041200143,2013-04-27,HOU vs. OKC,1610612745,HOU,L,2012-13
0041200174,2013-04-27,LAC @ MEM,1610612746,LAC,L,2012-13
0041200123,2013-04-27,IND @ ATL,1610612754,IND,L,2012-13
0041200164,2013-04-28,DEN @ GSW,1610612743,DEN,L,2012-13
0041200114,2013-04-28,BOS vs. NYK,1610612738,BOS,W,2012-13
0041200154,2013-04-28,LAL vs. SAS,1610612747,LAL,L,2012-13
0041200154,2013-04-28,SAS @ LAL,1610612759,SAS,W,2012-13
0041200164,2013-04-28,GSW vs. DEN,1610612744,GSW,W,2012-13
0041200114,2013-04-28,NYK @ BOS,1610612752,NYK,L,2012-13
0041200104,2013-04-28,MIA @ MIL,1610612748,MIA,W,2012-13
0041200104,2013-04-28,MIL vs. MIA,1610612749,MIL,L,2012-13
0041200144,2013-04-29,OKC @ HOU,1610612760,OKC,L,2012-13
0041200144,2013-04-29,HOU vs. OKC,1610612745,HOU,W,2012-13
0041200135,2013-04-29,CHI @ BKN,1610612741,CHI,L,2012-13
0041200135,2013-04-29,BKN vs. CHI,1610612751,BKN,W,2012-13
0041200124,2013-04-29,IND @ ATL,1610612754,IND,L,2012-13
0041200124,2013-04-29,ATL vs. IND,1610612737,ATL,W,2012-13
0041200165,2013-04-30,DEN vs. GSW,1610612743,DEN,W,2012-13
0041200175,2013-04-30,MEM @ LAC,1610612763,MEM,W,2012-13
0041200165,2013-04-30,GSW @ DEN,1610612744,GSW,L,2012-13
0041200175,2013-04-30,LAC vs. MEM,1610612746,LAC,L,2012-13
0041200115,2013-05-01,NYK vs. BOS,1610612752,NYK,L,2012-13
0041200125,2013-05-01,IND vs. ATL,1610612754,IND,W,2012-13
0041200125,2013-05-01,ATL @ IND,1610612737,ATL,L,2012-13
0041200145,2013-05-01,HOU @ OKC,1610612745,HOU,W,2012-13
0041200115,2013-05-01,BOS @ NYK,1610612738,BOS,W,2012-13
0041200145,2013-05-01,OKC vs. HOU,1610612760,OKC,L,2012-13
0041200166,2013-05-02,GSW vs. DEN,1610612744,GSW,W,2012-13
0041200166,2013-05-02,DEN @ GSW,1610612743,DEN,L,2012-13
0041200136,2013-05-02,BKN @ CHI,1610612751,BKN,W,2012-13
0041200136,2013-05-02,CHI vs. BKN,1610612741,CHI,L,2012-13
0041200176,2013-05-03,MEM vs. LAC,1610612763,MEM,W,2012-13
0041200116,2013-05-03,BOS vs. NYK,1610612738,BOS,L,2012-13
0041200126,2013-05-03,ATL vs. IND,1610612737,ATL,L,2012-13
0041200146,2013-05-03,HOU vs. OKC,1610612745,HOU,L,2012-13
0041200116,2013-05-03,NYK @ BOS,1610612752,NYK,W,2012-13
0041200146,2013-05-03,OKC @ HOU,1610612760,OKC,W,2012-13
0041200126,2013-05-03,IND @ ATL,1610612754,IND,W,2012-13
0041200176,2013-05-03,LAC @ MEM,1610612746,LAC,L,2012-13
0041200137,2013-05-04,CHI @ BKN,1610612741,CHI,W,2012-13
0041200137,2013-05-04,BKN vs. CHI,1610612751,BKN,L,2012-13
0041200211,2013-05-05,IND @ NYK,1610612754,IND,W,2012-13
0041200221,2013-05-05,MEM @ OKC,1610612763,MEM,L,2012-13
0041200211,2013-05-05,NYK vs. IND,1610612752,NYK,L,2012-13
0041200221,2013-05-05,OKC vs. MEM,1610612760,OKC,W,2012-13
0041200231,2013-05-06,SAS vs. GSW,1610612759,SAS,W,2012-13
0041200201,2013-05-06,MIA vs. CHI,1610612748,MIA,L,2012-13
0041200231,2013-05-06,GSW @ SAS,1610612744,GSW,L,2012-13
0041200201,2013-05-06,CHI @ MIA,1610612741,CHI,W,2012-13
0041200222,2013-05-07,MEM @ OKC,1610612763,MEM,W,2012-13
0041200212,2013-05-07,IND @ NYK,1610612754,IND,L,2012-13
0041200212,2013-05-07,NYK vs. IND,1610612752,NYK,W,2012-13
0041200222,2013-05-07,OKC vs. MEM,1610612760,OKC,L,2012-13
0041200232,2013-05-08,GSW @ SAS,1610612744,GSW,W,2012-13
0041200202,2013-05-08,CHI @ MIA,1610612741,CHI,L,2012-13
0041200202,2013-05-08,MIA vs. CHI,1610612748,MIA,W,2012-13
0041200232,2013-05-08,SAS vs. GSW,1610612759,SAS,L,2012-13
0041200203,2013-05-10,CHI vs. MIA,1610612741,CHI,L,2012-13
0041200203,2013-05-10,MIA @ CHI,1610612748,MIA,W,2012-13
0041200233,2013-05-10,SAS @ GSW,1610612759,SAS,W,2012-13
0041200233,2013-05-10,GSW vs. SAS,1610612744,GSW,L,2012-13
0041200223,2013-05-11,OKC @ MEM,1610612760,OKC,L,2012-13
0041200223,2013-05-11,MEM vs. OKC,1610612763,MEM,W,2012-13
0041200213,2013-05-11,NYK @ IND,1610612752,NYK,L,2012-13
0041200213,2013-05-11,IND vs. NYK,1610612754,IND,W,2012-13
0041200234,2013-05-12,GSW vs. SAS,1610612744,GSW,W,2012-13
0041200234,2013-05-12,SAS @ GSW,1610612759,SAS,L,2012-13
0041200224,2013-05-13,MEM vs. OKC,1610612763,MEM,W,2012-13
0041200204,2013-05-13,CHI vs. MIA,1610612741,CHI,L,2012-13
0041200224,2013-05-13,OKC @ MEM,1610612760,OKC,L,2012-13
0041200204,2013-05-13,MIA @ CHI,1610612748,MIA,W,2012-13
0041200214,2013-05-14,NYK @ IND,1610612752,NYK,L,2012-13
0041200235,2013-05-14,SAS vs. GSW,1610612759,SAS,W,2012-13
0041200235,2013-05-14,GSW @ SAS,1610612744,GSW,L,2012-13
0041200214,2013-05-14,IND vs. NYK,1610612754,IND,W,2012-13
0041200205,2013-05-15,CHI @ MIA,1610612741,CHI,L,2012-13
0041200205,2013-05-15,MIA vs. CHI,1610612748,MIA,W,2012-13
0041200225,2013-05-15,MEM @ OKC,1610612763,MEM,W,2012-13
0041200225,2013-05-15,OKC vs. MEM,1610612760,OKC,L,2012-13
0041200215,2013-05-16,NYK vs. IND,1610612752,NYK,W,2012-13
0041200215,2013-05-16,IND @ NYK,1610612754,IND,L,2012-13
0041200236,2013-05-16,SAS @ GSW,1610612759,SAS,W,2012-13
0041200236,2013-05-16,GSW vs. SAS,1610612744,GSW,L,2012-13
0041200216,2013-05-18,IND vs. NYK,1610612754,IND,W,2012-13
0041200216,2013-05-18,NYK @ IND,1610612752,NYK,L,2012-13
0041200311,2013-05-19,MEM @ SAS,1610612763,MEM,L,2012-13
0041200311,2013-05-19,SAS vs. MEM,1610612759,SAS,W,2012-13
0041200312,2013-05-21,MEM @ SAS,1610612763,MEM,L,2012-13
0041200312,2013-05-21,SAS vs. MEM,1610612759,SAS,W,2012-13
0041200301,2013-05-22,IND @ MIA,1610612754,IND,L,2012-13
0041200301,2013-05-22,MIA vs. IND,1610612748,MIA,W,2012-13
0041200302,2013-05-24,MIA vs. IND,1610612748,MIA,L,2012-13
0041200302,2013-05-24,IND @ MIA,1610612754,IND,W,2012-13
0041200313,2013-05-25,MEM vs. SAS,1610612763,MEM,L,2012-13
0041200313,2013-05-25,SAS @ MEM,1610612759,SAS,W,2012-13
0041200303,2013-05-26,IND vs. MIA,1610612754,IND,L,2012-13
0041200303,2013-05-26,MIA @ IND,1610612748,MIA,W,2012-13
0041200314,2013-05-27,SAS @ MEM,1610612759,SAS,W,2012-13
0041200314,2013-05-27,MEM vs. SAS,1610612763,MEM,L,2012-13
0041200304,2013-05-28,IND vs. MIA,1610612754,IND,W,2012-13
0041200304,2013-05-28,MIA @ IND,1610612748,MIA,L,2012-13
0041200305,2013-05-30,IND @ MIA,1610612754,IND,L,2012-13
0041200305,2013-05-30,MIA vs. IND,1610612748,MIA,W,2012-13
0041200306,2013-06-01,MIA @ IND,1610612748,MIA,L,2012-13
0041200306,2013-06-01,IND vs. MIA,1610612754,IND,W,2012-13
0041200307,2013-06-03,IND @ MIA,1610612754,IND,L,2012-13
0041200307,2013-06-03,MIA vs. IND,1610612748,MIA,W,2012-13
0041200401,2013-06-06,SAS @ MIA,1610612759,SAS,W,2012-13
0041200401,2013-06-06,MIA vs. SAS,1610612748,MIA,L,2012-13
0041200402,2013-06-09,SAS @ MIA,1610612759,SAS,L,2012-13
0041200402,2013-06-09,MIA vs. SAS,1610612748,MIA,W,2012-13
0041200403,2013-06-11,SAS vs. MIA,1610612759,SAS,W,2012-13
0041200403,2013-06-11,MIA @ SAS,1610612748,MIA,L,2012-13
0041200404,2013-06-13,MIA @ SAS,1610612748,MIA,W,2012-13
0041200404,2013-06-13,SAS vs. MIA,1610612759,SAS,L,2012-13
0041200405,2013-06-16,MIA @ SAS,1610612748,MIA,L,2012-13
0041200405,2013-06-16,SAS vs. MIA,1610612759,SAS,W,2012-13
0041200406,2013-06-18,SAS @ MIA,1610612759,SAS,L,2012-13
0041200406,2013-06-18,MIA vs. SAS,1610612748,MIA,W,2012-13
0041200407,2013-06-20,MIA vs. SAS,1610612748,MIA,W,2012-13
0041200407,2013-06-20,SAS @ MIA,1610612759,SAS,L,2012-13
0041300121,2014-04-19,TOR vs. BKN,1610612761,TOR,L,2013-14
0041300161,2014-04-19,LAC vs. GSW,1610612746,LAC,L,2013-14
0041300151,2014-04-19,MEM @ OKC,1610612763,MEM,L,2013-14
0041300101,2014-04-19,IND vs. ATL,1610612754,IND,L,2013-14
0041300121,2014-04-19,BKN @ TOR,1610612751,BKN,W,2013-14
0041300161,2014-04-19,GSW @ LAC,1610612744,GSW,W,2013-14
0041300151,2014-04-19,OKC vs. MEM,1610612760,OKC,W,2013-14
0041300101,2014-04-19,ATL @ IND,1610612737,ATL,W,2013-14
0041300141,2014-04-20,SAS vs. DAL,1610612759,SAS,W,2013-14
0041300171,2014-04-20,POR @ HOU,1610612757,POR,W,2013-14
0041300131,2014-04-20,WAS @ CHI,1610612764,WAS,W,2013-14
0041300141,2014-04-20,DAL @ SAS,1610612742,DAL,L,2013-14
0041300131,2014-04-20,CHI vs. WAS,1610612741,CHI,L,2013-14
0041300171,2014-04-20,HOU vs. POR,1610612745,HOU,L,2013-14
0041300111,2014-04-20,CHA @ MIA,1610612766,CHA,L,2013-14
0041300111,2014-04-20,MIA vs. CHA,1610612748,MIA,W,2013-14
0041300152,2014-04-21,MEM @ OKC,1610612763,MEM,W,2013-14
0041300162,2014-04-21,LAC vs. GSW,1610612746,LAC,W,2013-14
0041300162,2014-04-21,GSW @ LAC,1610612744,GSW,L,2013-14
0041300152,2014-04-21,OKC vs. MEM,1610612760,OKC,L,2013-14
0041300102,2014-04-22,IND vs. ATL,1610612754,IND,W,2013-14
0041300132,2014-04-22,WAS @ CHI,1610612764,WAS,W,2013-14
0041300102,2014-04-22,ATL @ IND,1610612737,ATL,L,2013-14
0041300122,2014-04-22,TOR vs. BKN,1610612761,TOR,W,2013-14
0041300122,2014-04-22,BKN @ TOR,1610612751,BKN,L,2013-14
0041300132,2014-04-22,CHI vs. WAS,1610612741,CHI,L,2013-14
0041300172,2014-04-23,HOU vs. POR,1610612745,HOU,L,2013-14
0041300112,2014-04-23,MIA vs. CHA,1610612748,MIA,W,2013-14
0041300172,2014-04-23,POR @ HOU,1610612757,POR,W,2013-14
0041300142,2014-04-23,DAL @ SAS,1610612742,DAL,W,2013-14
0041300112,2014-04-23,CHA @ MIA,1610612766,CHA,L,2013-14
0041300142,2014-04-23,SAS vs. DAL,1610612759,SAS,L,2013-14
0041300153,2014-04-24,MEM vs. OKC,1610612763,MEM,W,2013-14
0041300103,2014-04-24,IND @ ATL,1610612754,IND,L,2013-14
0041300163,2014-04-24,LAC @ GSW,1610612746,LAC,W,2013-14
0041300163,2014-04-24,GSW vs. LAC,1610612744,GSW,L,2013-14
0041300103,2014-04-24,ATL vs. IND,1610612737,ATL,W,2013-14
0041300153,2014-04-24,OKC @ MEM,1610612760,OKC,L,2013-14
0041300123,2014-04-25,BKN vs. TOR,1610612751,BKN,W,2013-14
0041300133,2014-04-25,CHI @ WAS,1610612741,CHI,W,2013-14
0041300133,2014-04-25,WAS vs. CHI,1610612764,WAS,L,2013-14
0041300173,2014-04-25,HOU @ POR,1610612745,HOU,W,2013-14
0041300123,2014-04-25,TOR @ BKN,1610612761,TOR,L,2013-14
0041300173,2014-04-25,POR vs. HOU,1610612757,POR,L,2013-14
0041300143,2014-04-26,DAL vs. SAS,1610612742,DAL,W,2013-14
0041300113,2014-04-26,MIA @ CHA,1610612748,MIA,W,2013-14
0041300143,2014-04-26,SAS @ DAL,1610612759,SAS,L,2013-14
0041300104,2014-04-26,IND @ ATL,1610612754,IND,W,2013-14
0041300154,2014-04-26,MEM vs. OKC,1610612763,MEM,L,2013-14
0041300113,2014-04-26,CHA vs. MIA,1610612766,CHA,L,2013-14
0041300104,2014-04-26,ATL vs. IND,1610612737,ATL,L,2013-14
0041300154,2014-04-26,OKC @ MEM,1610612760,OKC,W,2013-14
0041300164,2014-04-27,GSW vs. LAC,1610612744,GSW,W,2013-14
0041300174,2014-04-27,POR vs. HOU,1610612757,POR,W,2013-14
0041300164,2014-04-27,LAC @ GSW,1610612746,LAC,L,2013-14
0041300134,2014-04-27,CHI @ WAS,1610612741,CHI,L,2013-14
0041300174,2014-04-27,HOU @ POR,1610612745,HOU,L,2013-14
0041300124,2014-04-27,TOR @ BKN,1610612761,TOR,W,2013-14
0041300124,2014-04-27,BKN vs. TOR,1610612751,BKN,L,2013-14
0041300134,2014-04-27,WAS vs. CHI,1610612764,WAS,W,2013-14
0041300114,2014-04-28,CHA vs. MIA,1610612766,CHA,L,2013-14
0041300144,2014-04-28,SAS @ DAL,1610612759,SAS,W,2013-14
0041300114,2014-04-28,MIA @ CHA,1610612748,MIA,W,2013-14
0041300144,2014-04-28,DAL vs. SAS,1610612742,DAL,L,2013-14
0041300105,2014-04-28,IND vs. ATL,1610612754,IND,L,2013-14
0041300105,2014-04-28,ATL @ IND,1610612737,ATL,W,2013-14
0041300165,2014-04-29,LAC vs. GSW,1610612746,LAC,W,2013-14
0041300165,2014-04-29,GSW @ LAC,1610612744,GSW,L,2013-14
0041300135,2014-04-29,WAS @ CHI,1610612764,WAS,W,2013-14
0041300135,2014-04-29,CHI vs. WAS,1610612741,CHI,L,2013-14
0041300155,2014-04-29,OKC vs. MEM,1610612760,OKC,L,2013-14
0041300155,2014-04-29,MEM @ OKC,1610612763,MEM,W,2013-14
0041300145,2014-04-30,DAL @ SAS,1610612742,DAL,L,2013-14
0041300125,2014-04-30,BKN @ TOR,1610612751,BKN,L,2013-14
0041300145,2014-04-30,SAS vs. DAL,1610612759,SAS,W,2013-14
0041300125,2014-04-30,TOR vs. BKN,1610612761,TOR,W,2013-14
0041300175,2014-04-30,HOU vs. POR,1610612745,HOU,W,2013-14
0041300175,2014-04-30,POR @ HOU,1610612757,POR,L,2013-14
0041300156,2014-05-01,OKC @ MEM,1610612760,OKC,W,2013-14
0041300166,2014-05-01,LAC @ GSW,1610612746,LAC,L,2013-14
0041300106,2014-05-01,ATL vs. IND,1610612737,ATL,L,2013-14
0041300166,2014-05-01,GSW vs. LAC,1610612744,GSW,W,2013-14
0041300156,2014-05-01,MEM vs. OKC,1610612763,MEM,L,2013-14
0041300106,2014-05-01,IND @ ATL,1610612754,IND,W,2013-14
0041300176,2014-05-02,HOU @ POR,1610612745,HOU,L,2013-14
0041300126,2014-05-02,BKN vs. TOR,1610612751,BKN,W,2013-14
0041300176,2014-05-02,POR vs. HOU,1610612757,POR,W,2013-14
0041300146,2014-05-02,DAL vs. SAS,1610612742,DAL,W,2013-14
0041300126,2014-05-02,TOR @ BKN,1610612761,TOR,L,2013-14
0041300146,2014-05-02,SAS @ DAL,1610612759,SAS,L,2013-14
0041300107,2014-05-03,ATL @ IND,1610612737,ATL,L,2013-14
0041300167,2014-05-03,LAC vs. GSW,1610612746,LAC,W,2013-14
0041300167,2014-05-03,GSW @ LAC,1610612744,GSW,L,2013-14
0041300157,2014-05-03,OKC vs. MEM,1610612760,OKC,W,2013-14
0041300107,2014-05-03,IND vs. ATL,1610612754,IND,W,2013-14
0041300157,2014-05-03,MEM @ OKC,1610612763,MEM,L,2013-14
0041300127,2014-05-04,TOR vs. BKN,1610612761,TOR,L,2013-14
0041300147,2014-05-04,SAS vs. DAL,1610612759,SAS,W,2013-14
0041300127,2014-05-04,BKN @ TOR,1610612751,BKN,W,2013-14
0041300147,2014-05-04,DAL @ SAS,1610612742,DAL,L,2013-14
0041300231,2014-05-05,LAC @ OKC,1610612746,LAC,W,2013-14
0041300231,2014-05-05,OKC vs. LAC,1610612760,OKC,L,2013-14
0041300201,2014-05-05,IND vs. WAS,1610612754,IND,L,2013-14
0041300201,2014-05-05,WAS @ IND,1610612764,WAS,W,2013-14
0041300211,2014-05-06,BKN @ MIA,1610612751,BKN,L,2013-14
0041300221,2014-05-06,SAS vs. POR,1610612759,SAS,W,2013-14
0041300211,2014-05-06,MIA vs. BKN,1610612748,MIA,W,2013-14
0041300221,2014-05-06,POR @ SAS,1610612757,POR,L,2013-14
0041300202,2014-05-07,IND vs. WAS,1610612754,IND,W,2013-14
0041300202,2014-05-07,WAS @ IND,1610612764,WAS,L,2013-14
0041300232,2014-05-07,LAC @ OKC,1610612746,LAC,L,2013-14
0041300232,2014-05-07,OKC vs. LAC,1610612760,OKC,W,2013-14
0041300212,2014-05-08,MIA vs. BKN,1610612748,MIA,W,2013-14
0041300222,2014-05-08,POR @ SAS,1610612757,POR,L,2013-14
0041300212,2014-05-08,BKN @ MIA,1610612751,BKN,L,2013-14
0041300222,2014-05-08,SAS vs. POR,1610612759,SAS,W,2013-14
0041300233,2014-05-09,LAC vs. OKC,1610612746,LAC,L,2013-14
0041300203,2014-05-09,WAS vs. IND,1610612764,WAS,L,2013-14
0041300203,2014-05-09,IND @ WAS,1610612754,IND,W,2013-14
0041300233,2014-05-09,OKC @ LAC,1610612760,OKC,W,2013-14
0041300223,2014-05-10,POR vs. SAS,1610612757,POR,L,2013-14
0041300223,2014-05-10,SAS @ POR,1610612759,SAS,W,2013-14
0041300213,2014-05-10,MIA @ BKN,1610612748,MIA,L,2013-14
0041300213,2014-05-10,BKN vs. MIA,1610612751,BKN,W,2013-14
0041300204,2014-05-11,WAS vs. IND,1610612764,WAS,L,2013-14
0041300234,2014-05-11,LAC vs. OKC,1610612746,LAC,W,2013-14
0041300234,2014-05-11,OKC @ LAC,1610612760,OKC,L,2013-14
0041300204,2014-05-11,IND @ WAS,1610612754,IND,W,2013-14
0041300214,2014-05-12,BKN vs. MIA,1610612751,BKN,L,2013-14
0041300214,2014-05-12,MIA @ BKN,1610612748,MIA,W,2013-14
0041300224,2014-05-12,SAS @ POR,1610612759,SAS,L,2013-14
0041300224,2014-05-12,POR vs. SAS,1610612757,POR,W,2013-14
0041300235,2014-05-13,LAC @ OKC,1610612746,LAC,L,2013-14
0041300205,2014-05-13,IND vs. WAS,1610612754,IND,L,2013-14
0041300205,2014-05-13,WAS @ IND,1610612764,WAS,W,2013-14
0041300235,2014-05-13,OKC vs. LAC,1610612760,OKC,W,2013-14
0041300225,2014-05-14,POR @ SAS,1610612757,POR,L,2013-14
0041300215,2014-05-14,MIA vs. BKN,1610612748,MIA,W,2013-14
0041300225,2014-05-14,SAS vs. POR,1610612759,SAS,W,2013-14
0041300215,2014-05-14,BKN @ MIA,1610612751,BKN,L,2013-14
0041300236,2014-05-15,OKC @ LAC,1610612760,OKC,W,2013-14
0041300236,2014-05-15,LAC vs. OKC,1610612746,LAC,L,2013-14
0041300206,2014-05-15,WAS vs. IND,1610612764,WAS,L,2013-14
0041300206,2014-05-15,IND @ WAS,1610612754,IND,W,2013-14
0041300301,2014-05-18,IND vs. MIA,1610612754,IND,W,2013-14
0041300301,2014-05-18,MIA @ IND,1610612748,MIA,L,2013-14
0041300311,2014-05-19,SAS vs. OKC,1610612759,SAS,W,2013-14
0041300311,2014-05-19,OKC @ SAS,1610612760,OKC,L,2013-14
0041300302,2014-05-20,IND vs. MIA,1610612754,IND,L,2013-14
0041300302,2014-05-20,MIA @ IND,1610612748,MIA,W,2013-14
0041300312,2014-05-21,OKC @ SAS,1610612760,OKC,L,2013-14
0041300312,2014-05-21,SAS vs. OKC,1610612759,SAS,W,2013-14
0041300303,2014-05-24,IND @ MIA,1610612754,IND,L,2013-14
0041300303,2014-05-24,MIA vs. IND,1610612748,MIA,W,2013-14
0041300313,2014-05-25,OKC vs. SAS,1610612760,OKC,W,2013-14
0041300313,2014-05-25,SAS @ OKC,1610612759,SAS,L,2013-14
0041300304,2014-05-26,MIA vs. IND,1610612748,MIA,W,2013-14
0041300304,2014-05-26,IND @ MIA,1610612754,IND,L,2013-14
0041300314,2014-05-27,OKC vs. SAS,1610612760,OKC,W,2013-14
0041300314,2014-05-27,SAS @ OKC,1610612759,SAS,L,2013-14
0041300305,2014-05-28,IND vs. MIA,1610612754,IND,W,2013-14
0041300305,2014-05-28,MIA @ IND,1610612748,MIA,L,2013-14
0041300315,2014-05-29,OKC @ SAS,1610612760,OKC,L,2013-14
0041300315,2014-05-29,SAS vs. OKC,1610612759,SAS,W,2013-14
0041300306,2014-05-30,MIA vs. IND,1610612748,MIA,W,2013-14
0041300306,2014-05-30,IND @ MIA,1610612754,IND,L,2013-14
0041300316,2014-05-31,OKC vs. SAS,1610612760,OKC,L,2013-14
0041300316,2014-05-31,SAS @ OKC,1610612759,SAS,W,2013-14
0041300401,2014-06-05,SAS vs. MIA,1610612759,SAS,W,2013-14
0041300401,2014-06-05,MIA @ SAS,1610612748,MIA,L,2013-14
0041300402,2014-06-08,SAS vs. MIA,1610612759,SAS,L,2013-14
0041300402,2014-06-08,MIA @ SAS,1610612748,MIA,W,2013-14
0041300403,2014-06-10,MIA vs. SAS,1610612748,MIA,L,2013-14
0041300403,2014-06-10,SAS @ MIA,1610612759,SAS,W,2013-14
0041300404,2014-06-12,MIA vs. SAS,1610612748,MIA,L,2013-14
0041300404,2014-06-12,SAS @ MIA,1610612759,SAS,W,2013-14
0041300405,2014-06-15,MIA @ SAS,1610612748,MIA,L,2013-14
0041300405,2014-06-15,SAS vs. MIA,1610612759,SAS,W,2013-14
0041400121,2015-04-18,MIL @ CHI,1610612749,MIL,L,2014-15
0041400141,2015-04-18,NOP @ GSW,1610612740,NOP,L,2014-15
0041400131,2015-04-18,TOR vs. WAS,1610612761,TOR,L,2014-15
0041400131,2015-04-18,WAS @ TOR,1610612764,WAS,W,2014-15
0041400121,2015-04-18,CHI vs. MIL,1610612741,CHI,W,2014-15
0041400151,2015-04-18,HOU vs. DAL,1610612745,HOU,W,2014-15
0041400151,2015-04-18,DAL @ HOU,1610612742,DAL,L,2014-15
0041400141,2015-04-18,GSW vs. NOP,1610612744,GSW,W,2014-15
0041400101,2015-04-19,ATL vs. BKN,1610612737,ATL,W,2014-15
0041400161,2015-04-19,LAC vs. SAS,1610612746,LAC,W,2014-15
0041400161,2015-04-19,SAS @ LAC,1610612759,SAS,L,2014-15
0041400111,2015-04-19,CLE vs. BOS,1610612739,CLE,W,2014-15
0041400101,2015-04-19,BKN @ ATL,1610612751,BKN,L,2014-15
0041400111,2015-04-19,BOS @ CLE,1610612738,BOS,L,2014-15
0041400171,2015-04-19,MEM vs. POR,1610612763,MEM,W,2014-15
0041400171,2015-04-19,POR @ MEM,1610612757,POR,L,2014-15
0041400122,2015-04-20,CHI vs. MIL,1610612741,CHI,W,2014-15
0041400142,2015-04-20,NOP @ GSW,1610612740,NOP,L,2014-15
0041400142,2015-04-20,GSW vs. NOP,1610612744,GSW,W,2014-15
0041400122,2015-04-20,MIL @ CHI,1610612749,MIL,L,2014-15
0041400152,2015-04-21,DAL @ HOU,1610612742,DAL,L,2014-15
0041400132,2015-04-21,TOR vs. WAS,1610612761,TOR,L,2014-15
0041400152,2015-04-21,HOU vs. DAL,1610612745,HOU,W,2014-15
0041400112,2015-04-21,BOS @ CLE,1610612738,BOS,L,2014-15
0041400112,2015-04-21,CLE vs. BOS,1610612739,CLE,W,2014-15
0041400132,2015-04-21,WAS @ TOR,1610612764,WAS,W,2014-15
0041400162,2015-04-22,SAS @ LAC,1610612759,SAS,W,2014-15
0041400162,2015-04-22,LAC vs. SAS,1610612746,LAC,L,2014-15
0041400172,2015-04-22,POR @ MEM,1610612757,POR,L,2014-15
0041400172,2015-04-22,MEM vs. POR,1610612763,MEM,W,2014-15
0041400102,2015-04-22,BKN @ ATL,1610612751,BKN,L,2014-15
0041400102,2015-04-22,ATL vs. BKN,1610612737,ATL,W,2014-15
0041400123,2015-04-23,MIL vs. CHI,1610612749,MIL,L,2014-15
0041400143,2015-04-23,NOP vs. GSW,1610612740,NOP,L,2014-15
0041400113,2015-04-23,CLE @ BOS,1610612739,CLE,W,2014-15
0041400113,2015-04-23,BOS vs. CLE,1610612738,BOS,L,2014-15
0041400123,2015-04-23,CHI @ MIL,1610612741,CHI,W,2014-15
0041400143,2015-04-23,GSW @ NOP,1610612744,GSW,W,2014-15
0041400133,2015-04-24,TOR @ WAS,1610612761,TOR,L,2014-15
0041400153,2015-04-24,DAL vs. HOU,1610612742,DAL,L,2014-15
0041400133,2015-04-24,WAS vs. TOR,1610612764,WAS,W,2014-15
0041400163,2015-04-24,SAS vs. LAC,1610612759,SAS,W,2014-15
0041400163,2015-04-24,LAC @ SAS,1610612746,LAC,L,2014-15
0041400153,2015-04-24,HOU @ DAL,1610612745,HOU,W,2014-15
0041400124,2015-04-25,CHI @ MIL,1610612741,CHI,L,2014-15
0041400144,2015-04-25,GSW @ NOP,1610612744,GSW,W,2014-15
0041400103,2015-04-25,ATL @ BKN,1610612737,ATL,L,2014-15
0041400173,2015-04-25,MEM @ POR,1610612763,MEM,W,2014-15
0041400173,2015-04-25,POR vs. MEM,1610612757,POR,L,2014-15
0041400144,2015-04-25,NOP vs. GSW,1610612740,NOP,L,2014-15
0041400124,2015-04-25,MIL vs. CHI,1610612749,MIL,W,2014-15
0041400103,2015-04-25,BKN vs. ATL,1610612751,BKN,W,2014-15
0041400164,2015-04-26,LAC @ SAS,1610612746,LAC,W,2014-15
0041400134,2015-04-26,WAS vs. TOR,1610612764,WAS,W,2014-15
0041400114,2015-04-26,BOS vs. CLE,1610612738,BOS,L,2014-15
0041400154,2015-04-26,DAL vs. HOU,1610612742,DAL,W,2014-15
0041400114,2015-04-26,CLE @ BOS,1610612739,CLE,W,2014-15
0041400134,2015-04-26,TOR @ WAS,1610612761,TOR,L,2014-15
0041400164,2015-04-26,SAS vs. LAC,1610612759,SAS,L,2014-15
0041400154,2015-04-26,HOU @ DAL,1610612745,HOU,L,2014-15
0041400125,2015-04-27,CHI vs. MIL,1610612741,CHI,L,2014-15
0041400104,2015-04-27,BKN vs. ATL,1610612751,BKN,W,2014-15
0041400174,2015-04-27,POR vs. MEM,1610612757,POR,W,2014-15
0041400104,2015-04-27,ATL @ BKN,1610612737,ATL,L,2014-15
0041400125,2015-04-27,MIL @ CHI,1610612749,MIL,W,2014-15
0041400174,2015-04-27,MEM @ POR,1610612763,MEM,L,2014-15
0041400165,2015-04-28,LAC vs. SAS,1610612746,LAC,L,2014-15
0041400155,2015-04-28,HOU vs. DAL,1610612745,HOU,W,2014-15
0041400165,2015-04-28,SAS @ LAC,1610612759,SAS,W,2014-15
0041400155,2015-04-28,DAL @ HOU,1610612742,DAL,L,2014-15
0041400175,2015-04-29,MEM vs. POR,1610612763,MEM,W,2014-15
0041400175,2015-04-29,POR @ MEM,1610612757,POR,L,2014-15
0041400105,2015-04-29,ATL vs. BKN,1610612737,ATL,W,2014-15
0041400105,2015-04-29,BKN @ ATL,1610612751,BKN,L,2014-15
0041400126,2015-04-30,MIL vs. CHI,1610612749,MIL,L,2014-15
0041400126,2015-04-30,CHI @ MIL,1610612741,CHI,W,2014-15
0041400166,2015-04-30,SAS vs. LAC,1610612759,SAS,L,2014-15
0041400166,2015-04-30,LAC @ SAS,1610612746,LAC,W,2014-15
0041400106,2015-05-01,BKN vs. ATL,1610612751,BKN,L,2014-15
0041400106,2015-05-01,ATL @ BKN,1610612737,ATL,W,2014-15
0041400167,2015-05-02,LAC vs. SAS,1610612746,LAC,W,2014-15
0041400167,2015-05-02,SAS @ LAC,1610612759,SAS,L,2014-15
0041400201,2015-05-03,WAS @ ATL,1610612764,WAS,W,2014-15
0041400201,2015-05-03,ATL vs. WAS,1610612737,ATL,L,2014-15
0041400221,2015-05-03,GSW vs. MEM,1610612744,GSW,W,2014-15
0041400221,2015-05-03,MEM @ GSW,1610612763,MEM,L,2014-15
0041400231,2015-05-04,LAC @ HOU,1610612746,LAC,W,2014-15
0041400211,2015-05-04,CHI @ CLE,1610612741,CHI,W,2014-15
0041400211,2015-05-04,CLE vs. CHI,1610612739,CLE,L,2014-15
0041400231,2015-05-04,HOU vs. LAC,1610612745,HOU,L,2014-15
0041400222,2015-05-05,MEM @ GSW,1610612763,MEM,W,2014-15
0041400202,2015-05-05,WAS @ ATL,1610612764,WAS,L,2014-15
0041400202,2015-05-05,ATL vs. WAS,1610612737,ATL,W,2014-15
0041400222,2015-05-05,GSW vs. MEM,1610612744,GSW,L,2014-15
0041400232,2015-05-06,HOU vs. LAC,1610612745,HOU,W,2014-15
0041400232,2015-05-06,LAC @ HOU,1610612746,LAC,L,2014-15
0041400212,2015-05-06,CLE vs. CHI,1610612739,CLE,W,2014-15
0041400212,2015-05-06,CHI @ CLE,1610612741,CHI,L,2014-15
0041400213,2015-05-08,CLE @ CHI,1610612739,CLE,L,2014-15
0041400233,2015-05-08,LAC vs. HOU,1610612746,LAC,W,2014-15
0041400213,2015-05-08,CHI vs. CLE,1610612741,CHI,W,2014-15
0041400233,2015-05-08,HOU @ LAC,1610612745,HOU,L,2014-15
0041400203,2015-05-09,ATL @ WAS,1610612737,ATL,L,2014-15
0041400223,2015-05-09,MEM vs. GSW,1610612763,MEM,W,2014-15
0041400203,2015-05-09,WAS vs. ATL,1610612764,WAS,W,2014-15
0041400223,2015-05-09,GSW @ MEM,1610612744,GSW,L,2014-15
0041400214,2015-05-10,CLE @ CHI,1610612739,CLE,W,2014-15
0041400234,2015-05-10,LAC vs. HOU,1610612746,LAC,W,2014-15
0041400234,2015-05-10,HOU @ LAC,1610612745,HOU,L,2014-15
0041400214,2015-05-10,CHI vs. CLE,1610612741,CHI,L,2014-15
0041400204,2015-05-11,WAS vs. ATL,1610612764,WAS,L,2014-15
0041400224,2015-05-11,MEM vs. GSW,1610612763,MEM,L,2014-15
0041400204,2015-05-11,ATL @ WAS,1610612737,ATL,W,2014-15
0041400224,2015-05-11,GSW @ MEM,1610612744,GSW,W,2014-15
0041400235,2015-05-12,HOU vs. LAC,1610612745,HOU,W,2014-15
0041400215,2015-05-12,CLE vs. CHI,1610612739,CLE,W,2014-15
0041400215,2015-05-12,CHI @ CLE,1610612741,CHI,L,2014-15
0041400235,2015-05-12,LAC @ HOU,1610612746,LAC,L,2014-15
0041400205,2015-05-13,ATL vs. WAS,1610612737,ATL,W,2014-15
0041400225,2015-05-13,GSW vs. MEM,1610612744,GSW,W,2014-15
0041400225,2015-05-13,MEM @ GSW,1610612763,MEM,L,2014-15
0041400205,2015-05-13,WAS @ ATL,1610612764,WAS,L,2014-15
0041400236,2015-05-14,LAC vs. HOU,1610612746,LAC,L,2014-15
0041400236,2015-05-14,HOU @ LAC,1610612745,HOU,W,2014-15
0041400216,2015-05-14,CLE @ CHI,1610612739,CLE,W,2014-15
0041400216,2015-05-14,CHI vs. CLE,1610612741,CHI,L,2014-15
0041400206,2015-05-15,WAS vs. ATL,1610612764,WAS,L,2014-15
0041400226,2015-05-15,MEM vs. GSW,1610612763,MEM,L,2014-15
0041400206,2015-05-15,ATL @ WAS,1610612737,ATL,W,2014-15
0041400226,2015-05-15,GSW @ MEM,1610612744,GSW,W,2014-15
0041400237,2015-05-17,LAC @ HOU,1610612746,LAC,L,2014-15
0041400237,2015-05-17,HOU vs. LAC,1610612745,HOU,W,2014-15
0041400311,2015-05-19,GSW vs. HOU,1610612744,GSW,W,2014-15
0041400311,2015-05-19,HOU @ GSW,1610612745,HOU,L,2014-15
0041400301,2015-05-20,CLE @ ATL,1610612739,CLE,W,2014-15
0041400301,2015-05-20,ATL vs. CLE,1610612737,ATL,L,2014-15
0041400312,2015-05-21,HOU @ GSW,1610612745,HOU,L,2014-15
0041400312,2015-05-21,GSW vs. HOU,1610612744,GSW,W,2014-15
0041400302,2015-05-22,CLE @ ATL,1610612739,CLE,W,2014-15
0041400302,2015-05-22,ATL vs. CLE,1610612737,ATL,L,2014-15
0041400313,2015-05-23,GSW @ HOU,1610612744,GSW,W,2014-15
0041400313,2015-05-23,HOU vs. GSW,1610612745,HOU,L,2014-15
0041400303,2015-05-24,CLE vs. ATL,1610612739,CLE,W,2014-15
0041400303,2015-05-24,ATL @ CLE,1610612737,ATL,L,2014-15
0041400314,2015-05-25,GSW @ HOU,1610612744,GSW,L,2014-15
0041400314,2015-05-25,HOU vs. GSW,1610612745,HOU,W,2014-15
0041400304,2015-05-26,CLE vs. ATL,1610612739,CLE,W,2014-15
0041400304,2015-05-26,ATL @ CLE,1610612737,ATL,L,2014-15
0041400315,2015-05-27,HOU @ GSW,1610612745,HOU,L,2014-15
0041400315,2015-05-27,GSW vs. HOU,1610612744,GSW,W,2014-15
0041400401,2015-06-04,CLE @ GSW,1610612739,CLE,L,2014-15
0041400401,2015-06-04,GSW vs. CLE,1610612744,GSW,W,2014-15
0041400402,2015-06-07,GSW vs. CLE,1610612744,GSW,L,2014-15
0041400402,2015-06-07,CLE @ GSW,1610612739,CLE,W,2014-15
0041400403,2015-06-09,GSW @ CLE,1610612744,GSW,L,2014-15
0041400403,2015-06-09,CLE vs. GSW,1610612739,CLE,W,2014-15
0041400404,2015-06-11,GSW @ CLE,1610612744,GSW,W,2014-15
0041400404,2015-06-11,CLE vs. GSW,1610612739,CLE,L,2014-15
0041400405,2015-06-14,GSW vs. CLE,1610612744,GSW,W,2014-15
0041400405,2015-06-14,CLE @ GSW,1610612739,CLE,L,2014-15
0041400406,2015-06-16,CLE vs. GSW,1610612739,CLE,L,2014-15
0041400406,2015-06-16,GSW @ CLE,1610612744,GSW,W,2014-15
0041500161,2016-04-16,DAL @ OKC,1610612742,DAL,L,2015-16
0041500111,2016-04-16,TOR vs. IND,1610612761,TOR,L,2015-16
0041500141,2016-04-16,GSW vs. HOU,1610612744,GSW,W,2015-16
0041500161,2016-04-16,OKC vs. DAL,1610612760,OKC,W,2015-16
0041500131,2016-04-16,ATL vs. BOS,1610612737,ATL,W,2015-16
0041500111,2016-04-16,IND @ TOR,1610612754,IND,W,2015-16
0041500141,2016-04-16,HOU @ GSW,1610612745,HOU,L,2015-16
0041500131,2016-04-16,BOS @ ATL,1610612738,BOS,L,2015-16
0041500151,2016-04-17,SAS vs. MEM,1610612759,SAS,W,2015-16
0041500121,2016-04-17,MIA vs. CHA,1610612748,MIA,W,2015-16
0041500151,2016-04-17,MEM @ SAS,1610612763,MEM,L,2015-16
0041500101,2016-04-17,CLE vs. DET,1610612739,CLE,W,2015-16
0041500101,2016-04-17,DET @ CLE,1610612765,DET,L,2015-16
0041500121,2016-04-17,CHA @ MIA,1610612766,CHA,L,2015-16
0041500171,2016-04-17,LAC vs. POR,1610612746,LAC,W,2015-16
0041500171,2016-04-17,POR @ LAC,1610612757,POR,L,2015-16
0041500112,2016-04-18,IND @ TOR,1610612754,IND,L,2015-16
0041500162,2016-04-18,OKC vs. DAL,1610612760,OKC,L,2015-16
0041500142,2016-04-18,GSW vs. HOU,1610612744,GSW,W,2015-16
0041500142,2016-04-18,HOU @ GSW,1610612745,HOU,L,2015-16
0041500162,2016-04-18,DAL @ OKC,1610612742,DAL,W,2015-16
0041500112,2016-04-18,TOR vs. IND,1610612761,TOR,W,2015-16
0041500152,2016-04-19,SAS vs. MEM,1610612759,SAS,W,2015-16
0041500152,2016-04-19,MEM @ SAS,1610612763,MEM,L,2015-16
0041500132,2016-04-19,ATL vs. BOS,1610612737,ATL,W,2015-16
0041500132,2016-04-19,BOS @ ATL,1610612738,BOS,L,2015-16
0041500102,2016-04-20,CLE vs. DET,1610612739,CLE,W,2015-16
0041500172,2016-04-20,POR @ LAC,1610612757,POR,L,2015-16
0041500122,2016-04-20,CHA @ MIA,1610612766,CHA,L,2015-16
0041500122,2016-04-20,MIA vs. CHA,1610612748,MIA,W,2015-16
0041500172,2016-04-20,LAC vs. POR,1610612746,LAC,W,2015-16
0041500102,2016-04-20,DET @ CLE,1610612765,DET,L,2015-16
0041500163,2016-04-21,DAL vs. OKC,1610612742,DAL,L,2015-16
0041500113,2016-04-21,IND vs. TOR,1610612754,IND,L,2015-16
0041500113,2016-04-21,TOR @ IND,1610612761,TOR,W,2015-16
0041500143,2016-04-21,GSW @ HOU,1610612744,GSW,L,2015-16
0041500163,2016-04-21,OKC @ DAL,1610612760,OKC,W,2015-16
0041500143,2016-04-21,HOU vs. GSW,1610612745,HOU,W,2015-16
0041500133,2016-04-22,BOS vs. ATL,1610612738,BOS,W,2015-16
0041500133,2016-04-22,ATL @ BOS,1610612737,ATL,L,2015-16
0041500103,2016-04-22,CLE @ DET,1610612739,CLE,W,2015-16
0041500153,2016-04-22,SAS @ MEM,1610612759,SAS,W,2015-16
0041500103,2016-04-22,DET vs. CLE,1610612765,DET,L,2015-16
0041500153,2016-04-22,MEM vs. SAS,1610612763,MEM,L,2015-16
0041500164,2016-04-23,DAL vs. OKC,1610612742,DAL,L,2015-16
0041500164,2016-04-23,OKC @ DAL,1610612760,OKC,W,2015-16
0041500173,2016-04-23,LAC @ POR,1610612746,LAC,L,2015-16
0041500123,2016-04-23,MIA @ CHA,1610612748,MIA,L,2015-16
0041500114,2016-04-23,IND vs. TOR,1610612754,IND,W,2015-16
0041500123,2016-04-23,CHA vs. MIA,1610612766,CHA,W,2015-16
0041500173,2016-04-23,POR vs. LAC,1610612757,POR,W,2015-16
0041500114,2016-04-23,TOR @ IND,1610612761,TOR,L,2015-16
0041500154,2016-04-24,SAS @ MEM,1610612759,SAS,W,2015-16
0041500144,2016-04-24,HOU vs. GSW,1610612745,HOU,L,2015-16
0041500154,2016-04-24,MEM vs. SAS,1610612763,MEM,L,2015-16
0041500104,2016-04-24,DET vs. CLE,1610612765,DET,L,2015-16
0041500134,2016-04-24,BOS vs. ATL,1610612738,BOS,W,2015-16
0041500104,2016-04-24,CLE @ DET,1610612739,CLE,W,2015-16
0041500144,2016-04-24,GSW @ HOU,1610612744,GSW,W,2015-16
0041500134,2016-04-24,ATL @ BOS,1610612737,ATL,L,2015-16
0041500174,2016-04-25,LAC @ POR,1610612746,LAC,L,2015-16
0041500124,2016-04-25,MIA @ CHA,1610612748,MIA,L,2015-16
0041500174,2016-04-25,POR vs. LAC,1610612757,POR,W,2015-16
0041500165,2016-04-25,DAL @ OKC,1610612742,DAL,L,2015-16
0041500124,2016-04-25,CHA vs. MIA,1610612766,CHA,W,2015-16
0041500165,2016-04-25,OKC vs. DAL,1610612760,OKC,W,2015-16
0041500135,2016-04-26,BOS @ ATL,1610612738,BOS,L,2015-16
0041500115,2016-04-26,TOR vs. IND,1610612761,TOR,W,2015-16
0041500135,2016-04-26,ATL vs. BOS,1610612737,ATL,W,2015-16
0041500115,2016-04-26,IND @ TOR,1610612754,IND,L,2015-16
0041500145,2016-04-27,HOU @ GSW,1610612745,HOU,L,2015-16
0041500175,2016-04-27,LAC vs. POR,1610612746,LAC,L,2015-16
0041500125,2016-04-27,MIA vs. CHA,1610612748,MIA,L,2015-16
0041500125,2016-04-27,CHA @ MIA,1610612766,CHA,W,2015-16
0041500145,2016-04-27,GSW vs. HOU,1610612744,GSW,W,2015-16
0041500175,2016-04-27,POR @ LAC,1610612757,POR,W,2015-16
0041500136,2016-04-28,BOS vs. ATL,1610612738,BOS,L,2015-16
0041500136,2016-04-28,ATL @ BOS,1610612737,ATL,W,2015-16
0041500176,2016-04-29,POR vs. LAC,1610612757,POR,W,2015-16
0041500126,2016-04-29,CHA vs. MIA,1610612766,CHA,L,2015-16
0041500116,2016-04-29,IND vs. TOR,1610612754,IND,W,2015-16
0041500126,2016-04-29,MIA @ CHA,1610612748,MIA,W,2015-16
0041500176,2016-04-29,LAC @ POR,1610612746,LAC,L,2015-16
0041500116,2016-04-29,TOR @ IND,1610612761,TOR,L,2015-16
0041500231,2016-04-30,OKC @ SAS,1610612760,OKC,L,2015-16
0041500231,2016-04-30,SAS vs. OKC,1610612759,SAS,W,2015-16
0041500127,2016-05-01,CHA @ MIA,1610612766,CHA,L,2015-16
0041500221,2016-05-01,GSW vs. POR,1610612744,GSW,W,2015-16
0041500221,2016-05-01,POR @ GSW,1610612757,POR,L,2015-16
0041500117,2016-05-01,TOR vs. IND,1610612761,TOR,W,2015-16
0041500127,2016-05-01,MIA vs. CHA,1610612748,MIA,W,2015-16
0041500117,2016-05-01,IND @ TOR,1610612754,IND,L,2015-16
0041500201,2016-05-02,CLE vs. ATL,1610612739,CLE,W,2015-16
0041500232,2016-05-02,OKC @ SAS,1610612760,OKC,W,2015-16
0041500232,2016-05-02,SAS vs. OKC,1610612759,SAS,L,2015-16
0041500201,2016-05-02,ATL @ CLE,1610612737,ATL,L,2015-16
0041500211,2016-05-03,MIA @ TOR,1610612748,MIA,W,2015-16
0041500222,2016-05-03,POR @ GSW,1610612757,POR,L,2015-16
0041500211,2016-05-03,TOR vs. MIA,1610612761,TOR,L,2015-16
0041500222,2016-05-03,GSW vs. POR,1610612744,GSW,W,2015-16
0041500202,2016-05-04,CLE vs. ATL,1610612739,CLE,W,2015-16
0041500202,2016-05-04,ATL @ CLE,1610612737,ATL,L,2015-16
0041500212,2016-05-05,MIA @ TOR,1610612748,MIA,L,2015-16
0041500212,2016-05-05,TOR vs. MIA,1610612761,TOR,W,2015-16
0041500203,2016-05-06,CLE @ ATL,1610612739,CLE,W,2015-16
0041500203,2016-05-06,ATL vs. CLE,1610612737,ATL,L,2015-16
0041500233,2016-05-06,SAS @ OKC,1610612759,SAS,W,2015-16
0041500233,2016-05-06,OKC vs. SAS,1610612760,OKC,L,2015-16
0041500223,2016-05-07,POR vs. GSW,1610612757,POR,W,2015-16
0041500213,2016-05-07,MIA vs. TOR,1610612748,MIA,L,2015-16
0041500223,2016-05-07,GSW @ POR,1610612744,GSW,L,2015-16
0041500213,2016-05-07,TOR @ MIA,1610612761,TOR,W,2015-16
0041500234,2016-05-08,OKC vs. SAS,1610612760,OKC,W,2015-16
0041500204,2016-05-08,ATL vs. CLE,1610612737,ATL,L,2015-16
0041500234,2016-05-08,SAS @ OKC,1610612759,SAS,L,2015-16
0041500204,2016-05-08,CLE @ ATL,1610612739,CLE,W,2015-16
0041500214,2016-05-09,TOR @ MIA,1610612761,TOR,L,2015-16
0041500214,2016-05-09,MIA vs. TOR,1610612748,MIA,W,2015-16
0041500224,2016-05-09,GSW @ POR,1610612744,GSW,W,2015-16
0041500224,2016-05-09,POR vs. GSW,1610612757,POR,L,2015-16
0041500235,2016-05-10,OKC @ SAS,1610612760,OKC,W,2015-16
0041500235,2016-05-10,SAS vs. OKC,1610612759,SAS,L,2015-16
0041500225,2016-05-11,POR @ GSW,1610612757,POR,L,2015-16
0041500215,2016-05-11,TOR vs. MIA,1610612761,TOR,W,2015-16
0041500225,2016-05-11,GSW vs. POR,1610612744,GSW,W,2015-16
0041500215,2016-05-11,MIA @ TOR,1610612748,MIA,L,2015-16
0041500236,2016-05-12,SAS @ OKC,1610612759,SAS,L,2015-16
0041500236,2016-05-12,OKC vs. SAS,1610612760,OKC,W,2015-16
0041500216,2016-05-13,TOR @ MIA,1610612761,TOR,L,2015-16
0041500216,2016-05-13,MIA vs. TOR,1610612748,MIA,W,2015-16
0041500217,2016-05-15,TOR vs. MIA,1610612761,TOR,W,2015-16
0041500217,2016-05-15,MIA @ TOR,1610612748,MIA,L,2015-16
0041500311,2016-05-16,GSW vs. OKC,1610612744,GSW,L,2015-16
0041500311,2016-05-16,OKC @ GSW,1610612760,OKC,W,2015-16
0041500301,2016-05-17,CLE vs. TOR,1610612739,CLE,W,2015-16
0041500301,2016-05-17,TOR @ CLE,1610612761,TOR,L,2015-16
0041500312,2016-05-18,GSW vs. OKC,1610612744,GSW,W,2015-16
0041500312,2016-05-18,OKC @ GSW,1610612760,OKC,L,2015-16
0041500302,2016-05-19,TOR @ CLE,1610612761,TOR,L,2015-16
0041500302,2016-05-19,CLE vs. TOR,1610612739,CLE,W,2015-16
0041500303,2016-05-21,TOR vs. CLE,1610612761,TOR,W,2015-16
0041500303,2016-05-21,CLE @ TOR,1610612739,CLE,L,2015-16
0041500313,2016-05-22,OKC vs. GSW,1610612760,OKC,W,2015-16
0041500313,2016-05-22,GSW @ OKC,1610612744,GSW,L,2015-16
0041500304,2016-05-23,CLE @ TOR,1610612739,CLE,L,2015-16
0041500304,2016-05-23,TOR vs. CLE,1610612761,TOR,W,2015-16
0041500314,2016-05-24,OKC vs. GSW,1610612760,OKC,W,2015-16
0041500314,2016-05-24,GSW @ OKC,1610612744,GSW,L,2015-16
0041500305,2016-05-25,TOR @ CLE,1610612761,TOR,L,2015-16
0041500305,2016-05-25,CLE vs. TOR,1610612739,CLE,W,2015-16
0041500315,2016-05-26,GSW vs. OKC,1610612744,GSW,W,2015-16
0041500315,2016-05-26,OKC @ GSW,1610612760,OKC,L,2015-16
0041500306,2016-05-27,CLE @ TOR,1610612739,CLE,W,2015-16
0041500306,2016-05-27,TOR vs. CLE,1610612761,TOR,L,2015-16
0041500316,2016-05-28,GSW @ OKC,1610612744,GSW,W,2015-16
0041500316,2016-05-28,OKC vs. GSW,1610612760,OKC,L,2015-16
0041500317,2016-05-30,GSW vs. OKC,1610612744,GSW,W,2015-16
0041500317,2016-05-30,OKC @ GSW,1610612760,OKC,L,2015-16
0041500401,2016-06-02,CLE @ GSW,1610612739,CLE,L,2015-16
0041500401,2016-06-02,GSW vs. CLE,1610612744,GSW,W,2015-16
0041500402,2016-06-05,GSW vs. CLE,1610612744,GSW,W,2015-16
0041500402,2016-06-05,CLE @ GSW,1610612739,CLE,L,2015-16
0041500403,2016-06-08,CLE vs. GSW,1610612739,CLE,W,2015-16
0041500403,2016-06-08,GSW @ CLE,1610612744,GSW,L,2015-16
0041500404,2016-06-10,CLE vs. GSW,1610612739,CLE,L,2015-16
0041500404,2016-06-10,GSW @ CLE,1610612744,GSW,W,2015-16
0041500405,2016-06-13,GSW vs. CLE,1610612744,GSW,L,2015-16
0041500405,2016-06-13,CLE @ GSW,1610612739,CLE,W,2015-16
0041500406,2016-06-16,GSW @ CLE,1610612744,GSW,L,2015-16
0041500406,2016-06-16,CLE vs. GSW,1610612739,CLE,W,2015-16
0041500407,2016-06-19,GSW vs. CLE,1610612744,GSW,L,2015-16
0041500407,2016-06-19,CLE @ GSW,1610612739,CLE,W,2015-16
0041600121,2017-04-15,MIL @ TOR,1610612749,MIL,W,2016-17
0041600151,2017-04-15,SAS vs. MEM,1610612759,SAS,W,2016-17
0041600121,2017-04-15,TOR vs. MIL,1610612761,TOR,L,2016-17
0041600151,2017-04-15,MEM @ SAS,1610612763,MEM,L,2016-17
0041600111,2017-04-15,CLE vs. IND,1610612739,CLE,W,2016-17
0041600171,2017-04-15,UTA @ LAC,1610612762,UTA,W,2016-17
0041600171,2017-04-15,LAC vs. UTA,1610612746,LAC,L,2016-17
0041600111,2017-04-15,IND @ CLE,1610612754,IND,L,2016-17
0041600101,2017-04-16,BOS vs. CHI,1610612738,BOS,L,2016-17
0041600141,2017-04-16,GSW vs. POR,1610612744,GSW,W,2016-17
0041600161,2017-04-16,HOU vs. OKC,1610612745,HOU,W,2016-17
0041600141,2017-04-16,POR @ GSW,1610612757,POR,L,2016-17
0041600131,2017-04-16,ATL @ WAS,1610612737,ATL,L,2016-17
0041600101,2017-04-16,CHI @ BOS,1610612741,CHI,W,2016-17
0041600161,2017-04-16,OKC @ HOU,1610612760,OKC,L,2016-17
0041600131,2017-04-16,WAS vs. ATL,1610612764,WAS,W,2016-17
0041600152,2017-04-17,MEM @ SAS,1610612763,MEM,L,2016-17
0041600152,2017-04-17,SAS vs. MEM,1610612759,SAS,W,2016-17
0041600112,2017-04-17,IND @ CLE,1610612754,IND,L,2016-17
0041600112,2017-04-17,CLE vs. IND,1610612739,CLE,W,2016-17
0041600122,2017-04-18,MIL @ TOR,1610612749,MIL,L,2016-17
0041600172,2017-04-18,UTA @ LAC,1610612762,UTA,L,2016-17
0041600122,2017-04-18,TOR vs. MIL,1610612761,TOR,W,2016-17
0041600102,2017-04-18,BOS vs. CHI,1610612738,BOS,L,2016-17
0041600102,2017-04-18,CHI @ BOS,1610612741,CHI,W,2016-17
0041600172,2017-04-18,LAC vs. UTA,1610612746,LAC,W,2016-17
0041600162,2017-04-19,HOU vs. OKC,1610612745,HOU,W,2016-17
0041600142,2017-04-19,POR @ GSW,1610612757,POR,L,2016-17
0041600132,2017-04-19,WAS vs. ATL,1610612764,WAS,W,2016-17
0041600162,2017-04-19,OKC @ HOU,1610612760,OKC,L,2016-17
0041600142,2017-04-19,GSW vs. POR,1610612744,GSW,W,2016-17
0041600132,2017-04-19,ATL @ WAS,1610612737,ATL,L,2016-17
0041600123,2017-04-20,TOR @ MIL,1610612761,TOR,L,2016-17
0041600153,2017-04-20,SAS @ MEM,1610612759,SAS,L,2016-17
0041600123,2017-04-20,MIL vs. TOR,1610612749,MIL,W,2016-17
0041600113,2017-04-20,CLE @ IND,1610612739,CLE,W,2016-17
0041600153,2017-04-20,MEM vs. SAS,1610612763,MEM,W,2016-17
0041600113,2017-04-20,IND vs. CLE,1610612754,IND,L,2016-17
0041600173,2017-04-21,UTA vs. LAC,1610612762,UTA,L,2016-17
0041600173,2017-04-21,LAC @ UTA,1610612746,LAC,W,2016-17
0041600163,2017-04-21,OKC vs. HOU,1610612760,OKC,W,2016-17
0041600163,2017-04-21,HOU @ OKC,1610612745,HOU,L,2016-17
0041600103,2017-04-21,BOS @ CHI,1610612738,BOS,W,2016-17
0041600103,2017-04-21,CHI vs. BOS,1610612741,CHI,L,2016-17
0041600124,2017-04-22,MIL vs. TOR,1610612749,MIL,L,2016-17
0041600124,2017-04-22,TOR @ MIL,1610612761,TOR,W,2016-17
0041600133,2017-04-22,WAS @ ATL,1610612764,WAS,L,2016-17
0041600143,2017-04-22,POR vs. GSW,1610612757,POR,L,2016-17
0041600143,2017-04-22,GSW @ POR,1610612744,GSW,W,2016-17
0041600133,2017-04-22,ATL vs. WAS,1610612737,ATL,W,2016-17
0041600154,2017-04-22,SAS @ MEM,1610612759,SAS,L,2016-17
0041600154,2017-04-22,MEM vs. SAS,1610612763,MEM,W,2016-17
0041600114,2017-04-23,IND vs. CLE,1610612754,IND,L,2016-17
0041600174,2017-04-23,LAC @ UTA,1610612746,LAC,L,2016-17
0041600174,2017-04-23,UTA vs. LAC,1610612762,UTA,W,2016-17
0041600114,2017-04-23,CLE @ IND,1610612739,CLE,W,2016-17
0041600164,2017-04-23,HOU @ OKC,1610612745,HOU,W,2016-17
0041600164,2017-04-23,OKC vs. HOU,1610612760,OKC,L,2016-17
0041600104,2017-04-23,BOS @ CHI,1610612738,BOS,W,2016-17
0041600104,2017-04-23,CHI vs. BOS,1610612741,CHI,L,2016-17
0041600125,2017-04-24,MIL @ TOR,1610612749,MIL,L,2016-17
0041600134,2017-04-24,WAS @ ATL,1610612764,WAS,L,2016-17
0041600144,2017-04-24,GSW @ POR,1610612744,GSW,W,2016-17
0041600125,2017-04-24,TOR vs. MIL,1610612761,TOR,W,2016-17
0041600144,2017-04-24,POR vs. GSW,1610612757,POR,L,2016-17
0041600134,2017-04-24,ATL vs. WAS,1610612737,ATL,W,2016-17
0041600175,2017-04-25,UTA @ LAC,1610612762,UTA,W,2016-17
0041600175,2017-04-25,LAC vs. UTA,1610612746,LAC,L,2016-17
0041600155,2017-04-25,SAS vs. MEM,1610612759,SAS,W,2016-17
0041600165,2017-04-25,HOU vs. OKC,1610612745,HOU,W,2016-17
0041600155,2017-04-25,MEM @ SAS,1610612763,MEM,L,2016-17
0041600165,2017-04-25,OKC @ HOU,1610612760,OKC,L,2016-17
0041600135,2017-04-26,ATL @ WAS,1610612737,ATL,L,2016-17
0041600105,2017-04-26,CHI @ BOS,1610612741,CHI,L,2016-17
0041600105,2017-04-26,BOS vs. CHI,1610612738,BOS,W,2016-17
0041600135,2017-04-26,WAS vs. ATL,1610612764,WAS,W,2016-17
0041600126,2017-04-27,MIL vs. TOR,1610612749,MIL,L,2016-17
0041600156,2017-04-27,SAS @ MEM,1610612759,SAS,W,2016-17
0041600126,2017-04-27,TOR @ MIL,1610612761,TOR,W,2016-17
0041600156,2017-04-27,MEM vs. SAS,1610612763,MEM,L,2016-17
0041600136,2017-04-28,WAS @ ATL,1610612764,WAS,W,2016-17
0041600106,2017-04-28,BOS @ CHI,1610612738,BOS,W,2016-17
0041600176,2017-04-28,LAC @ UTA,1610612746,LAC,W,2016-17
0041600176,2017-04-28,UTA vs. LAC,1610612762,UTA,L,2016-17
0041600106,2017-04-28,CHI vs. BOS,1610612741,CHI,L,2016-17
0041600136,2017-04-28,ATL vs. WAS,1610612737,ATL,L,2016-17
0041600201,2017-04-30,WAS @ BOS,1610612764,WAS,L,2016-17
0041600177,2017-04-30,UTA @ LAC,1610612762,UTA,W,2016-17
0041600177,2017-04-30,LAC vs. UTA,1610612746,LAC,L,2016-17
0041600201,2017-04-30,BOS vs. WAS,1610612738,BOS,W,2016-17
0041600211,2017-05-01,CLE vs. TOR,1610612739,CLE,W,2016-17
0041600231,2017-05-01,HOU @ SAS,1610612745,HOU,W,2016-17
0041600231,2017-05-01,SAS vs. HOU,1610612759,SAS,L,2016-17
0041600211,2017-05-01,TOR @ CLE,1610612761,TOR,L,2016-17
0041600202,2017-05-02,BOS vs. WAS,1610612738,BOS,W,2016-17
0041600202,2017-05-02,WAS @ BOS,1610612764,WAS,L,2016-17
0041600221,2017-05-02,GSW vs. UTA,1610612744,GSW,W,2016-17
0041600221,2017-05-02,UTA @ GSW,1610612762,UTA,L,2016-17
0041600232,2017-05-03,HOU @ SAS,1610612745,HOU,L,2016-17
0041600212,2017-05-03,CLE vs. TOR,1610612739,CLE,W,2016-17
0041600212,2017-05-03,TOR @ CLE,1610612761,TOR,L,2016-17
0041600232,2017-05-03,SAS vs. HOU,1610612759,SAS,W,2016-17
0041600222,2017-05-04,GSW vs. UTA,1610612744,GSW,W,2016-17
0041600222,2017-05-04,UTA @ GSW,1610612762,UTA,L,2016-17
0041600203,2017-05-04,WAS vs. BOS,1610612764,WAS,W,2016-17
0041600203,2017-05-04,BOS @ WAS,1610612738,BOS,L,2016-17
0041600213,2017-05-05,CLE @ TOR,1610612739,CLE,W,2016-17
0041600233,2017-05-05,HOU vs. SAS,1610612745,HOU,L,2016-17
0041600213,2017-05-05,TOR vs. CLE,1610612761,TOR,L,2016-17
0041600233,2017-05-05,SAS @ HOU,1610612759,SAS,W,2016-17
0041600223,2017-05-06,UTA vs. GSW,1610612762,UTA,L,2016-17
0041600223,2017-05-06,GSW @ UTA,1610612744,GSW,W,2016-17
0041600214,2017-05-07,CLE @ TOR,1610612739,CLE,W,2016-17
0041600204,2017-05-07,BOS @ WAS,1610612738,BOS,L,2016-17
0041600234,2017-05-07,HOU vs. SAS,1610612745,HOU,W,2016-17
0041600234,2017-05-07,SAS @ HOU,1610612759,SAS,L,2016-17
0041600214,2017-05-07,TOR vs. CLE,1610612761,TOR,L,2016-17
0041600204,2017-05-07,WAS vs. BOS,1610612764,WAS,W,2016-17
0041600224,2017-05-08,UTA vs. GSW,1610612762,UTA,L,2016-17
0041600224,2017-05-08,GSW @ UTA,1610612744,GSW,W,2016-17
0041600235,2017-05-09,SAS vs. HOU,1610612759,SAS,W,2016-17
0041600235,2017-05-09,HOU @ SAS,1610612745,HOU,L,2016-17
0041600205,2017-05-10,BOS vs. WAS,1610612738,BOS,W,2016-17
0041600205,2017-05-10,WAS @ BOS,1610612764,WAS,L,2016-17
0041600236,2017-05-11,SAS @ HOU,1610612759,SAS,W,2016-17
0041600236,2017-05-11,HOU vs. SAS,1610612745,HOU,L,2016-17
0041600206,2017-05-12,BOS @ WAS,1610612738,BOS,L,2016-17
0041600206,2017-05-12,WAS vs. BOS,1610612764,WAS,W,2016-17
0041600311,2017-05-14,SAS @ GSW,1610612759,SAS,L,2016-17
0041600311,2017-05-14,GSW vs. SAS,1610612744,GSW,W,2016-17
0041600207,2017-05-15,WAS @ BOS,1610612764,WAS,L,2016-17
0041600207,2017-05-15,BOS vs. WAS,1610612738,BOS,W,2016-17
0041600312,2017-05-16,SAS @ GSW,1610612759,SAS,L,2016-17
0041600312,2017-05-16,GSW vs. SAS,1610612744,GSW,W,2016-17
0041600301,2017-05-17,CLE @ BOS,1610612739,CLE,W,2016-17
0041600301,2017-05-17,BOS vs. CLE,1610612738,BOS,L,2016-17
0041600302,2017-05-19,CLE @ BOS,1610612739,CLE,W,2016-17
0041600302,2017-05-19,BOS vs. CLE,1610612738,BOS,L,2016-17
0041600313,2017-05-20,GSW @ SAS,1610612744,GSW,W,2016-17
0041600313,2017-05-20,SAS vs. GSW,1610612759,SAS,L,2016-17
0041600303,2017-05-21,BOS @ CLE,1610612738,BOS,W,2016-17
0041600303,2017-05-21,CLE vs. BOS,1610612739,CLE,L,2016-17
0041600314,2017-05-22,GSW @ SAS,1610612744,GSW,W,2016-17
0041600314,2017-05-22,SAS vs. GSW,1610612759,SAS,L,2016-17
0041600304,2017-05-23,BOS @ CLE,1610612738,BOS,L,2016-17
0041600304,2017-05-23,CLE vs. BOS,1610612739,CLE,W,2016-17
0041600305,2017-05-25,BOS vs. CLE,1610612738,BOS,L,2016-17
0041600305,2017-05-25,CLE @ BOS,1610612739,CLE,W,2016-17
0041600401,2017-06-01,CLE @ GSW,1610612739,CLE,L,2016-17
0041600401,2017-06-01,GSW vs. CLE,1610612744,GSW,W,2016-17
0041600402,2017-06-04,GSW vs. CLE,1610612744,GSW,W,2016-17
0041600402,2017-06-04,CLE @ GSW,1610612739,CLE,L,2016-17
0041600403,2017-06-07,GSW @ CLE,1610612744,GSW,W,2016-17
0041600403,2017-06-07,CLE vs. GSW,1610612739,CLE,L,2016-17
0041600404,2017-06-09,GSW @ CLE,1610612744,GSW,L,2016-17
0041600404,2017-06-09,CLE vs. GSW,1610612739,CLE,W,2016-17
0041600405,2017-06-12,GSW vs. CLE,1610612744,GSW,W,2016-17
0041600405,2017-06-12,CLE @ GSW,1610612739,CLE,L,2016-17
0041700101,2018-04-14,WAS @ TOR,1610612764,WAS,L,2017-18
0041700121,2018-04-14,PHI vs. MIA,1610612755,PHI,W,2017-18
0041700121,2018-04-14,MIA @ PHI,1610612748,MIA,L,2017-18
0041700151,2018-04-14,GSW vs. SAS,1610612744,GSW,W,2017-18
0041700161,2018-04-14,NOP @ POR,1610612740,NOP,W,2017-18
0041700161,2018-04-14,POR vs. NOP,1610612757,POR,L,2017-18
0041700101,2018-04-14,TOR vs. WAS,1610612761,TOR,W,2017-18
0041700151,2018-04-14,SAS @ GSW,1610612759,SAS,L,2017-18
0041700171,2018-04-15,UTA @ OKC,1610612762,UTA,L,2017-18
0041700131,2018-04-15,CLE vs. IND,1610612739,CLE,L,2017-18
0041700131,2018-04-15,IND @ CLE,1610612754,IND,W,2017-18
0041700171,2018-04-15,OKC vs. UTA,1610612760,OKC,W,2017-18
0041700141,2018-04-15,HOU vs. MIN,1610612745,HOU,W,2017-18
0041700111,2018-04-15,MIL @ BOS,1610612749,MIL,L,2017-18
0041700141,2018-04-15,MIN @ HOU,1610612750,MIN,L,2017-18
0041700111,2018-04-15,BOS vs. MIL,1610612738,BOS,W,2017-18
0041700122,2018-04-16,MIA @ PHI,1610612748,MIA,W,2017-18
0041700152,2018-04-16,GSW vs. SAS,1610612744,GSW,W,2017-18
0041700152,2018-04-16,SAS @ GSW,1610612759,SAS,L,2017-18
0041700122,2018-04-16,PHI vs. MIA,1610612755,PHI,L,2017-18
0041700162,2018-04-17,NOP @ POR,1610612740,NOP,W,2017-18
0041700112,2018-04-17,BOS vs. MIL,1610612738,BOS,W,2017-18
0041700102,2018-04-17,WAS @ TOR,1610612764,WAS,L,2017-18
0041700102,2018-04-17,TOR vs. WAS,1610612761,TOR,W,2017-18
0041700112,2018-04-17,MIL @ BOS,1610612749,MIL,L,2017-18
0041700162,2018-04-17,POR vs. NOP,1610612757,POR,L,2017-18
0041700142,2018-04-18,HOU vs. MIN,1610612745,HOU,W,2017-18
0041700172,2018-04-18,OKC vs. UTA,1610612760,OKC,L,2017-18
0041700142,2018-04-18,MIN @ HOU,1610612750,MIN,L,2017-18
0041700132,2018-04-18,CLE vs. IND,1610612739,CLE,W,2017-18
0041700172,2018-04-18,UTA @ OKC,1610612762,UTA,W,2017-18
0041700132,2018-04-18,IND @ CLE,1610612754,IND,L,2017-18
0041700153,2018-04-19,GSW @ SAS,1610612744,GSW,W,2017-18
0041700163,2018-04-19,NOP vs. POR,1610612740,NOP,W,2017-18
0041700123,2018-04-19,PHI @ MIA,1610612755,PHI,W,2017-18
0041700163,2018-04-19,POR @ NOP,1610612757,POR,L,2017-18
0041700123,2018-04-19,MIA vs. PHI,1610612748,MIA,L,2017-18
0041700153,2018-04-19,SAS vs. GSW,1610612759,SAS,L,2017-18
0041700113,2018-04-20,BOS @ MIL,1610612738,BOS,L,2017-18
0041700103,2018-04-20,TOR @ WAS,1610612761,TOR,L,2017-18
0041700103,2018-04-20,WAS vs. TOR,1610612764,WAS,W,2017-18
0041700133,2018-04-20,IND vs. CLE,1610612754,IND,W,2017-18
0041700113,2018-04-20,MIL vs. BOS,1610612749,MIL,W,2017-18
0041700133,2018-04-20,CLE @ IND,1610612739,CLE,L,2017-18
0041700124,2018-04-21,PHI @ MIA,1610612755,PHI,W,2017-18
0041700124,2018-04-21,MIA vs. PHI,1610612748,MIA,L,2017-18
0041700173,2018-04-21,OKC @ UTA,1610612760,OKC,L,2017-18
0041700143,2018-04-21,HOU @ MIN,1610612745,HOU,L,2017-18
0041700164,2018-04-21,NOP vs. POR,1610612740,NOP,W,2017-18
0041700164,2018-04-21,POR @ NOP,1610612757,POR,L,2017-18
0041700143,2018-04-21,MIN vs. HOU,1610612750,MIN,W,2017-18
0041700173,2018-04-21,UTA vs. OKC,1610612762,UTA,W,2017-18
0041700114,2018-04-22,BOS @ MIL,1610612738,BOS,L,2017-18
0041700104,2018-04-22,WAS vs. TOR,1610612764,WAS,W,2017-18
0041700134,2018-04-22,CLE @ IND,1610612739,CLE,W,2017-18
0041700154,2018-04-22,GSW @ SAS,1610612744,GSW,L,2017-18
0041700154,2018-04-22,SAS vs. GSW,1610612759,SAS,W,2017-18
0041700104,2018-04-22,TOR @ WAS,1610612761,TOR,L,2017-18
0041700134,2018-04-22,IND vs. CLE,1610612754,IND,L,2017-18
0041700114,2018-04-22,MIL vs. BOS,1610612749,MIL,W,2017-18
0041700174,2018-04-23,UTA vs. OKC,1610612762,UTA,W,2017-18
0041700144,2018-04-23,MIN vs. HOU,1610612750,MIN,L,2017-18
0041700144,2018-04-23,HOU @ MIN,1610612745,HOU,W,2017-18
0041700174,2018-04-23,OKC @ UTA,1610612760,OKC,L,2017-18
0041700115,2018-04-24,BOS vs. MIL,1610612738,BOS,W,2017-18
0041700155,2018-04-24,GSW vs. SAS,1610612744,GSW,W,2017-18
0041700115,2018-04-24,MIL @ BOS,1610612749,MIL,L,2017-18
0041700125,2018-04-24,PHI vs. MIA,1610612755,PHI,W,2017-18
0041700155,2018-04-24,SAS @ GSW,1610612759,SAS,L,2017-18
0041700125,2018-04-24,MIA @ PHI,1610612748,MIA,L,2017-18
0041700175,2018-04-25,UTA @ OKC,1610612762,UTA,L,2017-18
0041700105,2018-04-25,TOR vs. WAS,1610612761,TOR,W,2017-18
0041700175,2018-04-25,OKC vs. UTA,1610612760,OKC,W,2017-18
0041700145,2018-04-25,HOU vs. MIN,1610612745,HOU,W,2017-18
0041700135,2018-04-25,IND @ CLE,1610612754,IND,L,2017-18
0041700145,2018-04-25,MIN @ HOU,1610612750,MIN,L,2017-18
0041700105,2018-04-25,WAS @ TOR,1610612764,WAS,L,2017-18
0041700135,2018-04-25,CLE vs. IND,1610612739,CLE,W,2017-18
0041700116,2018-04-26,MIL vs. BOS,1610612749,MIL,W,2017-18
0041700116,2018-04-26,BOS @ MIL,1610612738,BOS,L,2017-18
0041700176,2018-04-27,UTA vs. OKC,1610612762,UTA,W,2017-18
0041700106,2018-04-27,WAS vs. TOR,1610612764,WAS,L,2017-18
0041700176,2018-04-27,OKC @ UTA,1610612760,OKC,L,2017-18
0041700136,2018-04-27,IND vs. CLE,1610612754,IND,W,2017-18
0041700106,2018-04-27,TOR @ WAS,1610612761,TOR,W,2017-18
0041700136,2018-04-27,CLE @ IND,1610612739,CLE,L,2017-18
0041700231,2018-04-28,NOP @ GSW,1610612740,NOP,L,2017-18
0041700117,2018-04-28,MIL @ BOS,1610612749,MIL,L,2017-18
0041700117,2018-04-28,BOS vs. MIL,1610612738,BOS,W,2017-18
0041700231,2018-04-28,GSW vs. NOP,1610612744,GSW,W,2017-18
0041700221,2018-04-29,HOU vs. UTA,1610612745,HOU,W,2017-18
0041700137,2018-04-29,IND @ CLE,1610612754,IND,L,2017-18
0041700221,2018-04-29,UTA @ HOU,1610612762,UTA,L,2017-18
0041700137,2018-04-29,CLE vs. IND,1610612739,CLE,W,2017-18
0041700211,2018-04-30,PHI @ BOS,1610612755,PHI,L,2017-18
0041700211,2018-04-30,BOS vs. PHI,1610612738,BOS,W,2017-18
0041700232,2018-05-01,NOP @ GSW,1610612740,NOP,L,2017-18
0041700232,2018-05-01,GSW vs. NOP,1610612744,GSW,W,2017-18
0041700201,2018-05-01,CLE @ TOR,1610612739,CLE,W,2017-18
0041700201,2018-05-01,TOR vs. CLE,1610612761,TOR,L,2017-18
0041700222,2018-05-02,HOU vs. UTA,1610612745,HOU,L,2017-18
0041700222,2018-05-02,UTA @ HOU,1610612762,UTA,W,2017-18
0041700212,2018-05-03,PHI @ BOS,1610612755,PHI,L,2017-18
0041700202,2018-05-03,TOR vs. CLE,1610612761,TOR,L,2017-18
0041700202,2018-05-03,CLE @ TOR,1610612739,CLE,W,2017-18
0041700212,2018-05-03,BOS vs. PHI,1610612738,BOS,W,2017-18
0041700223,2018-05-04,HOU @ UTA,1610612745,HOU,W,2017-18
0041700233,2018-05-04,NOP vs. GSW,1610612740,NOP,W,2017-18
0041700223,2018-05-04,UTA vs. HOU,1610612762,UTA,L,2017-18
0041700233,2018-05-04,GSW @ NOP,1610612744,GSW,L,2017-18
0041700213,2018-05-05,BOS @ PHI,1610612738,BOS,W,2017-18
0041700203,2018-05-05,CLE vs. TOR,1610612739,CLE,W,2017-18
0041700213,2018-05-05,PHI vs. BOS,1610612755,PHI,L,2017-18
0041700203,2018-05-05,TOR @ CLE,1610612761,TOR,L,2017-18
0041700224,2018-05-06,UTA vs. HOU,1610612762,UTA,L,2017-18
0041700234,2018-05-06,NOP vs. GSW,1610612740,NOP,L,2017-18
0041700234,2018-05-06,GSW @ NOP,1610612744,GSW,W,2017-18
0041700224,2018-05-06,HOU @ UTA,1610612745,HOU,W,2017-18
0041700204,2018-05-07,TOR @ CLE,1610612761,TOR,L,2017-18
0041700214,2018-05-07,PHI vs. BOS,1610612755,PHI,W,2017-18
0041700204,2018-05-07,CLE vs. TOR,1610612739,CLE,W,2017-18
0041700214,2018-05-07,BOS @ PHI,1610612738,BOS,L,2017-18
0041700225,2018-05-08,UTA @ HOU,1610612762,UTA,L,2017-18
0041700235,2018-05-08,GSW vs. NOP,1610612744,GSW,W,2017-18
0041700235,2018-05-08,NOP @ GSW,1610612740,NOP,L,2017-18
0041700225,2018-05-08,HOU vs. UTA,1610612745,HOU,W,2017-18
0041700215,2018-05-09,BOS vs. PHI,1610612738,BOS,W,2017-18
0041700215,2018-05-09,PHI @ BOS,1610612755,PHI,L,2017-18
0041700301,2018-05-13,CLE @ BOS,1610612739,CLE,L,2017-18
0041700301,2018-05-13,BOS vs. CLE,1610612738,BOS,W,2017-18
0041700311,2018-05-14,HOU vs. GSW,1610612745,HOU,L,2017-18
0041700311,2018-05-14,GSW @ HOU,1610612744,GSW,W,2017-18
0041700302,2018-05-15,BOS vs. CLE,1610612738,BOS,W,2017-18
0041700302,2018-05-15,CLE @ BOS,1610612739,CLE,L,2017-18
0041700312,2018-05-16,GSW @ HOU,1610612744,GSW,L,2017-18
0041700312,2018-05-16,HOU vs. GSW,1610612745,HOU,W,2017-18
0041700303,2018-05-19,CLE vs. BOS,1610612739,CLE,W,2017-18
0041700303,2018-05-19,BOS @ CLE,1610612738,BOS,L,2017-18
0041700313,2018-05-20,HOU @ GSW,1610612745,HOU,L,2017-18
0041700313,2018-05-20,GSW vs. HOU,1610612744,GSW,W,2017-18
0041700304,2018-05-21,CLE vs. BOS,1610612739,CLE,W,2017-18
0041700304,2018-05-21,BOS @ CLE,1610612738,BOS,L,2017-18
0041700314,2018-05-22,GSW vs. HOU,1610612744,GSW,L,2017-18
0041700314,2018-05-22,HOU @ GSW,1610612745,HOU,W,2017-18
0041700305,2018-05-23,CLE @ BOS,1610612739,CLE,L,2017-18
0041700305,2018-05-23,BOS vs. CLE,1610612738,BOS,W,2017-18
0041700315,2018-05-24,HOU vs. GSW,1610612745,HOU,W,2017-18
0041700315,2018-05-24,GSW @ HOU,1610612744,GSW,L,2017-18
0041700306,2018-05-25,CLE vs. BOS,1610612739,CLE,W,2017-18
0041700306,2018-05-25,BOS @ CLE,1610612738,BOS,L,2017-18
0041700316,2018-05-26,GSW vs. HOU,1610612744,GSW,W,2017-18
0041700316,2018-05-26,HOU @ GSW,1610612745,HOU,L,2017-18
0041700307,2018-05-27,BOS vs. CLE,1610612738,BOS,L,2017-18
0041700307,2018-05-27,CLE @ BOS,1610612739,CLE,W,2017-18
0041700317,2018-05-28,HOU vs. GSW,1610612745,HOU,L,2017-18
0041700317,2018-05-28,GSW @ HOU,1610612744,GSW,W,2017-18
0041700401,2018-05-31,CLE @ GSW,1610612739,CLE,L,2017-18
0041700401,2018-05-31,GSW vs. CLE,1610612744,GSW,W,2017-18
0041700402,2018-06-03,GSW vs. CLE,1610612744,GSW,W,2017-18
0041700402,2018-06-03,CLE @ GSW,1610612739,CLE,L,2017-18
0041700403,2018-06-06,GSW @ CLE,1610612744,GSW,W,2017-18
0041700403,2018-06-06,CLE vs. GSW,1610612739,CLE,L,2017-18
0041700404,2018-06-08,CLE vs. GSW,1610612739,CLE,L,2017-18
0041700404,2018-06-08,GSW @ CLE,1610612744,GSW,W,2017-18
0041800151,2019-04-13,DEN vs. SAS,1610612743,DEN,L,2018-19
0041800151,2019-04-13,SAS @ DEN,1610612759,SAS,W,2018-19
0041800121,2019-04-13,BKN @ PHI,1610612751,BKN,W,2018-19
0041800141,2019-04-13,LAC @ GSW,1610612746,LAC,L,2018-19
0041800121,2019-04-13,PHI vs. BKN,1610612755,PHI,L,2018-19
0041800111,2019-04-13,TOR vs. ORL,1610612761,TOR,L,2018-19
0041800141,2019-04-13,GSW vs. LAC,1610612744,GSW,W,2018-19
0041800111,2019-04-13,ORL @ TOR,1610612753,ORL,W,2018-19
0041800161,2019-04-14,POR vs. OKC,1610612757,POR,W,2018-19
0041800131,2019-04-14,BOS vs. IND,1610612738,BOS,W,2018-19
0041800171,2019-04-14,UTA @ HOU,1610612762,UTA,L,2018-19
0041800101,2019-04-14,DET @ MIL,1610612765,DET,L,2018-19
0041800171,2019-04-14,HOU vs. UTA,1610612745,HOU,W,2018-19
0041800161,2019-04-14,OKC @ POR,1610612760,OKC,L,2018-19
0041800101,2019-04-14,MIL vs. DET,1610612749,MIL,W,2018-19
0041800131,2019-04-14,IND @ BOS,1610612754,IND,L,2018-19
0041800122,2019-04-15,BKN @ PHI,1610612751,BKN,L,2018-19
0041800142,2019-04-15,GSW vs. LAC,1610612744,GSW,L,2018-19
0041800122,2019-04-15,PHI vs. BKN,1610612755,PHI,W,2018-19
0041800142,2019-04-15,LAC @ GSW,1610612746,LAC,W,2018-19
0041800162,2019-04-16,OKC @ POR,1610612760,OKC,L,2018-19
0041800112,2019-04-16,TOR vs. ORL,1610612761,TOR,W,2018-19
0041800112,2019-04-16,ORL @ TOR,1610612753,ORL,L,2018-19
0041800152,2019-04-16,SAS @ DEN,1610612759,SAS,L,2018-19
0041800162,2019-04-16,POR vs. OKC,1610612757,POR,W,2018-19
0041800152,2019-04-16,DEN vs. SAS,1610612743,DEN,W,2018-19
0041800172,2019-04-17,UTA @ HOU,1610612762,UTA,L,2018-19
0041800132,2019-04-17,IND @ BOS,1610612754,IND,L,2018-19
0041800102,2019-04-17,DET @ MIL,1610612765,DET,L,2018-19
0041800172,2019-04-17,HOU vs. UTA,1610612745,HOU,W,2018-19
0041800132,2019-04-17,BOS vs. IND,1610612738,BOS,W,2018-19
0041800102,2019-04-17,MIL vs. DET,1610612749,MIL,W,2018-19
0041800143,2019-04-18,LAC vs. GSW,1610612746,LAC,L,2018-19
0041800153,2019-04-18,SAS vs. DEN,1610612759,SAS,W,2018-19
0041800123,2019-04-18,BKN vs. PHI,1610612751,BKN,L,2018-19
0041800153,2019-04-18,DEN @ SAS,1610612743,DEN,L,2018-19
0041800143,2019-04-18,GSW @ LAC,1610612744,GSW,W,2018-19
0041800123,2019-04-18,PHI @ BKN,1610612755,PHI,W,2018-19
0041800163,2019-04-19,OKC vs. POR,1610612760,OKC,W,2018-19
0041800133,2019-04-19,BOS @ IND,1610612738,BOS,W,2018-19
0041800113,2019-04-19,ORL vs. TOR,1610612753,ORL,L,2018-19
0041800163,2019-04-19,POR @ OKC,1610612757,POR,L,2018-19
0041800113,2019-04-19,TOR @ ORL,1610612761,TOR,W,2018-19
0041800133,2019-04-19,IND vs. BOS,1610612754,IND,L,2018-19
0041800124,2019-04-20,PHI @ BKN,1610612755,PHI,W,2018-19
0041800173,2019-04-20,HOU @ UTA,1610612745,HOU,W,2018-19
0041800103,2019-04-20,DET vs. MIL,1610612765,DET,L,2018-19
0041800154,2019-04-20,DEN @ SAS,1610612743,DEN,W,2018-19
0041800173,2019-04-20,UTA vs. HOU,1610612762,UTA,L,2018-19
0041800124,2019-04-20,BKN vs. PHI,1610612751,BKN,L,2018-19
0041800103,2019-04-20,MIL @ DET,1610612749,MIL,W,2018-19
0041800154,2019-04-20,SAS vs. DEN,1610612759,SAS,L,2018-19
0041800134,2019-04-21,IND vs. BOS,1610612754,IND,L,2018-19
0041800114,2019-04-21,TOR @ ORL,1610612761,TOR,W,2018-19
0041800134,2019-04-21,BOS @ IND,1610612738,BOS,W,2018-19
0041800144,2019-04-21,GSW @ LAC,1610612744,GSW,W,2018-19
0041800164,2019-04-21,OKC vs. POR,1610612760,OKC,L,2018-19
0041800114,2019-04-21,ORL vs. TOR,1610612753,ORL,L,2018-19
0041800144,2019-04-21,LAC vs. GSW,1610612746,LAC,L,2018-19
0041800164,2019-04-21,POR @ OKC,1610612757,POR,W,2018-19
0041800174,2019-04-22,HOU @ UTA,1610612745,HOU,L,2018-19
0041800174,2019-04-22,UTA vs. HOU,1610612762,UTA,W,2018-19
0041800104,2019-04-22,MIL @ DET,1610612749,MIL,W,2018-19
0041800104,2019-04-22,DET vs. MIL,1610612765,DET,L,2018-19
0041800165,2019-04-23,OKC @ POR,1610612760,OKC,L,2018-19
0041800155,2019-04-23,SAS @ DEN,1610612759,SAS,L,2018-19
0041800125,2019-04-23,BKN @ PHI,1610612751,BKN,L,2018-19
0041800165,2019-04-23,POR vs. OKC,1610612757,POR,W,2018-19
0041800155,2019-04-23,DEN vs. SAS,1610612743,DEN,W,2018-19
0041800125,2019-04-23,PHI vs. BKN,1610612755,PHI,W,2018-19
0041800115,2019-04-23,ORL @ TOR,1610612753,ORL,L,2018-19
0041800115,2019-04-23,TOR vs. ORL,1610612761,TOR,W,2018-19
0041800145,2019-04-24,LAC @ GSW,1610612746,LAC,W,2018-19
0041800145,2019-04-24,GSW vs. LAC,1610612744,GSW,L,2018-19
0041800175,2019-04-24,HOU vs. UTA,1610612745,HOU,W,2018-19
0041800175,2019-04-24,UTA @ HOU,1610612762,UTA,L,2018-19
0041800156,2019-04-25,DEN @ SAS,1610612743,DEN,L,2018-19
0041800156,2019-04-25,SAS vs. DEN,1610612759,SAS,W,2018-19
0041800146,2019-04-26,GSW @ LAC,1610612744,GSW,W,2018-19
0041800146,2019-04-26,LAC vs. GSW,1610612746,LAC,L,2018-19
0041800157,2019-04-27,SAS @ DEN,1610612759,SAS,L,2018-19
0041800157,2019-04-27,DEN vs. SAS,1610612743,DEN,W,2018-19
0041800211,2019-04-27,TOR vs. PHI,1610612761,TOR,W,2018-19
0041800211,2019-04-27,PHI @ TOR,1610612755,PHI,L,2018-19
0041800221,2019-04-28,HOU @ GSW,1610612745,HOU,L,2018-19
0041800201,2019-04-28,MIL vs. BOS,1610612749,MIL,L,2018-19
0041800201,2019-04-28,BOS @ MIL,1610612738,BOS,W,2018-19
0041800221,2019-04-28,GSW vs. HOU,1610612744,GSW,W,2018-19
0041800212,2019-04-29,PHI @ TOR,1610612755,PHI,W,2018-19
0041800212,2019-04-29,TOR vs. PHI,1610612761,TOR,L,2018-19
0041800231,2019-04-29,POR @ DEN,1610612757,POR,L,2018-19
0041800231,2019-04-29,DEN vs. POR,1610612743,DEN,W,2018-19
0041800202,2019-04-30,BOS @ MIL,1610612738,BOS,L,2018-19
0041800222,2019-04-30,HOU @ GSW,1610612745,HOU,L,2018-19
0041800202,2019-04-30,MIL vs. BOS,1610612749,MIL,W,2018-19
0041800222,2019-04-30,GSW vs. HOU,1610612744,GSW,W,2018-19
0041800232,2019-05-01,DEN vs. POR,1610612743,DEN,L,2018-19
0041800232,2019-05-01,POR @ DEN,1610612757,POR,W,2018-19
0041800213,2019-05-02,TOR @ PHI,1610612761,TOR,L,2018-19
0041800213,2019-05-02,PHI vs. TOR,1610612755,PHI,W,2018-19
0041800203,2019-05-03,MIL @ BOS,1610612749,MIL,W,2018-19
0041800233,2019-05-03,DEN @ POR,1610612743,DEN,L,2018-19
0041800233,2019-05-03,POR vs. DEN,1610612757,POR,W,2018-19
0041800203,2019-05-03,BOS vs. MIL,1610612738,BOS,L,2018-19
0041800223,2019-05-04,HOU vs. GSW,1610612745,HOU,W,2018-19
0041800223,2019-05-04,GSW @ HOU,1610612744,GSW,L,2018-19
0041800234,2019-05-05,DEN @ POR,1610612743,DEN,W,2018-19
0041800214,2019-05-05,TOR @ PHI,1610612761,TOR,W,2018-19
0041800214,2019-05-05,PHI vs. TOR,1610612755,PHI,L,2018-19
0041800234,2019-05-05,POR vs. DEN,1610612757,POR,L,2018-19
0041800224,2019-05-06,GSW @ HOU,1610612744,GSW,L,2018-19
0041800204,2019-05-06,BOS vs. MIL,1610612738,BOS,L,2018-19
0041800224,2019-05-06,HOU vs. GSW,1610612745,HOU,W,2018-19
0041800204,2019-05-06,MIL @ BOS,1610612749,MIL,W,2018-19
0041800215,2019-05-07,TOR vs. PHI,1610612761,TOR,W,2018-19
0041800215,2019-05-07,PHI @ TOR,1610612755,PHI,L,2018-19
0041800235,2019-05-07,POR @ DEN,1610612757,POR,L,2018-19
0041800235,2019-05-07,DEN vs. POR,1610612743,DEN,W,2018-19
0041800205,2019-05-08,BOS @ MIL,1610612738,BOS,L,2018-19
0041800205,2019-05-08,MIL vs. BOS,1610612749,MIL,W,2018-19
0041800225,2019-05-08,GSW vs. HOU,1610612744,GSW,W,2018-19
0041800225,2019-05-08,HOU @ GSW,1610612745,HOU,L,2018-19
0041800216,2019-05-09,PHI vs. TOR,1610612755,PHI,W,2018-19
0041800236,2019-05-09,DEN @ POR,1610612743,DEN,L,2018-19
0041800216,2019-05-09,TOR @ PHI,1610612761,TOR,L,2018-19
0041800236,2019-05-09,POR vs. DEN,1610612757,POR,W,2018-19
0041800226,2019-05-10,HOU vs. GSW,1610612745,HOU,L,2018-19
0041800226,2019-05-10,GSW @ HOU,1610612744,GSW,W,2018-19
0041800217,2019-05-12,TOR vs. PHI,1610612761,TOR,W,2018-19
0041800217,2019-05-12,PHI @ TOR,1610612755,PHI,L,2018-19
0041800237,2019-05-12,POR @ DEN,1610612757,POR,W,2018-19
0041800237,2019-05-12,DEN vs. POR,1610612743,DEN,L,2018-19
0041800311,2019-05-14,GSW vs. POR,1610612744,GSW,W,2018-19
0041800311,2019-05-14,POR @ GSW,1610612757,POR,L,2018-19
0041800301,2019-05-15,MIL vs. TOR,1610612749,MIL,W,2018-19
0041800301,2019-05-15,TOR @ MIL,1610612761,TOR,L,2018-19
0041800312,2019-05-16,POR @ GSW,1610612757,POR,L,2018-19
0041800312,2019-05-16,GSW vs. POR,1610612744,GSW,W,2018-19
0041800302,2019-05-17,TOR @ MIL,1610612761,TOR,L,2018-19
0041800302,2019-05-17,MIL vs. TOR,1610612749,MIL,W,2018-19
0041800313,2019-05-18,GSW @ POR,1610612744,GSW,W,2018-19
0041800313,2019-05-18,POR vs. GSW,1610612757,POR,L,2018-19
0041800303,2019-05-19,TOR vs. MIL,1610612761,TOR,W,2018-19
0041800303,2019-05-19,MIL @ TOR,1610612749,MIL,L,2018-19
0041800314,2019-05-20,GSW @ POR,1610612744,GSW,W,2018-19
0041800314,2019-05-20,POR vs. GSW,1610612757,POR,L,2018-19
0041800304,2019-05-21,TOR vs. MIL,1610612761,TOR,W,2018-19
0041800304,2019-05-21,MIL @ TOR,1610612749,MIL,L,2018-19
0041800305,2019-05-23,TOR @ MIL,1610612761,TOR,W,2018-19
0041800305,2019-05-23,MIL vs. TOR,1610612749,MIL,L,2018-19
0041800306,2019-05-25,MIL @ TOR,1610612749,MIL,L,2018-19
0041800306,2019-05-25,TOR vs. MIL,1610612761,TOR,W,2018-19
0041800401,2019-05-30,TOR vs. GSW,1610612761,TOR,W,2018-19
0041800401,2019-05-30,GSW @ TOR,1610612744,GSW,L,2018-19
0041800402,2019-06-02,GSW @ TOR,1610612744,GSW,W,2018-19
0041800402,2019-06-02,TOR vs. GSW,1610612761,TOR,L,2018-19
0041800403,2019-06-05,GSW vs. TOR,1610612744,GSW,L,2018-19
0041800403,2019-06-05,TOR @ GSW,1610612761,TOR,W,2018-19
0041800404,2019-06-07,TOR @ GSW,1610612761,TOR,W,2018-19
0041800404,2019-06-07,GSW vs. TOR,1610612744,GSW,L,2018-19
0041800405,2019-06-10,TOR vs. GSW,1610612761,TOR,L,2018-19
0041800405,2019-06-10,GSW @ TOR,1610612744,GSW,W,2018-19
0041800406,2019-06-13,GSW vs. TOR,1610612744,GSW,L,2018-19
0041800406,2019-06-13,TOR @ GSW,1610612761,TOR,W,2018-19
0041900161,2020-08-17,UTA @ DEN,1610612762,UTA,L,2019-20
0041900151,2020-08-17,LAC vs. DAL,1610612746,LAC,W,2019-20
0041900161,2020-08-17,DEN vs. UTA,1610612743,DEN,W,2019-20
0041900151,2020-08-17,DAL @ LAC,1610612742,DAL,L,2019-20
0041900121,2020-08-17,PHI @ BOS,1610612755,PHI,L,2019-20
0041900111,2020-08-17,BKN @ TOR,1610612751,BKN,L,2019-20
0041900111,2020-08-17,TOR vs. BKN,1610612761,TOR,W,2019-20
0041900121,2020-08-17,BOS vs. PHI,1610612738,BOS,W,2019-20
0041900101,2020-08-18,MIL vs. ORL,1610612749,MIL,L,2019-20
0041900131,2020-08-18,IND vs. MIA,1610612754,IND,L,2019-20
0041900171,2020-08-18,OKC @ HOU,1610612760,OKC,L,2019-20
0041900141,2020-08-18,LAL vs. POR,1610612747,LAL,L,2019-20
0041900131,2020-08-18,MIA @ IND,1610612748,MIA,W,2019-20
0041900141,2020-08-18,POR @ LAL,1610612757,POR,W,2019-20
0041900101,2020-08-18,ORL @ MIL,1610612753,ORL,W,2019-20
0041900171,2020-08-18,HOU vs. OKC,1610612745,HOU,W,2019-20
0041900152,2020-08-19,LAC vs. DAL,1610612746,LAC,L,2019-20
0041900162,2020-08-19,UTA @ DEN,1610612762,UTA,W,2019-20
0041900162,2020-08-19,DEN vs. UTA,1610612743,DEN,L,2019-20
0041900112,2020-08-19,TOR vs. BKN,1610612761,TOR,W,2019-20
0041900152,2020-08-19,DAL @ LAC,1610612742,DAL,W,2019-20
0041900112,2020-08-19,BKN @ TOR,1610612751,BKN,L,2019-20
0041900122,2020-08-19,PHI @ BOS,1610612755,PHI,L,2019-20
0041900122,2020-08-19,BOS vs. PHI,1610612738,BOS,W,2019-20
0041900142,2020-08-20,POR @ LAL,1610612757,POR,L,2019-20
0041900102,2020-08-20,MIL vs. ORL,1610612749,MIL,W,2019-20
0041900102,2020-08-20,ORL @ MIL,1610612753,ORL,L,2019-20
0041900132,2020-08-20,MIA @ IND,1610612748,MIA,W,2019-20
0041900172,2020-08-20,OKC @ HOU,1610612760,OKC,L,2019-20
0041900142,2020-08-20,LAL vs. POR,1610612747,LAL,W,2019-20
0041900132,2020-08-20,IND vs. MIA,1610612754,IND,L,2019-20
0041900172,2020-08-20,HOU vs. OKC,1610612745,HOU,W,2019-20
0041900123,2020-08-21,BOS @ PHI,1610612738,BOS,W,2019-20
0041900153,2020-08-21,DAL vs. LAC,1610612742,DAL,L,2019-20
0041900123,2020-08-21,PHI vs. BOS,1610612755,PHI,L,2019-20
0041900153,2020-08-21,LAC @ DAL,1610612746,LAC,W,2019-20
0041900113,2020-08-21,BKN vs. TOR,1610612751,BKN,L,2019-20
0041900113,2020-08-21,TOR @ BKN,1610612761,TOR,W,2019-20
0041900163,2020-08-21,UTA vs. DEN,1610612762,UTA,W,2019-20
0041900163,2020-08-21,DEN @ UTA,1610612743,DEN,L,2019-20
0041900173,2020-08-22,OKC vs. HOU,1610612760,OKC,W,2019-20
0041900103,2020-08-22,ORL vs. MIL,1610612753,ORL,L,2019-20
0041900143,2020-08-22,POR vs. LAL,1610612757,POR,L,2019-20
0041900133,2020-08-22,MIA vs. IND,1610612748,MIA,W,2019-20
0041900103,2020-08-22,MIL @ ORL,1610612749,MIL,W,2019-20
0041900143,2020-08-22,LAL @ POR,1610612747,LAL,W,2019-20
0041900133,2020-08-22,IND @ MIA,1610612754,IND,L,2019-20
0041900173,2020-08-22,HOU @ OKC,1610612745,HOU,L,2019-20
0041900124,2020-08-23,PHI vs. BOS,1610612755,PHI,L,2019-20
0041900114,2020-08-23,BKN vs. TOR,1610612751,BKN,L,2019-20
0041900164,2020-08-23,DEN @ UTA,1610612743,DEN,L,2019-20
0041900154,2020-08-23,DAL vs. LAC,1610612742,DAL,W,2019-20
0041900154,2020-08-23,LAC @ DAL,1610612746,LAC,L,2019-20
0041900114,2020-08-23,TOR @ BKN,1610612761,TOR,W,2019-20
0041900124,2020-08-23,BOS @ PHI,1610612738,BOS,W,2019-20
0041900164,2020-08-23,UTA vs. DEN,1610612762,UTA,W,2019-20
0041900174,2020-08-24,HOU @ OKC,1610612745,HOU,L,2019-20
0041900144,2020-08-24,POR vs. LAL,1610612757,POR,L,2019-20
0041900134,2020-08-24,IND @ MIA,1610612754,IND,L,2019-20
0041900104,2020-08-24,MIL @ ORL,1610612749,MIL,W,2019-20
0041900104,2020-08-24,ORL vs. MIL,1610612753,ORL,L,2019-20
0041900134,2020-08-24,MIA vs. IND,1610612748,MIA,W,2019-20
0041900144,2020-08-24,LAL @ POR,1610612747,LAL,W,2019-20
0041900174,2020-08-24,OKC vs. HOU,1610612760,OKC,W,2019-20
0041900155,2020-08-25,DAL @ LAC,1610612742,DAL,L,2019-20
0041900165,2020-08-25,DEN vs. UTA,1610612743,DEN,W,2019-20
0041900155,2020-08-25,LAC vs. DAL,1610612746,LAC,W,2019-20
0041900165,2020-08-25,UTA @ DEN,1610612762,UTA,L,2019-20
0041900175,2020-08-29,OKC @ HOU,1610612760,OKC,L,2019-20
0041900145,2020-08-29,POR @ LAL,1610612757,POR,L,2019-20
0041900145,2020-08-29,LAL vs. POR,1610612747,LAL,W,2019-20
0041900175,2020-08-29,HOU vs. OKC,1610612745,HOU,W,2019-20
0041900105,2020-08-29,ORL @ MIL,1610612753,ORL,L,2019-20
0041900105,2020-08-29,MIL vs. ORL,1610612749,MIL,W,2019-20
0041900211,2020-08-30,BOS @ TOR,1610612738,BOS,W,2019-20
0041900156,2020-08-30,LAC @ DAL,1610612746,LAC,W,2019-20
0041900166,2020-08-30,DEN @ UTA,1610612743,DEN,W,2019-20
0041900211,2020-08-30,TOR vs. BOS,1610612761,TOR,L,2019-20
0041900156,2020-08-30,DAL vs. LAC,1610612742,DAL,L,2019-20
0041900166,2020-08-30,UTA vs. DEN,1610612762,UTA,L,2019-20
0041900176,2020-08-31,OKC vs. HOU,1610612760,OKC,W,2019-20
0041900176,2020-08-31,HOU @ OKC,1610612745,HOU,L,2019-20
0041900201,2020-08-31,MIA @ MIL,1610612748,MIA,W,2019-20
0041900201,2020-08-31,MIL vs. MIA,1610612749,MIL,L,2019-20
0041900167,2020-09-01,UTA @ DEN,1610612762,UTA,L,2019-20
0041900212,2020-09-01,BOS @ TOR,1610612738,BOS,W,2019-20
0041900212,2020-09-01,TOR vs. BOS,1610612761,TOR,L,2019-20
0041900167,2020-09-01,DEN vs. UTA,1610612743,DEN,W,2019-20
0041900202,2020-09-02,MIA @ MIL,1610612748,MIA,W,2019-20
0041900177,2020-09-02,OKC @ HOU,1610612760,OKC,L,2019-20
0041900202,2020-09-02,MIL vs. MIA,1610612749,MIL,L,2019-20
0041900177,2020-09-02,HOU vs. OKC,1610612745,HOU,W,2019-20
0041900231,2020-09-03,DEN @ LAC,1610612743,DEN,L,2019-20
0041900213,2020-09-03,BOS vs. TOR,1610612738,BOS,L,2019-20
0041900213,2020-09-03,TOR @ BOS,1610612761,TOR,W,2019-20
0041900231,2020-09-03,LAC vs. DEN,1610612746,LAC,W,2019-20
0041900203,2020-09-04,MIA vs. MIL,1610612748,MIA,W,2019-20
0041900203,2020-09-04,MIL @ MIA,1610612749,MIL,L,2019-20
0041900221,2020-09-04,LAL vs. HOU,1610612747,LAL,L,2019-20
0041900221,2020-09-04,HOU @ LAL,1610612745,HOU,W,2019-20
0041900232,2020-09-05,DEN @ LAC,1610612743,DEN,W,2019-20
0041900214,2020-09-05,TOR @ BOS,1610612761,TOR,W,2019-20
0041900232,2020-09-05,LAC vs. DEN,1610612746,LAC,L,2019-20
0041900214,2020-09-05,BOS vs. TOR,1610612738,BOS,L,2019-20
0041900204,2020-09-06,MIL @ MIA,1610612749,MIL,W,2019-20
0041900204,2020-09-06,MIA vs. MIL,1610612748,MIA,L,2019-20
0041900222,2020-09-06,HOU @ LAL,1610612745,HOU,L,2019-20
0041900222,2020-09-06,LAL vs. HOU,1610612747,LAL,W,2019-20
0041900233,2020-09-07,LAC @ DEN,1610612746,LAC,W,2019-20
0041900215,2020-09-07,TOR vs. BOS,1610612761,TOR,L,2019-20
0041900215,2020-09-07,BOS @ TOR,1610612738,BOS,W,2019-20
0041900233,2020-09-07,DEN vs. LAC,1610612743,DEN,L,2019-20
0041900205,2020-09-08,MIL vs. MIA,1610612749,MIL,L,2019-20
0041900223,2020-09-08,HOU vs. LAL,1610612745,HOU,L,2019-20
0041900223,2020-09-08,LAL @ HOU,1610612747,LAL,W,2019-20
0041900205,2020-09-08,MIA @ MIL,1610612748,MIA,W,2019-20
0041900216,2020-09-09,TOR @ BOS,1610612761,TOR,W,2019-20
0041900216,2020-09-09,BOS vs. TOR,1610612738,BOS,L,2019-20
0041900234,2020-09-09,LAC @ DEN,1610612746,LAC,W,2019-20
0041900234,2020-09-09,DEN vs. LAC,1610612743,DEN,L,2019-20
0041900224,2020-09-10,HOU vs. LAL,1610612745,HOU,L,2019-20
0041900224,2020-09-10,LAL @ HOU,1610612747,LAL,W,2019-20
0041900217,2020-09-11,BOS @ TOR,1610612738,BOS,W,2019-20
0041900235,2020-09-11,LAC vs. DEN,1610612746,LAC,L,2019-20
0041900217,2020-09-11,TOR vs. BOS,1610612761,TOR,L,2019-20
0041900235,2020-09-11,DEN @ LAC,1610612743,DEN,W,2019-20
0041900225,2020-09-12,LAL vs. HOU,1610612747,LAL,W,2019-20
0041900225,2020-09-12,HOU @ LAL,1610612745,HOU,L,2019-20
0041900236,2020-09-13,LAC @ DEN,1610612746,LAC,L,2019-20
0041900236,2020-09-13,DEN vs. LAC,1610612743,DEN,W,2019-20
0041900301,2020-09-15,MIA @ BOS,1610612748,MIA,W,2019-20
0041900237,2020-09-15,DEN @ LAC,1610612743,DEN,W,2019-20
0041900301,2020-09-15,BOS vs. MIA,1610612738,BOS,L,2019-20
0041900237,2020-09-15,LAC vs. DEN,1610612746,LAC,L,2019-20
0041900302,2020-09-17,BOS vs. MIA,1610612738,BOS,L,2019-20
0041900302,2020-09-17,MIA @ BOS,1610612748,MIA,W,2019-20
0041900311,2020-09-18,DEN @ LAL,1610612743,DEN,L,2019-20
0041900311,2020-09-18,LAL vs. DEN,1610612747,LAL,W,2019-20
0041900303,2020-09-19,BOS @ MIA,1610612738,BOS,W,2019-20
0041900303,2020-09-19,MIA vs. BOS,1610612748,MIA,L,2019-20
0041900312,2020-09-20,DEN @ LAL,1610612743,DEN,L,2019-20
0041900312,2020-09-20,LAL vs. DEN,1610612747,LAL,W,2019-20
0041900313,2020-09-22,DEN vs. LAL,1610612743,DEN,W,2019-20
0041900313,2020-09-22,LAL @ DEN,1610612747,LAL,L,2019-20
0041900304,2020-09-23,MIA vs. BOS,1610612748,MIA,W,2019-20
0041900304,2020-09-23,BOS @ MIA,1610612738,BOS,L,2019-20
0041900314,2020-09-24,DEN vs. LAL,1610612743,DEN,L,2019-20
0041900314,2020-09-24,LAL @ DEN,1610612747,LAL,W,2019-20
0041900305,2020-09-25,MIA @ BOS,1610612748,MIA,L,2019-20
0041900305,2020-09-25,BOS vs. MIA,1610612738,BOS,W,2019-20
0041900315,2020-09-26,LAL vs. DEN,1610612747,LAL,W,2019-20
0041900315,2020-09-26,DEN @ LAL,1610612743,DEN,L,2019-20
0041900306,2020-09-27,MIA vs. BOS,1610612748,MIA,W,2019-20
0041900306,2020-09-27,BOS @ MIA,1610612738,BOS,L,2019-20
0041900401,2020-09-30,MIA @ LAL,1610612748,MIA,L,2019-20
0041900401,2020-09-30,LAL vs. MIA,1610612747,LAL,W,2019-20
0041900402,2020-10-02,MIA @ LAL,1610612748,MIA,L,2019-20
0041900402,2020-10-02,LAL vs. MIA,1610612747,LAL,W,2019-20
0041900403,2020-10-04,LAL @ MIA,1610612747,LAL,L,2019-20
0041900403,2020-10-04,MIA vs. LAL,1610612748,MIA,W,2019-20
0041900404,2020-10-06,LAL @ MIA,1610612747,LAL,W,2019-20
0041900404,2020-10-06,MIA vs. LAL,1610612748,MIA,L,2019-20
0041900405,2020-10-09,MIA @ LAL,1610612748,MIA,W,2019-20
0041900405,2020-10-09,LAL vs. MIA,1610612747,LAL,L,2019-20
0041900406,2020-10-11,MIA vs. LAL,1610612748,MIA,L,2019-20
0041900406,2020-10-11,LAL @ MIA,1610612747,LAL,W,2019-20
0042000161,2021-05-22,DEN vs. POR,1610612743,DEN,L,2020-21
0042000111,2021-05-22,BOS @ BKN,1610612738,BOS,L,2020-21
0042000171,2021-05-22,LAC vs. DAL,1610612746,LAC,L,2020-21
0042000171,2021-05-22,DAL @ LAC,1610612742,DAL,W,2020-21
0042000111,2021-05-22,BKN vs. BOS,1610612751,BKN,W,2020-21
0042000121,2021-05-22,MIA @ MIL,1610612748,MIA,L,2020-21
0042000121,2021-05-22,MIL vs. MIA,1610612749,MIL,W,2020-21
0042000161,2021-05-22,POR @ DEN,1610612757,POR,W,2020-21
0042000131,2021-05-23,ATL @ NYK,1610612737,ATL,W,2020-21
0042000131,2021-05-23,NYK vs. ATL,1610612752,NYK,L,2020-21
0042000101,2021-05-23,PHI vs. WAS,1610612755,PHI,W,2020-21
0042000151,2021-05-23,LAL @ PHX,1610612747,LAL,L,2020-21
0042000101,2021-05-23,WAS @ PHI,1610612764,WAS,L,2020-21
0042000151,2021-05-23,PHX vs. LAL,1610612756,PHX,W,2020-21
0042000141,2021-05-23,UTA vs. MEM,1610612762,UTA,L,2020-21
0042000141,2021-05-23,MEM @ UTA,1610612763,MEM,W,2020-21
0042000122,2021-05-24,MIA @ MIL,1610612748,MIA,L,2020-21
0042000122,2021-05-24,MIL vs. MIA,1610612749,MIL,W,2020-21
0042000162,2021-05-24,POR @ DEN,1610612757,POR,L,2020-21
0042000162,2021-05-24,DEN vs. POR,1610612743,DEN,W,2020-21
0042000112,2021-05-25,BOS @ BKN,1610612738,BOS,L,2020-21
0042000152,2021-05-25,LAL @ PHX,1610612747,LAL,W,2020-21
0042000172,2021-05-25,LAC vs. DAL,1610612746,LAC,L,2020-21
0042000112,2021-05-25,BKN vs. BOS,1610612751,BKN,W,2020-21
0042000172,2021-05-25,DAL @ LAC,1610612742,DAL,W,2020-21
0042000152,2021-05-25,PHX vs. LAL,1610612756,PHX,L,2020-21
0042000102,2021-05-26,WAS @ PHI,1610612764,WAS,L,2020-21
0042000142,2021-05-26,MEM @ UTA,1610612763,MEM,L,2020-21
0042000142,2021-05-26,UTA vs. MEM,1610612762,UTA,W,2020-21
0042000132,2021-05-26,NYK vs. ATL,1610612752,NYK,W,2020-21
0042000102,2021-05-26,PHI vs. WAS,1610612755,PHI,W,2020-21
0042000132,2021-05-26,ATL @ NYK,1610612737,ATL,L,2020-21
0042000123,2021-05-27,MIA vs. MIL,1610612748,MIA,L,2020-21
0042000123,2021-05-27,MIL @ MIA,1610612749,MIL,W,2020-21
0042000163,2021-05-27,POR vs. DEN,1610612757,POR,L,2020-21
0042000153,2021-05-27,PHX @ LAL,1610612756,PHX,L,2020-21
0042000153,2021-05-27,LAL vs. PHX,1610612747,LAL,W,2020-21
0042000163,2021-05-27,DEN @ POR,1610612743,DEN,W,2020-21
0042000113,2021-05-28,BOS vs. BKN,1610612738,BOS,W,2020-21
0042000173,2021-05-28,LAC @ DAL,1610612746,LAC,W,2020-21
0042000133,2021-05-28,ATL vs. NYK,1610612737,ATL,W,2020-21
0042000173,2021-05-28,DAL vs. LAC,1610612742,DAL,L,2020-21
0042000133,2021-05-28,NYK @ ATL,1610612752,NYK,L,2020-21
0042000113,2021-05-28,BKN @ BOS,1610612751,BKN,L,2020-21
0042000143,2021-05-29,MEM vs. UTA,1610612763,MEM,L,2020-21
0042000124,2021-05-29,MIA vs. MIL,1610612748,MIA,L,2020-21
0042000103,2021-05-29,PHI @ WAS,1610612755,PHI,W,2020-21
0042000124,2021-05-29,MIL @ MIA,1610612749,MIL,W,2020-21
0042000143,2021-05-29,UTA @ MEM,1610612762,UTA,W,2020-21
0042000164,2021-05-29,POR vs. DEN,1610612757,POR,W,2020-21
0042000103,2021-05-29,WAS vs. PHI,1610612764,WAS,L,2020-21
0042000164,2021-05-29,DEN @ POR,1610612743,DEN,L,2020-21
0042000114,2021-05-30,BOS vs. BKN,1610612738,BOS,L,2020-21
0042000134,2021-05-30,ATL vs. NYK,1610612737,ATL,W,2020-21
0042000154,2021-05-30,LAL vs. PHX,1610612747,LAL,L,2020-21
0042000134,2021-05-30,NYK @ ATL,1610612752,NYK,L,2020-21
0042000114,2021-05-30,BKN @ BOS,1610612751,BKN,W,2020-21
0042000174,2021-05-30,LAC @ DAL,1610612746,LAC,W,2020-21
0042000174,2021-05-30,DAL vs. LAC,1610612742,DAL,L,2020-21
0042000154,2021-05-30,PHX @ LAL,1610612756,PHX,W,2020-21
0042000104,2021-05-31,WAS vs. PHI,1610612764,WAS,W,2020-21
0042000144,2021-05-31,UTA @ MEM,1610612762,UTA,W,2020-21
0042000104,2021-05-31,PHI @ WAS,1610612755,PHI,L,2020-21
0042000144,2021-05-31,MEM vs. UTA,1610612763,MEM,L,2020-21
0042000115,2021-06-01,BKN vs. BOS,1610612751,BKN,W,2020-21
0042000165,2021-06-01,DEN vs. POR,1610612743,DEN,W,2020-21
0042000115,2021-06-01,BOS @ BKN,1610612738,BOS,L,2020-21
0042000165,2021-06-01,POR @ DEN,1610612757,POR,L,2020-21
0042000155,2021-06-01,LAL @ PHX,1610612747,LAL,L,2020-21
0042000155,2021-06-01,PHX vs. LAL,1610612756,PHX,W,2020-21
0042000175,2021-06-02,LAC vs. DAL,1610612746,LAC,L,2020-21
0042000135,2021-06-02,ATL @ NYK,1610612737,ATL,W,2020-21
0042000105,2021-06-02,WAS @ PHI,1610612764,WAS,L,2020-21
0042000135,2021-06-02,NYK vs. ATL,1610612752,NYK,L,2020-21
0042000145,2021-06-02,UTA vs. MEM,1610612762,UTA,W,2020-21
0042000175,2021-06-02,DAL @ LAC,1610612742,DAL,W,2020-21
0042000105,2021-06-02,PHI vs. WAS,1610612755,PHI,W,2020-21
0042000145,2021-06-02,MEM @ UTA,1610612763,MEM,L,2020-21
0042000166,2021-06-03,POR vs. DEN,1610612757,POR,L,2020-21
0042000156,2021-06-03,LAL vs. PHX,1610612747,LAL,L,2020-21
0042000156,2021-06-03,PHX @ LAL,1610612756,PHX,W,2020-21
0042000166,2021-06-03,DEN @ POR,1610612743,DEN,W,2020-21
0042000176,2021-06-04,DAL vs. LAC,1610612742,DAL,L,2020-21
0042000176,2021-06-04,LAC @ DAL,1610612746,LAC,W,2020-21
0042000211,2021-06-05,MIL @ BKN,1610612749,MIL,L,2020-21
0042000211,2021-06-05,BKN vs. MIL,1610612751,BKN,W,2020-21
0042000201,2021-06-06,ATL @ PHI,1610612737,ATL,W,2020-21
0042000201,2021-06-06,PHI vs. ATL,1610612755,PHI,L,2020-21
0042000177,2021-06-06,LAC vs. DAL,1610612746,LAC,W,2020-21
0042000177,2021-06-06,DAL @ LAC,1610612742,DAL,L,2020-21
0042000212,2021-06-07,MIL @ BKN,1610612749,MIL,L,2020-21
0042000231,2021-06-07,DEN @ PHX,1610612743,DEN,L,2020-21
0042000231,2021-06-07,PHX vs. DEN,1610612756,PHX,W,2020-21
0042000212,2021-06-07,BKN vs. MIL,1610612751,BKN,W,2020-21
0042000202,2021-06-08,ATL @ PHI,1610612737,ATL,L,2020-21
0042000221,2021-06-08,UTA vs. LAC,1610612762,UTA,W,2020-21
0042000202,2021-06-08,PHI vs. ATL,1610612755,PHI,W,2020-21
0042000221,2021-06-08,LAC @ UTA,1610612746,LAC,L,2020-21
0042000232,2021-06-09,PHX vs. DEN,1610612756,PHX,W,2020-21
0042000232,2021-06-09,DEN @ PHX,1610612743,DEN,L,2020-21
0042000213,2021-06-10,MIL vs. BKN,1610612749,MIL,W,2020-21
0042000222,2021-06-10,LAC @ UTA,1610612746,LAC,L,2020-21
0042000222,2021-06-10,UTA vs. LAC,1610612762,UTA,W,2020-21
0042000213,2021-06-10,BKN @ MIL,1610612751,BKN,L,2020-21
0042000203,2021-06-11,PHI @ ATL,1610612755,PHI,W,2020-21
0042000203,2021-06-11,ATL vs. PHI,1610612737,ATL,L,2020-21
0042000233,2021-06-11,DEN vs. PHX,1610612743,DEN,L,2020-21
0042000233,2021-06-11,PHX @ DEN,1610612756,PHX,W,2020-21
0042000223,2021-06-12,UTA @ LAC,1610612762,UTA,L,2020-21
0042000223,2021-06-12,LAC vs. UTA,1610612746,LAC,W,2020-21
0042000234,2021-06-13,PHX @ DEN,1610612756,PHX,W,2020-21
0042000214,2021-06-13,BKN @ MIL,1610612751,BKN,L,2020-21
0042000234,2021-06-13,DEN vs. PHX,1610612743,DEN,L,2020-21
0042000214,2021-06-13,MIL vs. BKN,1610612749,MIL,W,2020-21
0042000224,2021-06-14,LAC vs. UTA,1610612746,LAC,W,2020-21
0042000224,2021-06-14,UTA @ LAC,1610612762,UTA,L,2020-21
0042000204,2021-06-14,PHI @ ATL,1610612755,PHI,L,2020-21
0042000204,2021-06-14,ATL vs. PHI,1610612737,ATL,W,2020-21
0042000215,2021-06-15,MIL @ BKN,1610612749,MIL,L,2020-21
0042000215,2021-06-15,BKN vs. MIL,1610612751,BKN,W,2020-21
0042000205,2021-06-16,ATL @ PHI,1610612737,ATL,W,2020-21
0042000205,2021-06-16,PHI vs. ATL,1610612755,PHI,L,2020-21
0042000225,2021-06-16,LAC @ UTA,1610612746,LAC,W,2020-21
0042000225,2021-06-16,UTA vs. LAC,1610612762,UTA,L,2020-21
0042000216,2021-06-17,MIL vs. BKN,1610612749,MIL,W,2020-21
0042000216,2021-06-17,BKN @ MIL,1610612751,BKN,L,2020-21
0042000206,2021-06-18,ATL vs. PHI,1610612737,ATL,L,2020-21
0042000226,2021-06-18,LAC vs. UTA,1610612746,LAC,W,2020-21
0042000226,2021-06-18,UTA @ LAC,1610612762,UTA,L,2020-21
0042000206,2021-06-18,PHI @ ATL,1610612755,PHI,W,2020-21
0042000217,2021-06-19,BKN vs. MIL,1610612751,BKN,L,2020-21
0042000217,2021-06-19,MIL @ BKN,1610612749,MIL,W,2020-21
0042000207,2021-06-20,PHI vs. ATL,1610612755,PHI,L,2020-21
0042000311,2021-06-20,LAC @ PHX,1610612746,LAC,L,2020-21
0042000311,2021-06-20,PHX vs. LAC,1610612756,PHX,W,2020-21
0042000207,2021-06-20,ATL @ PHI,1610612737,ATL,W,2020-21
0042000312,2021-06-22,LAC @ PHX,1610612746,LAC,L,2020-21
0042000312,2021-06-22,PHX vs. LAC,1610612756,PHX,W,2020-21
0042000301,2021-06-23,MIL vs. ATL,1610612749,MIL,L,2020-21
0042000301,2021-06-23,ATL @ MIL,1610612737,ATL,W,2020-21
0042000313,2021-06-24,PHX @ LAC,1610612756,PHX,L,2020-21
0042000313,2021-06-24,LAC vs. PHX,1610612746,LAC,W,2020-21
0042000302,2021-06-25,ATL @ MIL,1610612737,ATL,L,2020-21
0042000302,2021-06-25,MIL vs. ATL,1610612749,MIL,W,2020-21
0042000314,2021-06-26,PHX @ LAC,1610612756,PHX,W,2020-21
0042000314,2021-06-26,LAC vs. PHX,1610612746,LAC,L,2020-21
0042000303,2021-06-27,MIL @ ATL,1610612749,MIL,W,2020-21
0042000303,2021-06-27,ATL vs. MIL,1610612737,ATL,L,2020-21
0042000315,2021-06-28,LAC @ PHX,1610612746,LAC,W,2020-21
0042000315,2021-06-28,PHX vs. LAC,1610612756,PHX,L,2020-21
0042000304,2021-06-29,MIL @ ATL,1610612749,MIL,L,2020-21
0042000304,2021-06-29,ATL vs. MIL,1610612737,ATL,W,2020-21
0042000316,2021-06-30,PHX @ LAC,1610612756,PHX,W,2020-21
0042000316,2021-06-30,LAC vs. PHX,1610612746,LAC,L,2020-21
0042000305,2021-07-01,ATL @ MIL,1610612737,ATL,L,2020-21
0042000305,2021-07-01,MIL vs. ATL,1610612749,MIL,W,2020-21
0042000306,2021-07-03,MIL @ ATL,1610612749,MIL,W,2020-21
0042000306,2021-07-03,ATL vs. MIL,1610612737,ATL,L,2020-21
0042000401,2021-07-06,PHX vs. MIL,1610612756,PHX,W,2020-21
0042000401,2021-07-06,MIL @ PHX,1610612749,MIL,L,2020-21
0042000402,2021-07-08,PHX vs. MIL,1610612756,PHX,W,2020-21
0042000402,2021-07-08,MIL @ PHX,1610612749,MIL,L,2020-21
0042000403,2021-07-11,MIL vs. PHX,1610612749,MIL,W,2020-21
0042000403,2021-07-11,PHX @ MIL,1610612756,PHX,L,2020-21
0042000404,2021-07-14,MIL vs. PHX,1610612749,MIL,W,2020-21
0042000404,2021-07-14,PHX @ MIL,1610612756,PHX,L,2020-21
0042000405,2021-07-17,MIL @ PHX,1610612749,MIL,W,2020-21
0042000405,2021-07-17,PHX vs. MIL,1610612756,PHX,L,2020-21
0042000406,2021-07-20,PHX @ MIL,1610612756,PHX,L,2020-21
0042000406,2021-07-20,MIL vs. PHX,1610612749,MIL,W,2020-21
0042100171,2022-04-16,UTA @ DAL,1610612762,UTA,W,2021-22
0042100161,2022-04-16,DEN @ GSW,1610612743,DEN,L,2021-22
0042100151,2022-04-16,MEM vs. MIN,1610612763,MEM,L,2021-22
0042100151,2022-04-16,MIN @ MEM,1610612750,MIN,W,2021-22
0042100171,2022-04-16,DAL vs. UTA,1610612742,DAL,L,2021-22
0042100131,2022-04-16,PHI vs. TOR,1610612755,PHI,W,2021-22
0042100131,2022-04-16,TOR @ PHI,1610612761,TOR,L,2021-22
0042100161,2022-04-16,GSW vs. DEN,1610612744,GSW,W,2021-22
0042100111,2022-04-17,BKN @ BOS,1610612751,BKN,L,2021-22
0042100111,2022-04-17,BOS vs. BKN,1610612738,BOS,W,2021-22
0042100141,2022-04-17,NOP @ PHX,1610612740,NOP,L,2021-22
0042100101,2022-04-17,ATL @ MIA,1610612737,ATL,L,2021-22
0042100121,2022-04-17,MIL vs. CHI,1610612749,MIL,W,2021-22
0042100101,2022-04-17,MIA vs. ATL,1610612748,MIA,W,2021-22
0042100141,2022-04-17,PHX vs. NOP,1610612756,PHX,W,2021-22
0042100121,2022-04-17,CHI @ MIL,1610612741,CHI,L,2021-22
0042100172,2022-04-18,DAL vs. UTA,1610612742,DAL,W,2021-22
0042100132,2022-04-18,PHI vs. TOR,1610612755,PHI,W,2021-22
0042100132,2022-04-18,TOR @ PHI,1610612761,TOR,L,2021-22
0042100162,2022-04-18,DEN @ GSW,1610612743,DEN,L,2021-22
0042100172,2022-04-18,UTA @ DAL,1610612762,UTA,L,2021-22
0042100162,2022-04-18,GSW vs. DEN,1610612744,GSW,W,2021-22
0042100152,2022-04-19,MIN @ MEM,1610612750,MIN,L,2021-22
0042100142,2022-04-19,PHX vs. NOP,1610612756,PHX,L,2021-22
0042100102,2022-04-19,ATL @ MIA,1610612737,ATL,L,2021-22
0042100142,2022-04-19,NOP @ PHX,1610612740,NOP,W,2021-22
0042100152,2022-04-19,MEM vs. MIN,1610612763,MEM,W,2021-22
0042100102,2022-04-19,MIA vs. ATL,1610612748,MIA,W,2021-22
0042100112,2022-04-20,BKN @ BOS,1610612751,BKN,L,2021-22
0042100122,2022-04-20,CHI @ MIL,1610612741,CHI,W,2021-22
0042100133,2022-04-20,PHI @ TOR,1610612755,PHI,W,2021-22
0042100133,2022-04-20,TOR vs. PHI,1610612761,TOR,L,2021-22
0042100112,2022-04-20,BOS vs. BKN,1610612738,BOS,W,2021-22
0042100122,2022-04-20,MIL vs. CHI,1610612749,MIL,L,2021-22
0042100163,2022-04-21,GSW @ DEN,1610612744,GSW,W,2021-22
0042100163,2022-04-21,DEN vs. GSW,1610612743,DEN,L,2021-22
0042100153,2022-04-21,MIN vs. MEM,1610612750,MIN,L,2021-22
0042100173,2022-04-21,UTA vs. DAL,1610612762,UTA,L,2021-22
0042100153,2022-04-21,MEM @ MIN,1610612763,MEM,W,2021-22
0042100173,2022-04-21,DAL @ UTA,1610612742,DAL,W,2021-22
0042100103,2022-04-22,ATL vs. MIA,1610612737,ATL,W,2021-22
0042100123,2022-04-22,CHI vs. MIL,1610612741,CHI,L,2021-22
0042100103,2022-04-22,MIA @ ATL,1610612748,MIA,L,2021-22
0042100143,2022-04-22,NOP vs. PHX,1610612740,NOP,L,2021-22
0042100143,2022-04-22,PHX @ NOP,1610612756,PHX,W,2021-22
0042100123,2022-04-22,MIL @ CHI,1610612749,MIL,W,2021-22
0042100134,2022-04-23,TOR vs. PHI,1610612761,TOR,W,2021-22
0042100174,2022-04-23,DAL @ UTA,1610612742,DAL,L,2021-22
0042100134,2022-04-23,PHI @ TOR,1610612755,PHI,L,2021-22
0042100174,2022-04-23,UTA vs. DAL,1610612762,UTA,W,2021-22
0042100113,2022-04-23,BOS @ BKN,1610612738,BOS,W,2021-22
0042100154,2022-04-23,MEM @ MIN,1610612763,MEM,L,2021-22
0042100154,2022-04-23,MIN vs. MEM,1610612750,MIN,W,2021-22
0042100113,2022-04-23,BKN vs. BOS,1610612751,BKN,L,2021-22
0042100104,2022-04-24,ATL vs. MIA,1610612737,ATL,L,2021-22
0042100124,2022-04-24,CHI vs. MIL,1610612741,CHI,L,2021-22
0042100164,2022-04-24,DEN vs. GSW,1610612743,DEN,W,2021-22
0042100164,2022-04-24,GSW @ DEN,1610612744,GSW,L,2021-22
0042100144,2022-04-24,NOP vs. PHX,1610612740,NOP,W,2021-22
0042100104,2022-04-24,MIA @ ATL,1610612748,MIA,W,2021-22
0042100124,2022-04-24,MIL @ CHI,1610612749,MIL,W,2021-22
0042100144,2022-04-24,PHX @ NOP,1610612756,PHX,L,2021-22
0042100135,2022-04-25,PHI vs. TOR,1610612755,PHI,L,2021-22
0042100114,2022-04-25,BOS @ BKN,1610612738,BOS,W,2021-22
0042100135,2022-04-25,TOR @ PHI,1610612761,TOR,W,2021-22
0042100114,2022-04-25,BKN vs. BOS,1610612751,BKN,L,2021-22
0042100175,2022-04-25,UTA @ DAL,1610612762,UTA,L,2021-22
0042100175,2022-04-25,DAL vs. UTA,1610612742,DAL,W,2021-22
0042100105,2022-04-26,ATL @ MIA,1610612737,ATL,L,2021-22
0042100155,2022-04-26,MIN @ MEM,1610612750,MIN,L,2021-22
0042100145,2022-04-26,NOP @ PHX,1610612740,NOP,L,2021-22
0042100145,2022-04-26,PHX vs. NOP,1610612756,PHX,W,2021-22
0042100155,2022-04-26,MEM vs. MIN,1610612763,MEM,W,2021-22
0042100105,2022-04-26,MIA vs. ATL,1610612748,MIA,W,2021-22
0042100125,2022-04-27,MIL vs. CHI,1610612749,MIL,W,2021-22
0042100165,2022-04-27,GSW vs. DEN,1610612744,GSW,W,2021-22
0042100125,2022-04-27,CHI @ MIL,1610612741,CHI,L,2021-22
0042100165,2022-04-27,DEN @ GSW,1610612743,DEN,L,2021-22
0042100136,2022-04-28,PHI @ TOR,1610612755,PHI,W,2021-22
0042100146,2022-04-28,PHX @ NOP,1610612756,PHX,W,2021-22
0042100136,2022-04-28,TOR vs. PHI,1610612761,TOR,L,2021-22
0042100146,2022-04-28,NOP vs. PHX,1610612740,NOP,L,2021-22
0042100176,2022-04-28,DAL @ UTA,1610612742,DAL,W,2021-22
0042100176,2022-04-28,UTA vs. DAL,1610612762,UTA,L,2021-22
0042100156,2022-04-29,MEM @ MIN,1610612763,MEM,W,2021-22
0042100156,2022-04-29,MIN vs. MEM,1610612750,MIN,L,2021-22
0042100211,2022-05-01,MIL @ BOS,1610612749,MIL,W,2021-22
0042100211,2022-05-01,BOS vs. MIL,1610612738,BOS,L,2021-22
0042100231,2022-05-01,MEM vs. GSW,1610612763,MEM,L,2021-22
0042100231,2022-05-01,GSW @ MEM,1610612744,GSW,W,2021-22
0042100201,2022-05-02,PHI @ MIA,1610612755,PHI,L,2021-22
0042100201,2022-05-02,MIA vs. PHI,1610612748,MIA,W,2021-22
0042100221,2022-05-02,PHX vs. DAL,1610612756,PHX,W,2021-22
0042100221,2022-05-02,DAL @ PHX,1610612742,DAL,L,2021-22
0042100212,2022-05-03,BOS vs. MIL,1610612738,BOS,W,2021-22
0042100232,2022-05-03,GSW @ MEM,1610612744,GSW,L,2021-22
0042100212,2022-05-03,MIL @ BOS,1610612749,MIL,L,2021-22
0042100232,2022-05-03,MEM vs. GSW,1610612763,MEM,W,2021-22
0042100222,2022-05-04,PHX vs. DAL,1610612756,PHX,W,2021-22
0042100202,2022-05-04,MIA vs. PHI,1610612748,MIA,W,2021-22
0042100202,2022-05-04,PHI @ MIA,1610612755,PHI,L,2021-22
0042100222,2022-05-04,DAL @ PHX,1610612742,DAL,L,2021-22
0042100203,2022-05-06,MIA @ PHI,1610612748,MIA,L,2021-22
0042100223,2022-05-06,PHX @ DAL,1610612756,PHX,L,2021-22
0042100223,2022-05-06,DAL vs. PHX,1610612742,DAL,W,2021-22
0042100203,2022-05-06,PHI vs. MIA,1610612755,PHI,W,2021-22
0042100233,2022-05-07,GSW vs. MEM,1610612744,GSW,W,2021-22
0042100213,2022-05-07,MIL vs. BOS,1610612749,MIL,W,2021-22
0042100213,2022-05-07,BOS @ MIL,1610612738,BOS,L,2021-22
0042100233,2022-05-07,MEM @ GSW,1610612763,MEM,L,2021-22
0042100204,2022-05-08,PHI vs. MIA,1610612755,PHI,W,2021-22
0042100204,2022-05-08,MIA @ PHI,1610612748,MIA,L,2021-22
0042100224,2022-05-08,DAL vs. PHX,1610612742,DAL,W,2021-22
0042100224,2022-05-08,PHX @ DAL,1610612756,PHX,L,2021-22
0042100214,2022-05-09,BOS @ MIL,1610612738,BOS,W,2021-22
0042100234,2022-05-09,GSW vs. MEM,1610612744,GSW,W,2021-22
0042100214,2022-05-09,MIL vs. BOS,1610612749,MIL,L,2021-22
0042100234,2022-05-09,MEM @ GSW,1610612763,MEM,L,2021-22
0042100205,2022-05-10,MIA vs. PHI,1610612748,MIA,W,2021-22
0042100205,2022-05-10,PHI @ MIA,1610612755,PHI,L,2021-22
0042100225,2022-05-10,DAL @ PHX,1610612742,DAL,L,2021-22
0042100225,2022-05-10,PHX vs. DAL,1610612756,PHX,W,2021-22
0042100235,2022-05-11,MEM vs. GSW,1610612763,MEM,W,2021-22
0042100215,2022-05-11,MIL @ BOS,1610612749,MIL,W,2021-22
0042100235,2022-05-11,GSW @ MEM,1610612744,GSW,L,2021-22
0042100215,2022-05-11,BOS vs. MIL,1610612738,BOS,L,2021-22
0042100226,2022-05-12,DAL vs. PHX,1610612742,DAL,W,2021-22
0042100206,2022-05-12,PHI vs. MIA,1610612755,PHI,L,2021-22
0042100226,2022-05-12,PHX @ DAL,1610612756,PHX,L,2021-22
0042100206,2022-05-12,MIA @ PHI,1610612748,MIA,W,2021-22
0042100216,2022-05-13,BOS @ MIL,1610612738,BOS,W,2021-22
0042100236,2022-05-13,MEM @ GSW,1610612763,MEM,L,2021-22
0042100216,2022-05-13,MIL vs. BOS,1610612749,MIL,L,2021-22
0042100236,2022-05-13,GSW vs. MEM,1610612744,GSW,W,2021-22
0042100217,2022-05-15,MIL @ BOS,1610612749,MIL,L,2021-22
0042100227,2022-05-15,PHX vs. DAL,1610612756,PHX,L,2021-22
0042100217,2022-05-15,BOS vs. MIL,1610612738,BOS,W,2021-22
0042100227,2022-05-15,DAL @ PHX,1610612742,DAL,W,2021-22
0042100301,2022-05-17,BOS @ MIA,1610612738,BOS,L,2021-22
0042100301,2022-05-17,MIA vs. BOS,1610612748,MIA,W,2021-22
0042100311,2022-05-18,GSW vs. DAL,1610612744,GSW,W,2021-22
0042100311,2022-05-18,DAL @ GSW,1610612742,DAL,L,2021-22
0042100302,2022-05-19,BOS @ MIA,1610612738,BOS,W,2021-22
0042100302,2022-05-19,MIA vs. BOS,1610612748,MIA,L,2021-22
0042100312,2022-05-20,GSW vs. DAL,1610612744,GSW,W,2021-22
0042100312,2022-05-20,DAL @ GSW,1610612742,DAL,L,2021-22
0042100303,2022-05-21,MIA @ BOS,1610612748,MIA,W,2021-22
0042100303,2022-05-21,BOS vs. MIA,1610612738,BOS,L,2021-22
0042100313,2022-05-22,DAL vs. GSW,1610612742,DAL,L,2021-22
0042100313,2022-05-22,GSW @ DAL,1610612744,GSW,W,2021-22
0042100304,2022-05-23,MIA @ BOS,1610612748,MIA,L,2021-22
0042100304,2022-05-23,BOS vs. MIA,1610612738,BOS,W,2021-22
0042100314,2022-05-24,GSW @ DAL,1610612744,GSW,L,2021-22
0042100314,2022-05-24,DAL vs. GSW,1610612742,DAL,W,2021-22
0042100305,2022-05-25,BOS @ MIA,1610612738,BOS,W,2021-22
0042100305,2022-05-25,MIA vs. BOS,1610612748,MIA,L,2021-22
0042100315,2022-05-26,DAL @ GSW,1610612742,DAL,L,2021-22
0042100315,2022-05-26,GSW vs. DAL,1610612744,GSW,W,2021-22
0042100306,2022-05-27,BOS vs. MIA,1610612738,BOS,L,2021-22
0042100306,2022-05-27,MIA @ BOS,1610612748,MIA,W,2021-22
0042100307,2022-05-29,MIA vs. BOS,1610612748,MIA,L,2021-22
0042100307,2022-05-29,BOS @ MIA,1610612738,BOS,W,2021-22
0042100401,2022-06-02,GSW vs. BOS,1610612744,GSW,L,2021-22
0042100401,2022-06-02,BOS @ GSW,1610612738,BOS,W,2021-22
0042100402,2022-06-05,BOS @ GSW,1610612738,BOS,L,2021-22
0042100402,2022-06-05,GSW vs. BOS,1610612744,GSW,W,2021-22
0042100403,2022-06-08,BOS vs. GSW,1610612738,BOS,W,2021-22
0042100403,2022-06-08,GSW @ BOS,1610612744,GSW,L,2021-22
0042100404,2022-06-10,BOS vs. GSW,1610612738,BOS,L,2021-22
0042100404,2022-06-10,GSW @ BOS,1610612744,GSW,W,2021-22
0042100405,2022-06-13,GSW vs. BOS,1610612744,GSW,W,2021-22
0042100405,2022-06-13,BOS @ GSW,1610612738,BOS,L,2021-22
0042100406,2022-06-16,GSW @ BOS,1610612744,GSW,W,2021-22
0042100406,2022-06-16,BOS vs. GSW,1610612738,BOS,L,2021-22
0042200111,2023-04-15,ATL @ BOS,1610612737,ATL,L,2022-23
0042200161,2023-04-15,SAC vs. GSW,1610612758,SAC,W,2022-23
0042200121,2023-04-15,PHI vs. BKN,1610612755,PHI,W,2022-23
0042200121,2023-04-15,BKN @ PHI,1610612751,BKN,L,2022-23
0042200131,2023-04-15,CLE vs. NYK,1610612739,CLE,L,2022-23
0042200161,2023-04-15,GSW @ SAC,1610612744,GSW,L,2022-23
0042200131,2023-04-15,NYK @ CLE,1610612752,NYK,W,2022-23
0042200111,2023-04-15,BOS vs. ATL,1610612738,BOS,W,2022-23
0042200171,2023-04-16,PHX vs. LAC,1610612756,PHX,L,2022-23
0042200151,2023-04-16,MEM vs. LAL,1610612763,MEM,L,2022-23
0042200171,2023-04-16,LAC @ PHX,1610612746,LAC,W,2022-23
0042200151,2023-04-16,LAL @ MEM,1610612747,LAL,W,2022-23
0042200101,2023-04-16,MIL vs. MIA,1610612749,MIL,L,2022-23
0042200101,2023-04-16,MIA @ MIL,1610612748,MIA,W,2022-23
0042200141,2023-04-16,MIN @ DEN,1610612750,MIN,L,2022-23
0042200141,2023-04-16,DEN vs. MIN,1610612743,DEN,W,2022-23
0042200162,2023-04-17,SAC vs. GSW,1610612758,SAC,W,2022-23
0042200122,2023-04-17,BKN @ PHI,1610612751,BKN,L,2022-23
0042200122,2023-04-17,PHI vs. BKN,1610612755,PHI,W,2022-23
0042200162,2023-04-17,GSW @ SAC,1610612744,GSW,L,2022-23
0042200112,2023-04-18,ATL @ BOS,1610612737,ATL,L,2022-23
0042200132,2023-04-18,NYK @ CLE,1610612752,NYK,L,2022-23
0042200132,2023-04-18,CLE vs. NYK,1610612739,CLE,W,2022-23
0042200172,2023-04-18,PHX vs. LAC,1610612756,PHX,W,2022-23
0042200172,2023-04-18,LAC @ PHX,1610612746,LAC,L,2022-23
0042200112,2023-04-18,BOS vs. ATL,1610612738,BOS,W,2022-23
0042200152,2023-04-19,LAL @ MEM,1610612747,LAL,L,2022-23
0042200152,2023-04-19,MEM vs. LAL,1610612763,MEM,W,2022-23
0042200102,2023-04-19,MIL vs. MIA,1610612749,MIL,W,2022-23
0042200142,2023-04-19,MIN @ DEN,1610612750,MIN,L,2022-23
0042200142,2023-04-19,DEN vs. MIN,1610612743,DEN,W,2022-23
0042200102,2023-04-19,MIA @ MIL,1610612748,MIA,L,2022-23
0042200123,2023-04-20,BKN vs. PHI,1610612751,BKN,L,2022-23
0042200163,2023-04-20,GSW vs. SAC,1610612744,GSW,W,2022-23
0042200173,2023-04-20,PHX @ LAC,1610612756,PHX,W,2022-23
0042200123,2023-04-20,PHI @ BKN,1610612755,PHI,W,2022-23
0042200173,2023-04-20,LAC vs. PHX,1610612746,LAC,L,2022-23
0042200163,2023-04-20,SAC @ GSW,1610612758,SAC,L,2022-23
0042200143,2023-04-21,MIN vs. DEN,1610612750,MIN,L,2022-23
0042200113,2023-04-21,ATL vs. BOS,1610612737,ATL,W,2022-23
0042200133,2023-04-21,NYK vs. CLE,1610612752,NYK,W,2022-23
0042200113,2023-04-21,BOS @ ATL,1610612738,BOS,L,2022-23
0042200143,2023-04-21,DEN @ MIN,1610612743,DEN,W,2022-23
0042200133,2023-04-21,CLE @ NYK,1610612739,CLE,L,2022-23
0042200124,2023-04-22,PHI @ BKN,1610612755,PHI,W,2022-23
0042200174,2023-04-22,PHX @ LAC,1610612756,PHX,W,2022-23
0042200174,2023-04-22,LAC vs. PHX,1610612746,LAC,L,2022-23
0042200103,2023-04-22,MIA vs. MIL,1610612748,MIA,W,2022-23
0042200153,2023-04-22,MEM @ LAL,1610612763,MEM,L,2022-23
0042200124,2023-04-22,BKN vs. PHI,1610612751,BKN,L,2022-23
0042200153,2023-04-22,LAL vs. MEM,1610612747,LAL,W,2022-23
0042200103,2023-04-22,MIL @ MIA,1610612749,MIL,L,2022-23
0042200144,2023-04-23,DEN @ MIN,1610612743,DEN,L,2022-23
0042200134,2023-04-23,CLE @ NYK,1610612739,CLE,L,2022-23
0042200164,2023-04-23,SAC @ GSW,1610612758,SAC,L,2022-23
0042200134,2023-04-23,NYK vs. CLE,1610612752,NYK,W,2022-23
0042200164,2023-04-23,GSW vs. SAC,1610612744,GSW,W,2022-23
0042200114,2023-04-23,BOS @ ATL,1610612738,BOS,W,2022-23
0042200144,2023-04-23,MIN vs. DEN,1610612750,MIN,W,2022-23
0042200114,2023-04-23,ATL vs. BOS,1610612737,ATL,L,2022-23
0042200104,2023-04-24,MIA vs. MIL,1610612748,MIA,W,2022-23
0042200154,2023-04-24,LAL vs. MEM,1610612747,LAL,W,2022-23
0042200154,2023-04-24,MEM @ LAL,1610612763,MEM,L,2022-23
0042200104,2023-04-24,MIL @ MIA,1610612749,MIL,L,2022-23
0042200115,2023-04-25,BOS vs. ATL,1610612738,BOS,L,2022-23
0042200175,2023-04-25,LAC @ PHX,1610612746,LAC,L,2022-23
0042200175,2023-04-25,PHX vs. LAC,1610612756,PHX,W,2022-23
0042200115,2023-04-25,ATL @ BOS,1610612737,ATL,W,2022-23
0042200145,2023-04-25,MIN @ DEN,1610612750,MIN,L,2022-23
0042200145,2023-04-25,DEN vs. MIN,1610612743,DEN,W,2022-23
0042200165,2023-04-26,SAC vs. GSW,1610612758,SAC,L,2022-23
0042200135,2023-04-26,NYK @ CLE,1610612752,NYK,W,2022-23
0042200155,2023-04-26,LAL @ MEM,1610612747,LAL,L,2022-23
0042200155,2023-04-26,MEM vs. LAL,1610612763,MEM,W,2022-23
0042200165,2023-04-26,GSW @ SAC,1610612744,GSW,W,2022-23
0042200105,2023-04-26,MIA @ MIL,1610612748,MIA,W,2022-23
0042200105,2023-04-26,MIL vs. MIA,1610612749,MIL,L,2022-23
0042200135,2023-04-26,CLE vs. NYK,1610612739,CLE,L,2022-23
0042200116,2023-04-27,ATL vs. BOS,1610612737,ATL,L,2022-23
0042200116,2023-04-27,BOS @ ATL,1610612738,BOS,W,2022-23
0042200166,2023-04-28,GSW vs. SAC,1610612744,GSW,L,2022-23
0042200166,2023-04-28,SAC @ GSW,1610612758,SAC,W,2022-23
0042200156,2023-04-28,MEM @ LAL,1610612763,MEM,L,2022-23
0042200156,2023-04-28,LAL vs. MEM,1610612747,LAL,W,2022-23
0042200221,2023-04-29,DEN vs. PHX,1610612743,DEN,W,2022-23
0042200221,2023-04-29,PHX @ DEN,1610612756,PHX,L,2022-23
0042200201,2023-04-30,MIA @ NYK,1610612748,MIA,W,2022-23
0042200167,2023-04-30,GSW @ SAC,1610612744,GSW,W,2022-23
0042200201,2023-04-30,NYK vs. MIA,1610612752,NYK,L,2022-23
0042200167,2023-04-30,SAC vs. GSW,1610612758,SAC,L,2022-23
0042200222,2023-05-01,DEN vs. PHX,1610612743,DEN,W,2022-23
0042200211,2023-05-01,PHI @ BOS,1610612755,PHI,W,2022-23
0042200222,2023-05-01,PHX @ DEN,1610612756,PHX,L,2022-23
0042200211,2023-05-01,BOS vs. PHI,1610612738,BOS,L,2022-23
0042200231,2023-05-02,LAL @ GSW,1610612747,LAL,W,2022-23
0042200231,2023-05-02,GSW vs. LAL,1610612744,GSW,L,2022-23
0042200202,2023-05-02,NYK vs. MIA,1610612752,NYK,W,2022-23
0042200202,2023-05-02,MIA @ NYK,1610612748,MIA,L,2022-23
0042200212,2023-05-03,PHI @ BOS,1610612755,PHI,L,2022-23
0042200212,2023-05-03,BOS vs. PHI,1610612738,BOS,W,2022-23
0042200232,2023-05-04,LAL @ GSW,1610612747,LAL,L,2022-23
0042200232,2023-05-04,GSW vs. LAL,1610612744,GSW,W,2022-23
0042200223,2023-05-05,PHX vs. DEN,1610612756,PHX,W,2022-23
0042200213,2023-05-05,PHI vs. BOS,1610612755,PHI,L,2022-23
0042200223,2023-05-05,DEN @ PHX,1610612743,DEN,L,2022-23
0042200213,2023-05-05,BOS @ PHI,1610612738,BOS,W,2022-23
0042200233,2023-05-06,LAL vs. GSW,1610612747,LAL,W,2022-23
0042200203,2023-05-06,NYK @ MIA,1610612752,NYK,L,2022-23
0042200233,2023-05-06,GSW @ LAL,1610612744,GSW,L,2022-23
0042200203,2023-05-06,MIA vs. NYK,1610612748,MIA,W,2022-23
0042200224,2023-05-07,DEN @ PHX,1610612743,DEN,L,2022-23
0042200214,2023-05-07,PHI vs. BOS,1610612755,PHI,W,2022-23
0042200214,2023-05-07,BOS @ PHI,1610612738,BOS,L,2022-23
0042200224,2023-05-07,PHX vs. DEN,1610612756,PHX,W,2022-23
0042200204,2023-05-08,MIA vs. NYK,1610612748,MIA,W,2022-23
0042200204,2023-05-08,NYK @ MIA,1610612752,NYK,L,2022-23
0042200234,2023-05-08,GSW @ LAL,1610612744,GSW,L,2022-23
0042200234,2023-05-08,LAL vs. GSW,1610612747,LAL,W,2022-23
0042200225,2023-05-09,PHX @ DEN,1610612756,PHX,L,2022-23
0042200225,2023-05-09,DEN vs. PHX,1610612743,DEN,W,2022-23
0042200215,2023-05-09,BOS vs. PHI,1610612738,BOS,L,2022-23
0042200215,2023-05-09,PHI @ BOS,1610612755,PHI,W,2022-23
0042200205,2023-05-10,MIA @ NYK,1610612748,MIA,L,2022-23
0042200235,2023-05-10,GSW vs. LAL,1610612744,GSW,W,2022-23
0042200235,2023-05-10,LAL @ GSW,1610612747,LAL,L,2022-23
0042200205,2023-05-10,NYK vs. MIA,1610612752,NYK,W,2022-23
0042200226,2023-05-11,DEN @ PHX,1610612743,DEN,W,2022-23
0042200216,2023-05-11,PHI vs. BOS,1610612755,PHI,L,2022-23
0042200226,2023-05-11,PHX vs. DEN,1610612756,PHX,L,2022-23
0042200216,2023-05-11,BOS @ PHI,1610612738,BOS,W,2022-23
0042200236,2023-05-12,LAL vs. GSW,1610612747,LAL,W,2022-23
0042200206,2023-05-12,NYK @ MIA,1610612752,NYK,L,2022-23
0042200206,2023-05-12,MIA vs. NYK,1610612748,MIA,W,2022-23
0042200236,2023-05-12,GSW @ LAL,1610612744,GSW,L,2022-23
0042200217,2023-05-14,PHI @ BOS,1610612755,PHI,L,2022-23
0042200217,2023-05-14,BOS vs. PHI,1610612738,BOS,W,2022-23
0042200311,2023-05-16,LAL @ DEN,1610612747,LAL,L,2022-23
0042200311,2023-05-16,DEN vs. LAL,1610612743,DEN,W,2022-23
0042200301,2023-05-17,BOS vs. MIA,1610612738,BOS,L,2022-23
0042200301,2023-05-17,MIA @ BOS,1610612748,MIA,W,2022-23
0042200312,2023-05-18,DEN vs. LAL,1610612743,DEN,W,2022-23
0042200312,2023-05-18,LAL @ DEN,1610612747,LAL,L,2022-23
0042200302,2023-05-19,BOS vs. MIA,1610612738,BOS,L,2022-23
0042200302,2023-05-19,MIA @ BOS,1610612748,MIA,W,2022-23
0042200313,2023-05-20,DEN @ LAL,1610612743,DEN,W,2022-23
0042200313,2023-05-20,LAL vs. DEN,1610612747,LAL,L,2022-23
0042200303,2023-05-21,MIA vs. BOS,1610612748,MIA,W,2022-23
0042200303,2023-05-21,BOS @ MIA,1610612738,BOS,L,2022-23
0042200314,2023-05-22,DEN @ LAL,1610612743,DEN,W,2022-23
0042200314,2023-05-22,LAL vs. DEN,1610612747,LAL,L,2022-23
0042200304,2023-05-23,MIA vs. BOS,1610612748,MIA,L,2022-23
0042200304,2023-05-23,BOS @ MIA,1610612738,BOS,W,2022-23
0042200305,2023-05-25,MIA @ BOS,1610612748,MIA,L,2022-23
0042200305,2023-05-25,BOS vs. MIA,1610612738,BOS,W,2022-23
0042200306,2023-05-27,BOS @ MIA,1610612738,BOS,W,2022-23
0042200306,2023-05-27,MIA vs. BOS,1610612748,MIA,L,2022-23
0042200307,2023-05-29,MIA @ BOS,1610612748,MIA,W,2022-23
0042200307,2023-05-29,BOS vs. MIA,1610612738,BOS,L,2022-23
0042200401,2023-06-01,MIA @ DEN,1610612748,MIA,L,2022-23
0042200401,2023-06-01,DEN vs. MIA,1610612743,DEN,W,2022-23
0042200402,2023-06-04,DEN vs. MIA,1610612743,DEN,L,2022-23
0042200402,2023-06-04,MIA @ DEN,1610612748,MIA,W,2022-23
0042200403,2023-06-07,DEN @ MIA,1610612743,DEN,W,2022-23
0042200403,2023-06-07,MIA vs. DEN,1610612748,MIA,L,2022-23
0042200404,2023-06-09,DEN @ MIA,1610612743,DEN,W,2022-23
0042200404,2023-06-09,MIA vs. DEN,1610612748,MIA,L,2022-23
0042200405,2023-06-12,DEN vs. MIA,1610612743,DEN,W,2022-23
0042200405,2023-06-12,MIA @ DEN,1610612748,MIA,L,2022-23
0042300151,2024-04-20,DEN vs. LAL,1610612743,DEN,W,2023-24
0042300111,2024-04-20,NYK vs. PHI,1610612752,NYK,W,2023-24
0042300151,2024-04-20,LAL @ DEN,1610612747,LAL,L,2023-24
0042300111,2024-04-20,PHI @ NYK,1610612755,PHI,L,2023-24
0042300161,2024-04-20,MIN vs. PHX,1610612750,MIN,W,2023-24
0042300131,2024-04-20,CLE vs. ORL,1610612739,CLE,W,2023-24
0042300161,2024-04-20,PHX @ MIN,1610612756,PHX,L,2023-24
0042300131,2024-04-20,ORL @ CLE,1610612753,ORL,L,2023-24
0042300171,2024-04-21,LAC vs. DAL,1610612746,LAC,W,2023-24
0042300121,2024-04-21,IND @ MIL,1610612754,IND,L,2023-24
0042300171,2024-04-21,DAL @ LAC,1610612742,DAL,L,2023-24
0042300141,2024-04-21,NOP @ OKC,1610612740,NOP,L,2023-24
0042300101,2024-04-21,MIA @ BOS,1610612748,MIA,L,2023-24
0042300121,2024-04-21,MIL vs. IND,1610612749,MIL,W,2023-24
0042300141,2024-04-21,OKC vs. NOP,1610612760,OKC,W,2023-24
0042300101,2024-04-21,BOS vs. MIA,1610612738,BOS,W,2023-24
0042300112,2024-04-22,NYK vs. PHI,1610612752,NYK,W,2023-24
0042300132,2024-04-22,CLE vs. ORL,1610612739,CLE,W,2023-24
0042300152,2024-04-22,LAL @ DEN,1610612747,LAL,L,2023-24
0042300112,2024-04-22,PHI @ NYK,1610612755,PHI,L,2023-24
0042300132,2024-04-22,ORL @ CLE,1610612753,ORL,L,2023-24
0042300152,2024-04-22,DEN vs. LAL,1610612743,DEN,W,2023-24
0042300122,2024-04-23,IND @ MIL,1610612754,IND,W,2023-24
0042300122,2024-04-23,MIL vs. IND,1610612749,MIL,L,2023-24
0042300172,2024-04-23,LAC vs. DAL,1610612746,LAC,L,2023-24
0042300162,2024-04-23,PHX @ MIN,1610612756,PHX,L,2023-24
0042300162,2024-04-23,MIN vs. PHX,1610612750,MIN,W,2023-24
0042300172,2024-04-23,DAL @ LAC,1610612742,DAL,W,2023-24
0042300142,2024-04-24,OKC vs. NOP,1610612760,OKC,W,2023-24
0042300142,2024-04-24,NOP @ OKC,1610612740,NOP,L,2023-24
0042300102,2024-04-24,MIA @ BOS,1610612748,MIA,W,2023-24
0042300102,2024-04-24,BOS vs. MIA,1610612738,BOS,L,2023-24
0042300133,2024-04-25,ORL vs. CLE,1610612753,ORL,W,2023-24
0042300153,2024-04-25,LAL vs. DEN,1610612747,LAL,L,2023-24
0042300113,2024-04-25,PHI vs. NYK,1610612755,PHI,W,2023-24
0042300113,2024-04-25,NYK @ PHI,1610612752,NYK,L,2023-24
0042300133,2024-04-25,CLE @ ORL,1610612739,CLE,L,2023-24
0042300153,2024-04-25,DEN @ LAL,1610612743,DEN,W,2023-24
0042300163,2024-04-26,PHX vs. MIN,1610612756,PHX,L,2023-24
0042300123,2024-04-26,IND vs. MIL,1610612754,IND,W,2023-24
0042300173,2024-04-26,DAL vs. LAC,1610612742,DAL,W,2023-24
0042300163,2024-04-26,MIN @ PHX,1610612750,MIN,W,2023-24
0042300173,2024-04-26,LAC @ DAL,1610612746,LAC,L,2023-24
0042300123,2024-04-26,MIL @ IND,1610612749,MIL,L,2023-24
0042300154,2024-04-27,LAL vs. DEN,1610612747,LAL,W,2023-24
0042300154,2024-04-27,DEN @ LAL,1610612743,DEN,L,2023-24
0042300134,2024-04-27,CLE @ ORL,1610612739,CLE,L,2023-24
0042300143,2024-04-27,OKC @ NOP,1610612760,OKC,W,2023-24
0042300134,2024-04-27,ORL vs. CLE,1610612753,ORL,W,2023-24
0042300103,2024-04-27,MIA vs. BOS,1610612748,MIA,L,2023-24
0042300143,2024-04-27,NOP vs. OKC,1610612740,NOP,L,2023-24
0042300103,2024-04-27,BOS @ MIA,1610612738,BOS,W,2023-24
0042300124,2024-04-28,IND vs. MIL,1610612754,IND,W,2023-24
0042300174,2024-04-28,LAC @ DAL,1610612746,LAC,W,2023-24
0042300164,2024-04-28,PHX vs. MIN,1610612756,PHX,L,2023-24
0042300174,2024-04-28,DAL vs. LAC,1610612742,DAL,L,2023-24
0042300114,2024-04-28,PHI vs. NYK,1610612755,PHI,L,2023-24
0042300124,2024-04-28,MIL @ IND,1610612749,MIL,L,2023-24
0042300164,2024-04-28,MIN @ PHX,1610612750,MIN,W,2023-24
0042300114,2024-04-28,NYK @ PHI,1610612752,NYK,W,2023-24
0042300155,2024-04-29,LAL @ DEN,1610612747,LAL,L,2023-24
0042300144,2024-04-29,OKC @ NOP,1610612760,OKC,W,2023-24
0042300104,2024-04-29,BOS @ MIA,1610612738,BOS,W,2023-24
0042300155,2024-04-29,DEN vs. LAL,1610612743,DEN,W,2023-24
0042300144,2024-04-29,NOP vs. OKC,1610612740,NOP,L,2023-24
0042300104,2024-04-29,MIA vs. BOS,1610612748,MIA,L,2023-24
0042300135,2024-04-30,ORL @ CLE,1610612753,ORL,L,2023-24
0042300125,2024-04-30,MIL vs. IND,1610612749,MIL,W,2023-24
0042300115,2024-04-30,NYK vs. PHI,1610612752,NYK,L,2023-24
0042300135,2024-04-30,CLE vs. ORL,1610612739,CLE,W,2023-24
0042300115,2024-04-30,PHI @ NYK,1610612755,PHI,W,2023-24
0042300125,2024-04-30,IND @ MIL,1610612754,IND,L,2023-24
0042300105,2024-05-01,BOS vs. MIA,1610612738,BOS,W,2023-24
0042300175,2024-05-01,DAL @ LAC,1610612742,DAL,W,2023-24
0042300175,2024-05-01,LAC vs. DAL,1610612746,LAC,L,2023-24
0042300105,2024-05-01,MIA @ BOS,1610612748,MIA,L,2023-24
0042300116,2024-05-02,NYK @ PHI,1610612752,NYK,W,2023-24
0042300126,2024-05-02,IND vs. MIL,1610612754,IND,W,2023-24
0042300126,2024-05-02,MIL @ IND,1610612749,MIL,L,2023-24
0042300116,2024-05-02,PHI vs. NYK,1610612755,PHI,L,2023-24
0042300136,2024-05-03,ORL vs. CLE,1610612753,ORL,W,2023-24
0042300176,2024-05-03,DAL vs. LAC,1610612742,DAL,W,2023-24
0042300136,2024-05-03,CLE @ ORL,1610612739,CLE,L,2023-24
0042300176,2024-05-03,LAC @ DAL,1610612746,LAC,L,2023-24
0042300231,2024-05-04,DEN vs. MIN,1610612743,DEN,L,2023-24
0042300231,2024-05-04,MIN @ DEN,1610612750,MIN,W,2023-24
0042300137,2024-05-05,ORL @ CLE,1610612753,ORL,L,2023-24
0042300137,2024-05-05,CLE vs. ORL,1610612739,CLE,W,2023-24
0042300232,2024-05-06,MIN @ DEN,1610612750,MIN,W,2023-24
0042300211,2024-05-06,IND @ NYK,1610612754,IND,L,2023-24
0042300232,2024-05-06,DEN vs. MIN,1610612743,DEN,L,2023-24
0042300211,2024-05-06,NYK vs. IND,1610612752,NYK,W,2023-24
0042300201,2024-05-07,BOS vs. CLE,1610612738,BOS,W,2023-24
0042300221,2024-05-07,DAL @ OKC,1610612742,DAL,L,2023-24
0042300221,2024-05-07,OKC vs. DAL,1610612760,OKC,W,2023-24
0042300201,2024-05-07,CLE @ BOS,1610612739,CLE,L,2023-24
0042300212,2024-05-08,IND @ NYK,1610612754,IND,L,2023-24
0042300212,2024-05-08,NYK vs. IND,1610612752,NYK,W,2023-24
0042300222,2024-05-09,OKC vs. DAL,1610612760,OKC,L,2023-24
0042300202,2024-05-09,CLE @ BOS,1610612739,CLE,W,2023-24
0042300222,2024-05-09,DAL @ OKC,1610612742,DAL,W,2023-24
0042300202,2024-05-09,BOS vs. CLE,1610612738,BOS,L,2023-24
0042300233,2024-05-10,MIN vs. DEN,1610612750,MIN,L,2023-24
0042300213,2024-05-10,IND vs. NYK,1610612754,IND,W,2023-24
0042300213,2024-05-10,NYK @ IND,1610612752,NYK,L,2023-24
0042300233,2024-05-10,DEN @ MIN,1610612743,DEN,W,2023-24
0042300223,2024-05-11,OKC @ DAL,1610612760,OKC,L,2023-24
0042300203,2024-05-11,BOS @ CLE,1610612738,BOS,W,2023-24
0042300203,2024-05-11,CLE vs. BOS,1610612739,CLE,L,2023-24
0042300223,2024-05-11,DAL vs. OKC,1610612742,DAL,W,2023-24
0042300214,2024-05-12,NYK @ IND,1610612752,NYK,L,2023-24
0042300214,2024-05-12,IND vs. NYK,1610612754,IND,W,2023-24
0042300234,2024-05-12,DEN @ MIN,1610612743,DEN,W,2023-24
0042300234,2024-05-12,MIN vs. DEN,1610612750,MIN,L,2023-24
0042300204,2024-05-13,BOS @ CLE,1610612738,BOS,W,2023-24
0042300204,2024-05-13,CLE vs. BOS,1610612739,CLE,L,2023-24
0042300224,2024-05-13,OKC @ DAL,1610612760,OKC,W,2023-24
0042300224,2024-05-13,DAL vs. OKC,1610612742,DAL,L,2023-24
0042300235,2024-05-14,DEN vs. MIN,1610612743,DEN,W,2023-24
0042300215,2024-05-14,IND @ NYK,1610612754,IND,L,2023-24
0042300235,2024-05-14,MIN @ DEN,1610612750,MIN,L,2023-24
0042300215,2024-05-14,NYK vs. IND,1610612752,NYK,W,2023-24
0042300205,2024-05-15,BOS vs. CLE,1610612738,BOS,W,2023-24
0042300225,2024-05-15,DAL @ OKC,1610612742,DAL,W,2023-24
0042300205,2024-05-15,CLE @ BOS,1610612739,CLE,L,2023-24
0042300225,2024-05-15,OKC vs. DAL,1610612760,OKC,L,2023-24
0042300236,2024-05-16,DEN @ MIN,1610612743,DEN,L,2023-24
0042300236,2024-05-16,MIN vs. DEN,1610612750,MIN,W,2023-24
0042300216,2024-05-17,IND vs. NYK,1610612754,IND,W,2023-24
0042300216,2024-05-17,NYK @ IND,1610612752,NYK,L,2023-24
0042300226,2024-05-18,DAL vs. OKC,1610612742,DAL,W,2023-24
0042300226,2024-05-18,OKC @ DAL,1610612760,OKC,L,2023-24
0042300237,2024-05-19,MIN @ DEN,1610612750,MIN,W,2023-24
0042300237,2024-05-19,DEN vs. MIN,1610612743,DEN,L,2023-24
0042300217,2024-05-19,IND @ NYK,1610612754,IND,W,2023-24
0042300217,2024-05-19,NYK vs. IND,1610612752,NYK,L,2023-24
0042300301,2024-05-21,IND @ BOS,1610612754,IND,L,2023-24
0042300301,2024-05-21,BOS vs. IND,1610612738,BOS,W,2023-24
0042300311,2024-05-22,MIN vs. DAL,1610612750,MIN,L,2023-24
0042300311,2024-05-22,DAL @ MIN,1610612742,DAL,W,2023-24
0042300302,2024-05-23,BOS vs. IND,1610612738,BOS,W,2023-24
0042300302,2024-05-23,IND @ BOS,1610612754,IND,L,2023-24
0042300312,2024-05-24,DAL @ MIN,1610612742,DAL,W,2023-24
0042300312,2024-05-24,MIN vs. DAL,1610612750,MIN,L,2023-24
0042300303,2024-05-25,IND vs. BOS,1610612754,IND,L,2023-24
0042300303,2024-05-25,BOS @ IND,1610612738,BOS,W,2023-24
0042300313,2024-05-26,MIN @ DAL,1610612750,MIN,L,2023-24
0042300313,2024-05-26,DAL vs. MIN,1610612742,DAL,W,2023-24
0042300304,2024-05-27,BOS @ IND,1610612738,BOS,W,2023-24
0042300304,2024-05-27,IND vs. BOS,1610612754,IND,L,2023-24
0042300314,2024-05-28,DAL vs. MIN,1610612742,DAL,L,2023-24
0042300314,2024-05-28,MIN @ DAL,1610612750,MIN,W,2023-24
0042300315,2024-05-30,DAL @ MIN,1610612742,DAL,W,2023-24
0042300315,2024-05-30,MIN vs. DAL,1610612750,MIN,L,2023-24
0042300401,2024-06-06,DAL @ BOS,1610612742,DAL,L,2023-24
0042300401,2024-06-06,BOS vs. DAL,1610612738,BOS,W,2023-24
0042300402,2024-06-09,BOS vs. DAL,1610612738,BOS,W,2023-24
0042300402,2024-06-09,DAL @ BOS,1610612742,DAL,L,2023-24
0042300403,2024-06-12,DAL vs. BOS,1610612742,DAL,L,2023-24
0042300403,2024-06-12,BOS @ DAL,1610612738,BOS,W,2023-24
0042300404,2024-06-14,DAL vs. BOS,1610612742,DAL,W,2023-24
0042300404,2024-06-14,BOS @ DAL,1610612738,BOS,L,2023-24
0042300405,2024-06-17,DAL @ BOS,1610612742,DAL,L,2023-24
0042300405,2024-06-17,BOS vs. DAL,1610612738,BOS,W,2023-24
