SEASON_ID,TEAM_ID,TEAM_ABBREVIATION,TEAM_NAME,GAME_ID,MATCHUP,WL,MIN,FGM,FGA,FG_PCT,FG3M,FG3A,FG3_PCT,FTM,FTA,FT_PCT,OREB,DREB,REB,AST,STL,BLK,TOV,PF,PTS,PLUS_MINUS,VIDEO_AVAILABLE,GAME_DATE,HOME_AWAY
42009,1610612749,MIL,Milwaukee Bucks,40900121,MIL @ ATL,L,240,37,82,0.451,6,20,0.3,12,17,0.706,11,24,35,11,11,1,14,18,92,-10,0,2010-04-17,Away
42009,1610612743,DEN,Denver Nuggets,40900171,DEN vs. UTA,W,240,48,84,0.571,11,26,0.423,19,25,0.76,10,32,42,29,6,3,8,25,126,13,0,2010-04-17,Home
42009,1610612741,CHI,Chicago Bulls,40900101,CHI @ CLE,L,240,37,87,0.425,1,7,0.143,8,11,0.727,7,31,38,19,12,4,14,19,83,-13,0,2010-04-17,Away
42009,1610612762,UTA,Utah Jazz,40900171,UTA @ DEN,L,240,41,75,0.547,7,17,0.412,24,32,0.75,4,27,31,26,4,6,10,25,113,-13,0,2010-04-17,Away
42009,1610612737,ATL,Atlanta Hawks,40900121,ATL vs. MIL,W,240,41,76,0.539,6,11,0.545,14,19,0.737,11,29,40,18,8,11,13,17,102,10,0,2010-04-17,Home
42009,1610612738,BOS,Boston Celtics,40900131,BOS vs. MIA,W,240,31,70,0.443,1,6,0.167,22,28,0.786,5,32,37,18,11,6,17,11,85,9,0,2010-04-17,Home
42009,1610612748,MIA,Miami Heat,40900131,MIA @ BOS,L,240,31,78,0.397,4,17,0.235,10,13,0.769,12,28,40,18,9,5,22,24,76,-9,0,2010-04-17,Away
42009,1610612739,CLE,Cleveland Cavaliers,40900101,CLE vs. CHI,W,240,39,84,0.464,6,23,0.261,12,17,0.706,13,37,50,27,7,12,18,15,96,13,0,2010-04-17,Home
42009,1610612753,ORL,Orlando Magic,40900111,ORL vs. CHA,W,240,33,74,0.446,13,30,0.433,19,27,0.704,8,26,34,13,6,10,9,24,98,9,0,2010-04-18,Home
42009,1610612757,POR,Portland Trail Blazers,40900161,POR @ PHX,W,240,38,81,0.469,6,17,0.353,23,31,0.742,10,34,44,16,5,7,11,19,105,5,0,2010-04-18,Away
42009,1610612742,DAL,Dallas Mavericks,40900151,DAL vs. SAS,W,240,35,74,0.473,5,14,0.357,25,34,0.735,13,32,45,23,10,4,15,20,100,6,0,2010-04-18,Home
42009,1610612759,SAS,San Antonio Spurs,40900151,SAS @ DAL,L,240,39,78,0.5,4,11,0.364,12,14,0.857,8,29,37,19,7,1,17,28,94,-6,0,2010-04-18,Away
42009,1610612747,LAL,Los Angeles Lakers,40900141,LAL vs. OKC,W,240,32,78,0.41,8,22,0.364,15,22,0.682,12,29,41,14,6,8,14,27,87,8,0,2010-04-18,Home
42009,1610612760,OKC,Oklahoma City Thunder,40900141,OKC @ LAL,L,240,29,72,0.403,2,16,0.125,19,24,0.792,9,27,36,14,6,3,15,21,79,-8,0,2010-04-18,Away
42009,1610612766,CHA,Charlotte Bobcats,40900111,CHA @ ORL,L,240,33,71,0.465,3,12,0.25,20,28,0.714,10,31,41,19,3,5,16,22,89,-9,0,2010-04-18,Away
42009,1610612756,PHX,Phoenix Suns,40900161,PHX vs. POR,L,240,38,91,0.418,11,32,0.344,13,16,0.813,17,30,47,20,1,4,12,25,100,-5,0,2010-04-18,Home
42009,1610612743,DEN,Denver Nuggets,40900172,DEN vs. UTA,L,240,35,75,0.467,4,18,0.222,37,44,0.841,6,26,32,22,9,6,19,37,111,-3,0,2010-04-19,Home
42009,1610612762,UTA,Utah Jazz,40900172,UTA @ DEN,W,240,36,68,0.529,6,13,0.462,36,47,0.766,6,26,32,26,7,4,18,30,114,3,0,2010-04-19,Away
42009,1610612741,CHI,Chicago Bulls,40900102,CHI @ CLE,L,240,41,93,0.441,4,13,0.308,16,17,0.941,13,24,37,25,3,3,4,19,102,-10,0,2010-04-19,Away
42009,1610612739,CLE,Cleveland Cavaliers,40900102,CLE vs. CHI,W,240,40,71,0.563,10,20,0.5,22,24,0.917,5,31,36,24,2,9,12,19,112,10,0,2010-04-19,Home
42009,1610612738,BOS,Boston Celtics,40900132,BOS vs. MIA,W,240,36,75,0.48,12,20,0.6,22,27,0.815,10,40,50,26,7,4,14,14,106,29,0,2010-04-20,Home
42009,1610612748,MIA,Miami Heat,40900132,MIA @ BOS,L,240,29,76,0.382,9,18,0.5,10,16,0.625,6,27,33,16,4,7,13,26,77,-29,0,2010-04-20,Away
42009,1610612737,ATL,Atlanta Hawks,40900122,ATL vs. MIL,W,240,38,80,0.475,3,11,0.273,17,20,0.85,10,30,40,26,9,8,10,14,96,10,0,2010-04-20,Home
42009,1610612756,PHX,Phoenix Suns,40900162,PHX vs. POR,W,240,45,86,0.523,8,20,0.4,21,24,0.875,12,31,43,26,4,3,7,28,119,29,0,2010-04-20,Home
42009,1610612760,OKC,Oklahoma City Thunder,40900142,OKC @ LAL,L,240,29,74,0.392,5,19,0.263,29,33,0.879,7,30,37,13,9,17,17,30,92,-3,0,2010-04-20,Away
42009,1610612749,MIL,Milwaukee Bucks,40900122,MIL @ ATL,L,240,37,90,0.411,4,24,0.167,8,14,0.571,18,29,47,18,5,6,13,21,86,-10,0,2010-04-20,Away
42009,1610612757,POR,Portland Trail Blazers,40900162,POR @ PHX,L,240,29,76,0.382,4,12,0.333,28,33,0.848,11,23,34,12,3,5,10,24,90,-29,0,2010-04-20,Away
42009,1610612747,LAL,Los Angeles Lakers,40900142,LAL vs. OKC,W,240,33,88,0.375,6,22,0.273,23,32,0.719,19,30,49,20,9,3,16,26,95,3,0,2010-04-20,Home
42009,1610612759,SAS,San Antonio Spurs,40900152,SAS @ DAL,W,240,40,83,0.482,8,15,0.533,14,22,0.636,16,35,51,18,5,1,9,15,102,14,0,2010-04-21,Away
42009,1610612742,DAL,Dallas Mavericks,40900152,DAL vs. SAS,L,240,31,85,0.365,7,19,0.368,19,20,0.95,14,28,42,19,7,6,7,18,88,-14,0,2010-04-21,Home
42009,1610612766,CHA,Charlotte Bobcats,40900112,CHA @ ORL,L,240,29,66,0.439,6,14,0.429,13,18,0.722,11,25,36,18,7,6,21,29,77,-15,0,2010-04-21,Away
42009,1610612753,ORL,Orlando Magic,40900112,ORL vs. CHA,W,240,29,64,0.453,10,27,0.37,24,35,0.686,11,25,36,17,11,3,14,22,92,15,0,2010-04-21,Home
42009,1610612747,LAL,Los Angeles Lakers,40900143,LAL @ OKC,L,240,38,84,0.452,10,31,0.323,10,12,0.833,7,32,39,22,4,4,8,26,96,-5,0,2010-04-22,Away
42009,1610612757,POR,Portland Trail Blazers,40900163,POR vs. PHX,L,240,34,77,0.442,5,16,0.313,16,28,0.571,14,23,37,20,9,2,13,27,89,-19,0,2010-04-22,Home
42009,1610612760,OKC,Oklahoma City Thunder,40900143,OKC vs. LAL,W,240,33,80,0.413,8,19,0.421,27,34,0.794,14,39,53,16,3,3,9,19,101,5,0,2010-04-22,Home
42009,1610612741,CHI,Chicago Bulls,40900103,CHI vs. CLE,W,240,42,84,0.5,5,12,0.417,19,25,0.76,7,35,42,22,5,4,8,22,108,2,0,2010-04-22,Home
42009,1610612739,CLE,Cleveland Cavaliers,40900103,CLE @ CHI,L,240,36,82,0.439,14,35,0.4,20,31,0.645,14,29,43,21,5,7,13,24,106,-2,0,2010-04-22,Away
42009,1610612756,PHX,Phoenix Suns,40900163,PHX @ POR,W,240,37,70,0.529,13,28,0.464,21,30,0.7,7,28,35,21,7,3,15,22,108,19,0,2010-04-22,Away
42009,1610612742,DAL,Dallas Mavericks,40900153,DAL @ SAS,L,240,34,76,0.447,8,20,0.4,14,15,0.933,8,28,36,17,5,4,16,25,90,-4,0,2010-04-23,Away
42009,1610612759,SAS,San Antonio Spurs,40900153,SAS vs. DAL,W,240,37,76,0.487,0,7,0.0,20,26,0.769,12,24,36,19,5,4,11,16,94,4,0,2010-04-23,Home
42009,1610612738,BOS,Boston Celtics,40900133,BOS @ MIA,W,240,37,79,0.468,8,23,0.348,18,23,0.783,11,27,38,19,9,2,15,23,100,2,0,2010-04-23,Away
42009,1610612762,UTA,Utah Jazz,40900173,UTA vs. DEN,W,240,39,83,0.47,7,18,0.389,20,31,0.645,10,33,43,27,10,0,9,26,105,12,0,2010-04-23,Home
42009,1610612743,DEN,Denver Nuggets,40900173,DEN @ UTA,L,240,31,72,0.431,4,15,0.267,27,35,0.771,8,32,40,12,4,6,14,25,93,-12,0,2010-04-23,Away
42009,1610612748,MIA,Miami Heat,40900133,MIA vs. BOS,L,240,39,77,0.506,6,18,0.333,14,17,0.824,9,25,34,20,7,4,18,21,98,-2,0,2010-04-23,Home
42009,1610612766,CHA,Charlotte Bobcats,40900113,CHA vs. ORL,L,240,31,74,0.419,5,23,0.217,19,23,0.826,6,27,33,17,10,5,15,27,86,-4,0,2010-04-24,Home
42009,1610612749,MIL,Milwaukee Bucks,40900123,MIL vs. ATL,W,240,41,80,0.513,10,23,0.435,15,16,0.938,11,33,44,23,7,5,14,22,107,18,0,2010-04-24,Home
42009,1610612753,ORL,Orlando Magic,40900113,ORL @ CHA,W,240,31,70,0.443,9,30,0.3,19,25,0.76,11,32,43,14,7,9,21,25,90,4,0,2010-04-24,Away
42009,1610612737,ATL,Atlanta Hawks,40900123,ATL @ MIL,L,240,34,87,0.391,3,15,0.2,18,25,0.72,20,21,41,16,11,5,12,13,89,-18,0,2010-04-24,Away
42009,1610612756,PHX,Phoenix Suns,40900164,PHX @ POR,L,240,33,76,0.434,6,23,0.261,15,21,0.714,7,32,39,17,4,4,12,24,87,-9,0,2010-04-24,Away
42009,1610612747,LAL,Los Angeles Lakers,40900144,LAL @ OKC,L,240,34,82,0.415,4,22,0.182,17,28,0.607,10,33,43,19,4,4,11,30,89,-21,0,2010-04-24,Away
42009,1610612757,POR,Portland Trail Blazers,40900164,POR vs. PHX,W,240,35,79,0.443,5,14,0.357,21,28,0.75,12,33,45,26,4,2,7,20,96,9,0,2010-04-24,Home
42009,1610612760,OKC,Oklahoma City Thunder,40900144,OKC vs. LAL,W,240,31,76,0.408,6,18,0.333,42,48,0.875,13,37,50,15,8,7,10,23,110,21,0,2010-04-24,Home
42009,1610612741,CHI,Chicago Bulls,40900104,CHI vs. CLE,L,240,34,91,0.374,4,12,0.333,26,32,0.813,17,32,49,14,2,1,14,24,98,-23,0,2010-04-25,Home
42009,1610612748,MIA,Miami Heat,40900134,MIA vs. BOS,W,240,38,76,0.5,10,18,0.556,15,25,0.6,9,34,43,16,9,2,16,22,101,9,0,2010-04-25,Home
42009,1610612742,DAL,Dallas Mavericks,40900154,DAL @ SAS,L,240,32,77,0.416,7,19,0.368,18,23,0.783,12,36,48,17,5,5,15,22,89,-3,0,2010-04-25,Away
42009,1610612762,UTA,Utah Jazz,40900174,UTA vs. DEN,W,240,41,77,0.532,5,18,0.278,30,42,0.714,12,27,39,24,6,7,15,29,117,11,0,2010-04-25,Home
42009,1610612759,SAS,San Antonio Spurs,40900154,SAS vs. DAL,W,240,34,75,0.453,6,17,0.353,18,28,0.643,10,33,43,19,8,4,12,20,92,3,0,2010-04-25,Home
42009,1610612739,CLE,Cleveland Cavaliers,40900104,CLE @ CHI,W,240,42,79,0.532,12,25,0.48,25,34,0.735,5,36,41,21,6,7,11,26,121,23,0,2010-04-25,Away
42009,1610612738,BOS,Boston Celtics,40900134,BOS @ MIA,L,240,34,69,0.493,8,21,0.381,16,27,0.593,4,31,35,19,10,4,16,22,92,-9,0,2010-04-25,Away
42009,1610612743,DEN,Denver Nuggets,40900174,DEN @ UTA,L,240,37,84,0.44,6,16,0.375,26,35,0.743,18,27,45,13,12,4,18,34,106,-11,0,2010-04-25,Away
42009,1610612753,ORL,Orlando Magic,40900114,ORL @ CHA,W,240,28,67,0.418,13,33,0.394,30,42,0.714,7,31,38,18,7,4,7,23,99,9,0,2010-04-26,Away
42009,1610612757,POR,Portland Trail Blazers,40900165,POR @ PHX,L,240,32,69,0.464,7,18,0.389,17,24,0.708,9,20,29,21,8,5,15,28,88,-19,0,2010-04-26,Away
42009,1610612749,MIL,Milwaukee Bucks,40900124,MIL vs. ATL,W,240,38,69,0.551,7,18,0.389,28,32,0.875,8,25,33,17,2,3,15,21,111,7,0,2010-04-26,Home
42009,1610612737,ATL,Atlanta Hawks,40900124,ATL @ MIL,L,240,38,80,0.475,10,19,0.526,18,21,0.857,12,21,33,14,5,2,12,29,104,-7,0,2010-04-26,Away
42009,1610612766,CHA,Charlotte Bobcats,40900114,CHA vs. ORL,L,240,32,71,0.451,5,19,0.263,21,33,0.636,7,29,36,27,2,2,10,29,90,-9,0,2010-04-26,Home
42009,1610612756,PHX,Phoenix Suns,40900165,PHX vs. POR,W,240,34,73,0.466,10,27,0.37,29,32,0.906,15,26,41,21,8,3,13,24,107,19,0,2010-04-26,Home
42009,1610612747,LAL,Los Angeles Lakers,40900145,LAL vs. OKC,W,240,42,78,0.538,5,14,0.357,22,31,0.71,10,35,45,27,10,10,13,19,111,24,0,2010-04-27,Home
42009,1610612760,OKC,Oklahoma City Thunder,40900145,OKC @ LAL,L,240,31,84,0.369,7,20,0.35,18,24,0.75,14,28,42,18,6,3,17,25,87,-24,0,2010-04-27,Away
42009,1610612742,DAL,Dallas Mavericks,40900155,DAL vs. SAS,W,240,37,84,0.44,6,24,0.25,23,33,0.697,14,38,52,20,14,7,12,23,103,22,0,2010-04-27,Home
42009,1610612759,SAS,San Antonio Spurs,40900155,SAS @ DAL,L,240,28,78,0.359,3,16,0.188,22,28,0.786,9,32,41,11,5,5,18,23,81,-22,0,2010-04-27,Away
42009,1610612741,CHI,Chicago Bulls,40900105,CHI @ CLE,L,240,35,76,0.461,2,10,0.2,22,29,0.759,10,29,39,15,7,3,10,23,94,-2,0,2010-04-27,Away
42009,1610612739,CLE,Cleveland Cavaliers,40900105,CLE vs. CHI,W,240,34,73,0.466,10,26,0.385,18,28,0.643,8,29,37,23,6,6,14,21,96,2,0,2010-04-27,Home
42009,1610612748,MIA,Miami Heat,40900135,MIA @ BOS,L,240,31,79,0.392,5,20,0.25,19,22,0.864,11,27,38,18,6,7,20,21,86,-10,0,2010-04-27,Away
42009,1610612738,BOS,Boston Celtics,40900135,BOS vs. MIA,W,240,35,72,0.486,7,12,0.583,19,22,0.864,7,31,38,28,11,6,16,24,96,10,0,2010-04-27,Home
42009,1610612743,DEN,Denver Nuggets,40900175,DEN vs. UTA,W,240,37,73,0.507,9,17,0.529,33,42,0.786,9,31,40,20,10,5,13,25,116,14,0,2010-04-28,Home
42009,1610612749,MIL,Milwaukee Bucks,40900125,MIL @ ATL,W,240,30,74,0.405,8,19,0.421,23,29,0.793,10,29,39,16,10,3,12,21,91,4,0,2010-04-28,Away
42009,1610612762,UTA,Utah Jazz,40900175,UTA @ DEN,L,240,38,84,0.452,7,18,0.389,19,25,0.76,13,28,41,19,4,5,16,26,102,-14,0,2010-04-28,Away
42009,1610612737,ATL,Atlanta Hawks,40900125,ATL vs. MIL,L,240,36,83,0.434,2,11,0.182,13,17,0.765,12,27,39,16,6,8,14,25,87,-4,0,2010-04-28,Home
42009,1610612757,POR,Portland Trail Blazers,40900166,POR vs. PHX,L,240,30,79,0.38,11,23,0.478,19,24,0.792,9,26,35,22,7,5,10,21,90,-9,0,2010-04-29,Home
42009,1610612759,SAS,San Antonio Spurs,40900156,SAS vs. DAL,W,240,37,78,0.474,4,12,0.333,19,31,0.613,12,31,43,23,7,4,8,17,97,10,0,2010-04-29,Home
42009,1610612742,DAL,Dallas Mavericks,40900156,DAL @ SAS,L,240,35,80,0.438,5,20,0.25,12,15,0.8,11,29,40,15,4,4,13,27,87,-10,0,2010-04-29,Away
42009,1610612756,PHX,Phoenix Suns,40900166,PHX @ POR,W,240,35,74,0.473,12,23,0.522,17,26,0.654,7,33,40,21,7,8,17,22,99,9,0,2010-04-29,Away
42009,1610612760,OKC,Oklahoma City Thunder,40900146,OKC vs. LAL,L,240,31,85,0.365,5,19,0.263,27,31,0.871,13,29,42,21,7,4,7,19,94,-1,0,2010-04-30,Home
42009,1610612743,DEN,Denver Nuggets,40900176,DEN @ UTA,L,240,36,83,0.434,5,17,0.294,27,40,0.675,11,28,39,19,8,4,10,39,104,-8,0,2010-04-30,Away
42009,1610612737,ATL,Atlanta Hawks,40900126,ATL @ MIL,W,240,31,81,0.383,5,16,0.313,16,22,0.727,15,36,51,15,5,6,12,15,83,14,0,2010-04-30,Away
42009,1610612747,LAL,Los Angeles Lakers,40900146,LAL @ OKC,W,240,37,79,0.468,12,24,0.5,9,14,0.643,10,33,43,23,4,8,16,21,95,1,0,2010-04-30,Away
42009,1610612749,MIL,Milwaukee Bucks,40900126,MIL vs. ATL,L,240,25,76,0.329,7,26,0.269,12,12,1.0,8,34,42,14,4,3,14,24,69,-14,0,2010-04-30,Home
42009,1610612762,UTA,Utah Jazz,40900176,UTA vs. DEN,W,240,36,69,0.522,6,15,0.4,34,51,0.667,8,37,45,26,2,4,19,31,112,8,0,2010-04-30,Home
42009,1610612738,BOS,Boston Celtics,40900201,BOS @ CLE,L,240,36,81,0.444,4,16,0.25,17,21,0.81,12,29,41,20,6,6,16,25,93,-8,0,2010-05-01,Away
42009,1610612739,CLE,Cleveland Cavaliers,40900201,CLE vs. BOS,W,240,38,78,0.487,4,12,0.333,21,31,0.677,11,30,41,18,8,5,11,17,101,8,0,2010-05-01,Home
42009,1610612737,ATL,Atlanta Hawks,40900127,ATL vs. MIL,W,240,36,76,0.474,6,16,0.375,17,21,0.81,17,38,55,21,1,8,12,21,95,21,0,2010-05-02,Home
42009,1610612762,UTA,Utah Jazz,40900231,UTA @ LAL,L,240,38,85,0.447,5,18,0.278,18,21,0.857,11,27,38,24,8,2,11,26,99,-5,0,2010-05-02,Away
42009,1610612749,MIL,Milwaukee Bucks,40900127,MIL @ ATL,L,240,28,86,0.326,4,19,0.211,14,19,0.737,12,22,34,15,5,2,5,20,74,-21,0,2010-05-02,Away
42009,1610612747,LAL,Los Angeles Lakers,40900231,LAL vs. UTA,W,240,41,77,0.532,2,12,0.167,20,27,0.741,10,33,43,18,8,7,14,20,104,5,0,2010-05-02,Home
42009,1610612756,PHX,Phoenix Suns,40900221,PHX vs. SAS,W,240,41,79,0.519,7,20,0.35,22,29,0.759,7,37,44,16,4,2,16,26,111,9,0,2010-05-03,Home
42009,1610612738,BOS,Boston Celtics,40900202,BOS @ CLE,W,240,40,78,0.513,9,19,0.474,15,18,0.833,7,36,43,30,8,2,19,31,104,18,0,2010-05-03,Away
42009,1610612739,CLE,Cleveland Cavaliers,40900202,CLE vs. BOS,L,240,28,70,0.4,4,21,0.19,26,38,0.684,6,26,32,17,9,5,15,16,86,-18,0,2010-05-03,Home
42009,1610612759,SAS,San Antonio Spurs,40900221,SAS @ PHX,L,240,38,83,0.458,4,19,0.211,22,31,0.71,9,29,38,18,8,5,12,25,102,-9,0,2010-05-03,Away
42009,1610612762,UTA,Utah Jazz,40900232,UTA @ LAL,L,240,38,96,0.396,8,19,0.421,19,28,0.679,19,21,40,27,10,4,10,28,103,-8,0,2010-05-04,Away
42009,1610612747,LAL,Los Angeles Lakers,40900232,LAL vs. UTA,W,240,40,79,0.506,4,17,0.235,27,36,0.75,18,40,58,26,6,13,20,21,111,8,0,2010-05-04,Home
42009,1610612753,ORL,Orlando Magic,40900211,ORL vs. ATL,W,240,44,84,0.524,9,23,0.391,17,24,0.708,14,39,53,23,6,7,13,17,114,43,0,2010-05-04,Home
42009,1610612737,ATL,Atlanta Hawks,40900211,ATL @ ORL,L,240,28,81,0.346,2,13,0.154,13,18,0.722,10,25,35,12,9,4,16,24,71,-43,0,2010-05-04,Away
42009,1610612756,PHX,Phoenix Suns,40900222,PHX vs. SAS,W,240,36,85,0.424,9,19,0.474,29,37,0.784,18,31,49,19,6,1,14,21,110,8,0,2010-05-05,Home
42009,1610612759,SAS,San Antonio Spurs,40900222,SAS @ PHX,L,240,40,79,0.506,7,18,0.389,15,22,0.682,7,30,37,28,8,8,12,31,102,-8,0,2010-05-05,Away
42009,1610612737,ATL,Atlanta Hawks,40900212,ATL @ ORL,L,240,31,75,0.413,6,11,0.545,30,31,0.968,16,25,41,16,4,2,12,29,98,-14,0,2010-05-06,Away
42009,1610612753,ORL,Orlando Magic,40900212,ORL vs. ATL,W,240,38,68,0.559,9,23,0.391,27,39,0.692,8,27,35,16,5,3,9,24,112,14,0,2010-05-06,Home
42009,1610612739,CLE,Cleveland Cavaliers,40900203,CLE @ BOS,W,240,44,74,0.595,5,12,0.417,31,34,0.912,11,34,45,25,3,4,12,24,124,29,0,2010-05-07,Away
42009,1610612738,BOS,Boston Celtics,40900203,BOS vs. CLE,L,240,35,82,0.427,4,17,0.235,21,29,0.724,14,16,30,20,3,6,7,22,95,-29,0,2010-05-07,Home
42009,1610612759,SAS,San Antonio Spurs,40900223,SAS vs. PHX,L,240,36,80,0.45,8,16,0.5,16,28,0.571,11,32,43,17,6,7,12,14,96,-14,0,2010-05-07,Home
42009,1610612756,PHX,Phoenix Suns,40900223,PHX @ SAS,W,240,42,79,0.532,15,26,0.577,11,17,0.647,6,31,37,16,7,6,12,20,110,14,0,2010-05-07,Away
42009,1610612737,ATL,Atlanta Hawks,40900213,ATL vs. ORL,L,240,29,83,0.349,4,15,0.267,13,19,0.684,12,22,34,9,6,0,8,24,75,-30,0,2010-05-08,Home
42009,1610612753,ORL,Orlando Magic,40900213,ORL @ ATL,W,240,36,71,0.507,10,29,0.345,23,34,0.676,10,41,51,21,5,5,9,16,105,30,0,2010-05-08,Away
42009,1610612762,UTA,Utah Jazz,40900233,UTA vs. LAL,L,240,37,77,0.481,10,22,0.455,26,31,0.839,13,29,42,23,4,4,11,21,110,-1,0,2010-05-08,Home
42009,1610612747,LAL,Los Angeles Lakers,40900233,LAL @ UTA,W,240,41,87,0.471,13,29,0.448,16,19,0.842,14,25,39,18,5,5,8,25,111,1,0,2010-05-08,Away
42009,1610612739,CLE,Cleveland Cavaliers,40900204,CLE @ BOS,L,240,27,67,0.403,4,21,0.19,29,39,0.744,3,30,33,19,6,5,17,27,87,-10,0,2010-05-09,Away
42009,1610612738,BOS,Boston Celtics,40900204,BOS vs. CLE,W,240,34,76,0.447,1,14,0.071,28,40,0.7,9,38,47,19,10,8,12,31,97,10,0,2010-05-09,Home
42009,1610612759,SAS,San Antonio Spurs,40900224,SAS vs. PHX,L,240,35,75,0.467,4,11,0.364,27,36,0.75,7,35,42,20,9,4,16,21,101,-6,0,2010-05-09,Home
42009,1610612756,PHX,Phoenix Suns,40900224,PHX @ SAS,W,240,37,81,0.457,10,24,0.417,23,28,0.821,8,29,37,22,9,6,12,24,107,6,0,2010-05-09,Away
42009,1610612762,UTA,Utah Jazz,40900234,UTA vs. LAL,L,240,37,81,0.457,4,16,0.25,18,27,0.667,13,32,45,16,4,8,13,28,96,-15,0,2010-05-10,Home
42009,1610612737,ATL,Atlanta Hawks,40900214,ATL vs. ORL,L,240,30,74,0.405,3,12,0.25,21,29,0.724,8,22,30,17,6,2,8,22,84,-14,0,2010-05-10,Home
42009,1610612753,ORL,Orlando Magic,40900214,ORL @ ATL,W,240,36,65,0.554,16,37,0.432,10,19,0.526,3,34,37,27,4,6,16,23,98,14,0,2010-05-10,Away
42009,1610612747,LAL,Los Angeles Lakers,40900234,LAL @ UTA,W,240,38,83,0.458,6,17,0.353,29,36,0.806,13,29,42,14,7,5,6,21,111,15,0,2010-05-10,Away
42009,1610612739,CLE,Cleveland Cavaliers,40900205,CLE vs. BOS,L,240,28,68,0.412,5,15,0.333,27,34,0.794,7,24,31,20,5,10,17,30,88,-32,0,2010-05-11,Home
42009,1610612738,BOS,Boston Celtics,40900205,BOS @ CLE,W,240,44,80,0.55,8,15,0.533,24,34,0.706,9,32,41,25,6,4,10,28,120,32,0,2010-05-11,Away
42009,1610612739,CLE,Cleveland Cavaliers,40900206,CLE @ BOS,L,240,28,73,0.384,5,17,0.294,24,34,0.706,12,36,48,17,10,3,24,22,85,-9,0,2010-05-13,Away
42009,1610612738,BOS,Boston Celtics,40900206,BOS vs. CLE,W,240,34,77,0.442,5,17,0.294,21,33,0.636,5,32,37,24,13,5,13,26,94,9,0,2010-05-13,Home
42009,1610612753,ORL,Orlando Magic,40900301,ORL vs. BOS,L,240,32,77,0.416,5,22,0.227,19,26,0.731,15,30,45,10,6,8,18,17,88,-4,0,2010-05-16,Home
42009,1610612738,BOS,Boston Celtics,40900301,BOS @ ORL,W,240,33,74,0.446,6,14,0.429,20,26,0.769,7,31,38,21,8,5,16,25,92,4,0,2010-05-16,Away
42009,1610612747,LAL,Los Angeles Lakers,40900311,LAL vs. PHX,W,240,51,88,0.58,8,17,0.471,18,22,0.818,12,30,42,26,8,3,9,21,128,21,0,2010-05-17,Home
42009,1610612756,PHX,Phoenix Suns,40900311,PHX @ LAL,L,240,39,79,0.494,5,22,0.227,24,32,0.75,10,24,34,25,6,3,12,23,107,-21,0,2010-05-17,Away
42009,1610612753,ORL,Orlando Magic,40900302,ORL vs. BOS,L,240,28,71,0.394,7,18,0.389,29,38,0.763,10,26,36,18,9,2,14,25,92,-3,0,2010-05-18,Home
42009,1610612738,BOS,Boston Celtics,40900302,BOS @ ORL,W,240,34,74,0.459,5,15,0.333,22,28,0.786,9,29,38,20,7,6,15,29,95,3,0,2010-05-18,Away
42009,1610612747,LAL,Los Angeles Lakers,40900312,LAL vs. PHX,W,240,45,78,0.577,9,16,0.563,25,34,0.735,12,27,39,32,11,4,14,23,124,12,0,2010-05-19,Home
42009,1610612756,PHX,Phoenix Suns,40900312,PHX @ LAL,L,240,41,83,0.494,10,24,0.417,20,26,0.769,9,25,34,29,7,4,17,26,112,-12,0,2010-05-19,Away
42009,1610612753,ORL,Orlando Magic,40900303,ORL @ BOS,L,240,24,65,0.369,8,30,0.267,15,18,0.833,3,33,36,10,5,5,17,25,71,-23,0,2010-05-22,Away
42009,1610612738,BOS,Boston Celtics,40900303,BOS vs. ORL,W,240,34,73,0.466,6,11,0.545,20,28,0.714,7,36,43,23,12,3,9,20,94,23,0,2010-05-22,Home
42009,1610612747,LAL,Los Angeles Lakers,40900313,LAL @ PHX,L,240,42,87,0.483,9,32,0.281,16,20,0.8,9,32,41,20,4,6,17,28,109,-9,0,2010-05-23,Away
42009,1610612756,PHX,Phoenix Suns,40900313,PHX vs. LAL,W,240,38,82,0.463,5,20,0.25,37,42,0.881,10,30,40,19,10,2,7,21,118,9,0,2010-05-23,Home
42009,1610612753,ORL,Orlando Magic,40900304,ORL @ BOS,W,265,33,74,0.446,10,28,0.357,20,33,0.606,11,32,43,19,5,5,19,27,96,4,0,2010-05-24,Away
42009,1610612738,BOS,Boston Celtics,40900304,BOS vs. ORL,L,265,32,76,0.421,5,18,0.278,23,30,0.767,10,37,47,19,10,6,16,30,92,-4,0,2010-05-24,Home
42009,1610612747,LAL,Los Angeles Lakers,40900314,LAL @ PHX,L,240,45,91,0.495,9,28,0.321,7,13,0.538,13,23,36,25,4,7,7,23,106,-9,0,2010-05-25,Away
42009,1610612756,PHX,Phoenix Suns,40900314,PHX vs. LAL,W,240,41,84,0.488,11,30,0.367,22,32,0.688,18,33,51,23,3,3,8,12,115,9,0,2010-05-25,Home
42009,1610612738,BOS,Boston Celtics,40900305,BOS @ ORL,L,240,31,72,0.431,7,16,0.438,23,30,0.767,4,22,26,19,5,4,10,30,92,-21,0,2010-05-26,Away
42009,1610612753,ORL,Orlando Magic,40900305,ORL vs. BOS,W,240,36,69,0.522,13,25,0.52,28,35,0.8,10,33,43,16,6,7,14,24,113,21,0,2010-05-26,Home
42009,1610612747,LAL,Los Angeles Lakers,40900315,LAL vs. PHX,W,240,38,91,0.418,7,24,0.292,20,23,0.87,19,30,49,28,7,10,11,24,103,2,0,2010-05-27,Home
42009,1610612756,PHX,Phoenix Suns,40900315,PHX @ LAL,L,240,36,77,0.468,9,27,0.333,20,29,0.69,12,28,40,19,7,8,15,21,101,-2,0,2010-05-27,Away
42009,1610612753,ORL,Orlando Magic,40900306,ORL @ BOS,L,240,31,72,0.431,6,22,0.273,16,27,0.593,9,26,35,14,8,3,12,21,84,-12,0,2010-05-28,Away
42009,1610612738,BOS,Boston Celtics,40900306,BOS vs. ORL,W,240,32,75,0.427,10,22,0.455,22,27,0.815,11,34,45,19,7,3,17,25,96,12,0,2010-05-28,Home
42009,1610612747,LAL,Los Angeles Lakers,40900316,LAL @ PHX,W,240,39,83,0.47,10,24,0.417,23,28,0.821,14,27,41,18,6,3,10,23,111,8,0,2010-05-29,Away
42009,1610612756,PHX,Phoenix Suns,40900316,PHX vs. LAL,L,240,35,75,0.467,9,26,0.346,24,29,0.828,8,23,31,19,4,6,12,19,103,-8,0,2010-05-29,Home
42009,1610612738,BOS,Boston Celtics,40900401,BOS @ LAL,L,240,29,67,0.433,1,10,0.1,30,36,0.833,8,23,31,19,5,5,14,28,89,-13,0,2010-06-03,Away
42009,1610612747,LAL,Los Angeles Lakers,40900401,LAL vs. BOS,W,240,37,76,0.487,4,10,0.4,24,31,0.774,12,30,42,18,6,7,15,26,102,13,0,2010-06-03,Home
42009,1610612738,BOS,Boston Celtics,40900402,BOS @ LAL,W,240,36,84,0.429,11,16,0.688,20,26,0.769,13,31,44,28,6,3,14,29,103,9,0,2010-06-06,Away
42009,1610612747,LAL,Los Angeles Lakers,40900402,LAL vs. BOS,L,240,29,71,0.408,5,22,0.227,31,41,0.756,10,29,39,18,8,14,15,29,94,-9,0,2010-06-06,Home
42009,1610612747,LAL,Los Angeles Lakers,40900403,LAL @ BOS,W,240,34,76,0.447,2,15,0.133,21,24,0.875,11,32,43,13,2,7,9,20,91,7,0,2010-06-08,Away
42009,1610612738,BOS,Boston Celtics,40900403,BOS vs. LAL,L,240,32,73,0.438,4,18,0.222,16,24,0.667,8,27,35,20,4,2,10,27,84,-7,0,2010-06-08,Home
42009,1610612747,LAL,Los Angeles Lakers,40900404,LAL @ BOS,L,240,32,71,0.451,7,20,0.35,18,22,0.818,8,26,34,13,6,3,16,23,89,-7,0,2010-06-10,Away
42009,1610612738,BOS,Boston Celtics,40900404,BOS vs. LAL,W,240,37,83,0.446,3,12,0.25,19,23,0.826,16,25,41,15,12,2,12,21,96,7,0,2010-06-10,Home
42009,1610612747,LAL,Los Angeles Lakers,40900405,LAL @ BOS,L,240,31,78,0.397,7,19,0.368,17,26,0.654,16,18,34,12,9,1,14,22,86,-6,0,2010-06-13,Away
42009,1610612738,BOS,Boston Celtics,40900405,BOS vs. LAL,W,240,40,71,0.563,3,12,0.25,9,13,0.692,7,28,35,21,8,7,17,23,92,6,0,2010-06-13,Home
42009,1610612738,BOS,Boston Celtics,40900406,BOS @ LAL,L,240,28,84,0.333,5,23,0.217,6,10,0.6,11,28,39,17,8,4,14,21,67,-22,0,2010-06-15,Away
42009,1610612747,LAL,Los Angeles Lakers,40900406,LAL vs. BOS,W,240,33,79,0.418,6,19,0.316,17,19,0.895,12,40,52,17,13,8,13,17,89,22,0,2010-06-15,Home
42009,1610612747,LAL,Los Angeles Lakers,40900407,LAL vs. BOS,W,240,27,83,0.325,4,20,0.2,25,37,0.676,23,30,53,11,7,3,11,19,83,4,0,2010-06-17,Home
42009,1610612738,BOS,Boston Celtics,40900407,BOS @ LAL,L,240,29,71,0.408,6,16,0.375,15,17,0.882,8,32,40,18,6,7,15,25,79,-4,0,2010-06-17,Away
42010,1610612748,MIA,Miami Heat,41000111,MIA vs. PHI,W,240,31,74,0.419,4,17,0.235,31,39,0.795,15,37,52,15,3,5,14,16,97,8,0,2011-04-16,Home
42010,1610612753,ORL,Orlando Magic,41000131,ORL vs. ATL,L,240,34,75,0.453,6,22,0.273,19,30,0.633,13,27,40,15,3,3,18,24,93,-10,0,2011-04-16,Home
42010,1610612754,IND,Indiana Pacers,41000101,IND @ CHI,L,240,39,84,0.464,10,18,0.556,11,17,0.647,13,21,34,21,8,6,12,25,99,-5,0,2011-04-16,Away
42010,1610612755,PHI,Philadelphia 76ers,41000111,PHI @ MIA,L,240,35,85,0.412,7,19,0.368,12,15,0.8,12,27,39,22,8,2,9,25,89,-8,0,2011-04-16,Away
42010,1610612757,POR,Portland Trail Blazers,41000161,POR @ DAL,L,240,35,76,0.461,2,16,0.125,9,13,0.692,11,29,40,22,7,3,14,26,81,-8,0,2011-04-16,Away
42010,1610612741,CHI,Chicago Bulls,41000101,CHI vs. IND,W,240,36,82,0.439,6,20,0.3,26,32,0.813,21,28,49,18,6,9,15,21,104,5,0,2011-04-16,Home
42010,1610612737,ATL,Atlanta Hawks,41000131,ATL @ ORL,W,240,38,74,0.514,6,14,0.429,21,29,0.724,5,24,29,19,8,1,10,28,103,10,0,2011-04-16,Away
42010,1610612742,DAL,Dallas Mavericks,41000161,DAL vs. POR,W,240,27,66,0.409,10,19,0.526,25,29,0.862,10,29,39,14,5,7,13,16,89,8,0,2011-04-16,Home
42010,1610612759,SAS,San Antonio Spurs,41000141,SAS vs. MEM,L,240,28,70,0.4,6,15,0.4,36,47,0.766,11,29,40,13,7,3,10,27,98,-3,0,2011-04-17,Home
42010,1610612752,NYK,New York Knicks,41000121,NYK @ BOS,L,240,33,78,0.423,8,23,0.348,11,16,0.688,13,21,34,16,5,9,14,17,85,-2,0,2011-04-17,Away
42010,1610612740,NOH,New Orleans Hornets,41000151,NOH @ LAL,W,240,41,79,0.519,4,11,0.364,23,33,0.697,4,29,33,24,8,1,3,22,109,9,0,2011-04-17,Away
42010,1610612747,LAL,Los Angeles Lakers,41000151,LAL vs. NOH,L,240,34,74,0.459,6,13,0.462,26,33,0.788,9,32,41,17,1,5,13,24,100,-9,0,2011-04-17,Home
42010,1610612738,BOS,Boston Celtics,41000121,BOS vs. NYK,W,240,35,80,0.438,5,13,0.385,12,18,0.667,15,29,44,20,5,5,18,15,87,2,0,2011-04-17,Home
42010,1610612743,DEN,Denver Nuggets,41000171,DEN @ OKC,L,240,39,77,0.506,4,16,0.25,21,33,0.636,5,29,34,23,9,4,11,24,103,-4,0,2011-04-17,Away
42010,1610612760,OKC,Oklahoma City Thunder,41000171,OKC vs. DEN,W,240,38,77,0.494,9,19,0.474,22,28,0.786,7,30,37,15,4,8,11,22,107,4,0,2011-04-17,Home
42010,1610612763,MEM,Memphis Grizzlies,41000141,MEM @ SAS,W,240,37,67,0.552,6,10,0.6,21,33,0.636,5,33,38,22,2,5,16,33,101,3,0,2011-04-17,Away
42010,1610612748,MIA,Miami Heat,41000112,MIA vs. PHI,W,240,34,72,0.472,3,15,0.2,23,29,0.793,8,38,46,16,7,7,12,17,94,21,0,2011-04-18,Home
42010,1610612754,IND,Indiana Pacers,41000102,IND @ CHI,L,240,32,77,0.416,6,17,0.353,20,27,0.741,9,24,33,22,13,7,18,27,90,-6,0,2011-04-18,Away
42010,1610612741,CHI,Chicago Bulls,41000102,CHI vs. IND,W,240,32,83,0.386,5,14,0.357,27,34,0.794,20,37,57,15,11,5,22,24,96,6,0,2011-04-18,Home
42010,1610612755,PHI,Philadelphia 76ers,41000112,PHI @ MIA,L,240,27,79,0.342,6,14,0.429,13,20,0.65,12,28,40,18,6,3,13,21,73,-21,0,2011-04-18,Away
42010,1610612738,BOS,Boston Celtics,41000122,BOS vs. NYK,W,240,39,83,0.47,6,11,0.545,12,16,0.75,9,28,37,21,8,5,10,22,96,3,0,2011-04-19,Home
42010,1610612753,ORL,Orlando Magic,41000132,ORL vs. ATL,W,240,27,78,0.346,5,23,0.217,29,36,0.806,20,32,52,9,9,2,16,21,88,6,0,2011-04-19,Home
42010,1610612752,NYK,New York Knicks,41000122,NYK @ BOS,L,240,32,90,0.356,8,25,0.32,21,27,0.778,20,33,53,14,8,5,13,17,93,-3,0,2011-04-19,Away
42010,1610612737,ATL,Atlanta Hawks,41000132,ATL @ ORL,L,240,32,81,0.395,7,20,0.35,11,17,0.647,13,26,39,15,7,7,15,27,82,-6,0,2011-04-19,Away
42010,1610612742,DAL,Dallas Mavericks,41000162,DAL vs. POR,W,240,37,76,0.487,8,19,0.421,19,26,0.731,10,27,37,20,6,3,6,20,101,12,0,2011-04-19,Home
42010,1610612757,POR,Portland Trail Blazers,41000162,POR @ DAL,L,240,32,66,0.485,7,14,0.5,18,27,0.667,7,30,37,20,2,4,13,22,89,-12,0,2011-04-19,Away
42010,1610612760,OKC,Oklahoma City Thunder,41000172,OKC vs. DEN,W,240,36,82,0.439,10,30,0.333,24,28,0.857,17,37,54,19,6,3,17,26,106,17,0,2011-04-20,Home
42010,1610612740,NOH,New Orleans Hornets,41000152,NOH @ LAL,L,240,27,69,0.391,4,11,0.364,20,32,0.625,9,27,36,14,6,5,16,22,78,-9,0,2011-04-20,Away
42010,1610612759,SAS,San Antonio Spurs,41000142,SAS vs. MEM,W,240,32,73,0.438,7,17,0.412,22,32,0.688,10,38,48,21,9,8,19,23,93,6,0,2011-04-20,Home
42010,1610612743,DEN,Denver Nuggets,41000172,DEN @ OKC,L,240,27,69,0.391,7,16,0.438,28,37,0.757,5,26,31,12,7,1,11,21,89,-17,0,2011-04-20,Away
42010,1610612747,LAL,Los Angeles Lakers,41000152,LAL vs. NOH,W,240,34,76,0.447,4,11,0.364,15,22,0.682,13,31,44,20,8,8,13,20,87,9,0,2011-04-20,Home
42010,1610612763,MEM,Memphis Grizzlies,41000142,MEM @ SAS,L,240,35,88,0.398,3,14,0.214,14,20,0.7,11,36,47,17,9,7,15,25,87,-6,0,2011-04-20,Away
42010,1610612754,IND,Indiana Pacers,41000103,IND vs. CHI,L,240,33,87,0.379,1,10,0.1,17,18,0.944,15,27,42,11,10,6,11,20,84,-4,0,2011-04-21,Home
42010,1610612748,MIA,Miami Heat,41000113,MIA @ PHI,W,240,36,79,0.456,4,12,0.333,24,30,0.8,20,30,50,19,3,8,12,12,100,6,0,2011-04-21,Away
42010,1610612741,CHI,Chicago Bulls,41000103,CHI @ IND,W,240,28,72,0.389,9,20,0.45,23,27,0.852,10,32,42,20,7,9,16,20,88,4,0,2011-04-21,Away
42010,1610612757,POR,Portland Trail Blazers,41000163,POR vs. DAL,W,240,36,75,0.48,8,14,0.571,17,21,0.81,7,30,37,18,8,6,10,20,97,5,0,2011-04-21,Home
42010,1610612742,DAL,Dallas Mavericks,41000163,DAL @ POR,L,240,35,68,0.515,9,22,0.409,13,23,0.565,7,30,37,16,4,3,16,22,92,-5,0,2011-04-21,Away
42010,1610612755,PHI,Philadelphia 76ers,41000113,PHI vs. MIA,L,240,36,82,0.439,9,21,0.429,13,19,0.684,11,23,34,24,7,5,9,20,94,-6,0,2011-04-21,Home
42010,1610612738,BOS,Boston Celtics,41000123,BOS @ NYK,W,240,42,83,0.506,14,24,0.583,15,17,0.882,13,30,43,31,12,4,21,24,113,17,0,2011-04-22,Away
42010,1610612737,ATL,Atlanta Hawks,41000133,ATL vs. ORL,W,240,34,81,0.42,6,14,0.429,14,19,0.737,10,28,38,20,4,4,8,23,88,4,0,2011-04-22,Home
42010,1610612747,LAL,Los Angeles Lakers,41000153,LAL @ NOH,W,240,37,76,0.487,7,16,0.438,19,24,0.792,14,29,43,17,8,3,13,23,100,14,0,2011-04-22,Away
42010,1610612753,ORL,Orlando Magic,41000133,ORL @ ATL,L,240,31,73,0.425,8,28,0.286,14,21,0.667,10,31,41,20,4,5,10,23,84,-4,0,2011-04-22,Away
42010,1610612740,NOH,New Orleans Hornets,41000153,NOH vs. LAL,L,240,33,72,0.458,2,13,0.154,18,24,0.75,11,27,38,17,7,4,14,25,86,-14,0,2011-04-22,Home
42010,1610612752,NYK,New York Knicks,41000123,NYK vs. BOS,L,240,33,76,0.434,9,20,0.45,21,28,0.75,12,21,33,18,9,7,20,16,96,-17,0,2011-04-22,Home
42010,1610612741,CHI,Chicago Bulls,41000104,CHI @ IND,L,240,31,82,0.378,3,20,0.15,19,24,0.792,15,31,46,19,7,6,14,23,84,-5,0,2011-04-23,Away
42010,1610612759,SAS,San Antonio Spurs,41000143,SAS @ MEM,L,240,31,75,0.413,2,15,0.133,24,32,0.75,12,36,48,19,4,10,14,19,88,-3,0,2011-04-23,Away
42010,1610612757,POR,Portland Trail Blazers,41000164,POR vs. DAL,W,240,29,69,0.42,4,19,0.211,22,23,0.957,6,28,34,13,8,8,10,15,84,2,0,2011-04-23,Home
42010,1610612743,DEN,Denver Nuggets,41000173,DEN vs. OKC,L,240,29,78,0.372,6,23,0.261,30,45,0.667,10,33,43,18,4,6,13,25,94,-3,0,2011-04-23,Home
42010,1610612754,IND,Indiana Pacers,41000104,IND vs. CHI,W,240,31,79,0.392,5,16,0.313,22,34,0.647,15,30,45,12,6,5,14,20,89,5,0,2011-04-23,Home
42010,1610612760,OKC,Oklahoma City Thunder,41000173,OKC @ DEN,W,240,29,80,0.363,6,21,0.286,33,43,0.767,11,38,49,17,5,9,11,31,97,3,0,2011-04-23,Away
42010,1610612763,MEM,Memphis Grizzlies,41000143,MEM vs. SAS,W,240,33,78,0.423,4,11,0.364,21,29,0.724,8,29,37,24,7,4,11,24,91,3,0,2011-04-23,Home
42010,1610612742,DAL,Dallas Mavericks,41000164,DAL @ POR,L,240,31,76,0.408,10,26,0.385,10,10,1.0,9,28,37,19,4,2,15,21,82,-2,0,2011-04-23,Away
42010,1610612752,NYK,New York Knicks,41000124,NYK vs. BOS,L,240,30,88,0.341,8,27,0.296,21,28,0.75,13,29,42,19,4,6,14,25,89,-12,0,2011-04-24,Home
42010,1610612738,BOS,Boston Celtics,41000124,BOS @ NYK,W,240,40,81,0.494,3,12,0.25,18,24,0.75,9,44,53,24,6,6,18,23,101,12,0,2011-04-24,Away
42010,1610612755,PHI,Philadelphia 76ers,41000114,PHI vs. MIA,W,240,32,79,0.405,8,18,0.444,14,16,0.875,9,40,49,18,7,4,14,18,86,4,0,2011-04-24,Home
42010,1610612737,ATL,Atlanta Hawks,41000134,ATL vs. ORL,W,240,35,75,0.467,6,15,0.4,12,20,0.6,7,37,44,21,7,4,16,26,88,3,0,2011-04-24,Home
42010,1610612740,NOH,New Orleans Hornets,41000154,NOH vs. LAL,W,240,33,74,0.446,4,14,0.286,23,27,0.852,12,27,39,25,6,3,10,25,93,5,0,2011-04-24,Home
42010,1610612753,ORL,Orlando Magic,41000134,ORL @ ATL,L,240,31,79,0.392,2,23,0.087,21,29,0.724,10,32,42,11,8,3,13,21,85,-3,0,2011-04-24,Away
42010,1610612747,LAL,Los Angeles Lakers,41000154,LAL @ NOH,L,240,31,72,0.431,4,18,0.222,22,30,0.733,9,23,32,17,6,6,9,22,88,-5,0,2011-04-24,Away
42010,1610612748,MIA,Miami Heat,41000114,MIA @ PHI,L,240,30,78,0.385,5,23,0.217,17,21,0.81,9,32,41,14,8,8,9,17,82,-4,0,2011-04-24,Away
42010,1610612742,DAL,Dallas Mavericks,41000165,DAL vs. POR,W,240,32,78,0.41,3,17,0.176,26,35,0.743,20,29,49,22,8,4,13,19,93,11,0,2011-04-25,Home
42010,1610612743,DEN,Denver Nuggets,41000174,DEN vs. OKC,W,240,32,83,0.386,9,19,0.474,31,44,0.705,13,31,44,19,5,4,8,22,104,3,0,2011-04-25,Home
42010,1610612757,POR,Portland Trail Blazers,41000165,POR @ DAL,L,240,32,74,0.432,4,16,0.25,14,19,0.737,9,28,37,13,6,7,15,24,82,-11,0,2011-04-25,Away
42010,1610612763,MEM,Memphis Grizzlies,41000144,MEM vs. SAS,W,240,41,81,0.506,5,12,0.417,17,21,0.81,9,30,39,22,8,3,9,19,104,18,0,2011-04-25,Home
42010,1610612759,SAS,San Antonio Spurs,41000144,SAS @ MEM,L,240,35,75,0.467,5,18,0.278,11,14,0.786,9,28,37,16,6,4,17,16,86,-18,0,2011-04-25,Away
42010,1610612760,OKC,Oklahoma City Thunder,41000174,OKC @ DEN,L,240,35,79,0.443,7,19,0.368,24,31,0.774,12,38,50,17,5,9,15,27,101,-3,0,2011-04-25,Away
42010,1610612741,CHI,Chicago Bulls,41000105,CHI vs. IND,W,240,40,83,0.482,14,31,0.452,22,27,0.815,8,30,38,27,10,9,14,23,116,27,0,2011-04-26,Home
42010,1610612754,IND,Indiana Pacers,41000105,IND @ CHI,L,240,29,74,0.392,7,16,0.438,24,26,0.923,13,25,38,14,4,4,21,23,89,-27,0,2011-04-26,Away
42010,1610612740,NOH,New Orleans Hornets,41000155,NOH @ LAL,L,240,33,67,0.493,10,21,0.476,14,21,0.667,3,22,25,21,9,3,19,25,90,-16,0,2011-04-26,Away
42010,1610612737,ATL,Atlanta Hawks,41000135,ATL @ ORL,L,240,25,69,0.362,4,16,0.25,22,32,0.688,7,36,43,15,3,3,13,22,76,-25,0,2011-04-26,Away
42010,1610612753,ORL,Orlando Magic,41000135,ORL vs. ATL,W,240,34,83,0.41,11,26,0.423,22,29,0.759,11,37,48,18,7,4,6,25,101,25,0,2011-04-26,Home
42010,1610612747,LAL,Los Angeles Lakers,41000155,LAL vs. NOH,W,240,37,75,0.493,7,18,0.389,25,30,0.833,15,27,42,21,5,7,16,20,106,16,0,2011-04-26,Home
42010,1610612760,OKC,Oklahoma City Thunder,41000175,OKC vs. DEN,W,240,30,82,0.366,6,24,0.25,34,42,0.81,16,35,51,16,10,14,14,19,100,3,0,2011-04-27,Home
42010,1610612743,DEN,Denver Nuggets,41000175,DEN @ OKC,L,240,36,78,0.462,8,18,0.444,17,21,0.81,4,34,38,16,8,3,18,27,97,-3,0,2011-04-27,Away
42010,1610612748,MIA,Miami Heat,41000115,MIA vs. PHI,W,240,32,80,0.4,12,30,0.4,21,25,0.84,15,32,47,17,6,3,10,12,97,6,0,2011-04-27,Home
42010,1610612755,PHI,Philadelphia 76ers,41000115,PHI @ MIA,L,240,39,83,0.47,2,10,0.2,11,17,0.647,9,32,41,20,4,4,8,18,91,-6,0,2011-04-27,Away
42010,1610612759,SAS,San Antonio Spurs,41000145,SAS vs. MEM,W,265,39,85,0.459,7,22,0.318,25,32,0.781,10,35,45,23,9,4,15,18,110,7,0,2011-04-27,Home
42010,1610612763,MEM,Memphis Grizzlies,41000145,MEM @ SAS,L,265,41,87,0.471,3,10,0.3,18,23,0.783,10,40,50,19,12,5,17,28,103,-7,0,2011-04-27,Away
42010,1610612742,DAL,Dallas Mavericks,41000166,DAL @ POR,W,240,39,78,0.5,6,18,0.333,19,22,0.864,12,27,39,23,4,3,9,19,103,7,0,2011-04-28,Away
42010,1610612757,POR,Portland Trail Blazers,41000166,POR vs. DAL,L,240,35,79,0.443,5,21,0.238,21,26,0.808,15,26,41,16,3,3,7,18,96,-7,0,2011-04-28,Home
42010,1610612753,ORL,Orlando Magic,41000136,ORL @ ATL,L,240,29,67,0.433,5,19,0.263,18,22,0.818,7,24,31,14,8,7,14,15,81,-3,0,2011-04-28,Away
42010,1610612747,LAL,Los Angeles Lakers,41000156,LAL @ NOH,W,240,34,74,0.459,5,14,0.357,25,26,0.962,14,29,43,23,7,6,13,18,98,18,0,2011-04-28,Away
42010,1610612740,NOH,New Orleans Hornets,41000156,NOH vs. LAL,L,240,30,70,0.429,3,14,0.214,17,18,0.944,7,23,30,20,7,2,15,23,80,-18,0,2011-04-28,Home
42010,1610612737,ATL,Atlanta Hawks,41000136,ATL vs. ORL,W,240,31,79,0.392,8,22,0.364,14,15,0.933,14,24,38,18,8,4,16,19,84,3,0,2011-04-28,Home
42010,1610612759,SAS,San Antonio Spurs,41000146,SAS @ MEM,L,240,37,85,0.435,5,22,0.227,12,14,0.857,9,23,32,15,9,6,11,26,91,-8,0,2011-04-29,Away
42010,1610612763,MEM,Memphis Grizzlies,41000146,MEM vs. SAS,W,240,38,73,0.521,1,9,0.111,22,30,0.733,14,29,43,12,6,5,14,18,99,8,0,2011-04-29,Home
42010,1610612738,BOS,Boston Celtics,41000211,BOS @ MIA,L,240,32,75,0.427,12,24,0.5,14,18,0.778,7,32,39,18,7,3,14,24,90,-9,0,2011-05-01,Away
42010,1610612748,MIA,Miami Heat,41000211,MIA vs. BOS,W,240,32,68,0.471,9,19,0.474,26,32,0.813,5,34,39,17,7,8,18,21,99,9,0,2011-05-01,Home
42010,1610612763,MEM,Memphis Grizzlies,41000221,MEM @ OKC,W,240,44,89,0.494,3,8,0.375,23,28,0.821,17,28,45,21,11,7,8,23,114,13,0,2011-05-01,Away
42010,1610612760,OKC,Oklahoma City Thunder,41000221,OKC vs. MEM,L,240,35,78,0.449,6,14,0.429,25,32,0.781,16,26,42,16,6,8,18,25,101,-13,0,2011-05-01,Home
42010,1610612737,ATL,Atlanta Hawks,41000201,ATL @ CHI,W,240,40,78,0.513,7,13,0.538,16,20,0.8,9,29,38,20,8,8,10,17,103,8,0,2011-05-02,Away
42010,1610612742,DAL,Dallas Mavericks,41000231,DAL @ LAL,W,240,39,79,0.494,9,20,0.45,9,11,0.818,5,35,40,30,8,8,11,17,96,2,0,2011-05-02,Away
42010,1610612747,LAL,Los Angeles Lakers,41000231,LAL vs. DAL,L,240,36,84,0.429,5,19,0.263,17,20,0.85,11,33,44,21,9,8,11,12,94,-2,0,2011-05-02,Home
42010,1610612741,CHI,Chicago Bulls,41000201,CHI vs. ATL,L,240,37,83,0.446,8,18,0.444,13,16,0.813,10,27,37,21,7,7,11,16,95,-8,0,2011-05-02,Home
42010,1610612748,MIA,Miami Heat,41000212,MIA vs. BOS,W,240,34,75,0.453,7,16,0.438,27,36,0.75,12,32,44,15,6,9,10,22,102,11,0,2011-05-03,Home
42010,1610612738,BOS,Boston Celtics,41000212,BOS @ MIA,L,240,34,79,0.43,6,11,0.545,17,22,0.773,10,28,38,18,7,2,12,24,91,-11,0,2011-05-03,Away
42010,1610612760,OKC,Oklahoma City Thunder,41000222,OKC vs. MEM,W,240,38,72,0.528,8,14,0.571,27,33,0.818,7,27,34,17,11,5,16,27,111,9,0,2011-05-03,Home
42010,1610612763,MEM,Memphis Grizzlies,41000222,MEM @ OKC,L,240,35,79,0.443,4,11,0.364,28,34,0.824,13,25,38,19,8,7,16,23,102,-9,0,2011-05-03,Away
42010,1610612737,ATL,Atlanta Hawks,41000202,ATL @ CHI,L,240,26,77,0.338,3,13,0.231,18,24,0.75,10,29,39,14,10,10,12,15,73,-13,0,2011-05-04,Away
42010,1610612741,CHI,Chicago Bulls,41000202,CHI vs. ATL,W,240,33,84,0.393,5,22,0.227,15,18,0.833,14,44,58,19,6,5,14,17,86,13,0,2011-05-04,Home
42010,1610612747,LAL,Los Angeles Lakers,41000232,LAL vs. DAL,L,240,34,83,0.41,2,20,0.1,11,20,0.55,13,31,44,18,8,5,10,20,81,-12,0,2011-05-04,Home
42010,1610612742,DAL,Dallas Mavericks,41000232,DAL @ LAL,W,240,34,81,0.42,8,25,0.32,17,21,0.81,11,28,39,20,4,4,11,16,93,12,0,2011-05-04,Away
42010,1610612741,CHI,Chicago Bulls,41000203,CHI @ ATL,W,240,37,79,0.468,10,20,0.5,15,18,0.833,18,29,47,18,7,9,12,20,99,17,0,2011-05-06,Away
42010,1610612737,ATL,Atlanta Hawks,41000203,ATL vs. CHI,L,240,33,70,0.471,1,6,0.167,15,25,0.6,9,25,34,18,4,4,12,15,82,-17,0,2011-05-06,Home
42010,1610612742,DAL,Dallas Mavericks,41000233,DAL vs. LAL,W,240,31,67,0.463,12,29,0.414,24,29,0.828,8,31,39,22,4,5,14,18,98,6,0,2011-05-06,Home
42010,1610612747,LAL,Los Angeles Lakers,41000233,LAL @ DAL,L,240,39,82,0.476,3,13,0.231,11,14,0.786,13,24,37,19,6,1,11,26,92,-6,0,2011-05-06,Away
42010,1610612763,MEM,Memphis Grizzlies,41000223,MEM vs. OKC,W,265,34,90,0.378,3,10,0.3,30,44,0.682,20,35,55,17,9,9,9,17,101,8,0,2011-05-07,Home
42010,1610612738,BOS,Boston Celtics,41000213,BOS vs. MIA,W,240,37,74,0.5,9,18,0.5,14,17,0.824,10,29,39,27,7,4,13,17,97,16,0,2011-05-07,Home
42010,1610612760,OKC,Oklahoma City Thunder,41000223,OKC @ MEM,L,265,34,93,0.366,4,21,0.19,21,23,0.913,18,35,53,19,6,10,14,30,93,-8,0,2011-05-07,Away
42010,1610612748,MIA,Miami Heat,41000213,MIA @ BOS,L,240,31,73,0.425,5,23,0.217,14,19,0.737,12,24,36,20,9,9,15,16,81,-16,0,2011-05-07,Away
42010,1610612742,DAL,Dallas Mavericks,41000234,DAL vs. LAL,W,240,44,73,0.603,20,32,0.625,14,19,0.737,6,34,40,32,11,2,20,23,122,36,0,2011-05-08,Home
42010,1610612747,LAL,Los Angeles Lakers,41000234,LAL @ DAL,L,240,31,82,0.378,5,24,0.208,19,26,0.731,15,24,39,16,11,2,16,21,86,-36,0,2011-05-08,Away
42010,1610612737,ATL,Atlanta Hawks,41000204,ATL vs. CHI,W,240,40,81,0.494,4,11,0.364,16,20,0.8,7,29,36,23,6,7,13,19,100,12,0,2011-05-08,Home
42010,1610612741,CHI,Chicago Bulls,41000204,CHI @ ATL,L,240,32,78,0.41,3,16,0.188,21,27,0.778,12,25,37,19,6,10,13,20,88,-12,0,2011-05-08,Away
42010,1610612760,OKC,Oklahoma City Thunder,41000224,OKC @ MEM,W,315,43,95,0.453,5,24,0.208,42,50,0.84,16,38,54,16,9,8,18,31,133,10,0,2011-05-09,Away
42010,1610612748,MIA,Miami Heat,41000214,MIA @ BOS,W,265,35,79,0.443,3,13,0.231,25,28,0.893,10,35,45,10,10,2,17,24,98,8,0,2011-05-09,Away
42010,1610612763,MEM,Memphis Grizzlies,41000224,MEM vs. OKC,L,315,40,111,0.36,6,23,0.261,37,40,0.925,24,31,55,24,8,9,19,36,123,-10,0,2011-05-09,Home
42010,1610612738,BOS,Boston Celtics,41000214,BOS vs. MIA,L,265,30,70,0.429,5,16,0.313,25,29,0.862,3,25,28,15,9,4,18,23,90,-8,0,2011-05-09,Home
42010,1610612737,ATL,Atlanta Hawks,41000205,ATL @ CHI,L,240,34,71,0.479,1,12,0.083,14,17,0.824,8,25,33,20,2,5,11,21,83,-12,0,2011-05-10,Away
42010,1610612741,CHI,Chicago Bulls,41000205,CHI vs. ATL,W,240,35,72,0.486,4,14,0.286,21,28,0.75,10,27,37,21,5,3,11,16,95,12,0,2011-05-10,Home
42010,1610612738,BOS,Boston Celtics,41000215,BOS @ MIA,L,240,33,67,0.493,7,15,0.467,14,20,0.7,4,26,30,15,5,5,17,25,87,-10,0,2011-05-11,Away
42010,1610612760,OKC,Oklahoma City Thunder,41000225,OKC vs. MEM,W,240,37,78,0.474,9,20,0.45,16,21,0.762,15,35,50,22,7,5,18,26,99,27,0,2011-05-11,Home
42010,1610612748,MIA,Miami Heat,41000215,MIA vs. BOS,W,240,32,69,0.464,7,19,0.368,26,38,0.684,8,30,38,13,7,3,13,19,97,10,0,2011-05-11,Home
42010,1610612763,MEM,Memphis Grizzlies,41000225,MEM @ OKC,L,240,28,78,0.359,2,8,0.25,14,23,0.609,8,25,33,15,8,7,15,19,72,-27,0,2011-05-11,Away
42010,1610612741,CHI,Chicago Bulls,41000206,CHI @ ATL,W,240,41,77,0.532,3,13,0.231,8,10,0.8,6,29,35,34,7,6,11,22,93,20,0,2011-05-12,Away
42010,1610612737,ATL,Atlanta Hawks,41000206,ATL vs. CHI,L,240,27,74,0.365,1,11,0.091,18,25,0.72,9,26,35,14,8,3,13,12,73,-20,0,2011-05-12,Home
42010,1610612760,OKC,Oklahoma City Thunder,41000226,OKC @ MEM,L,240,31,74,0.419,4,25,0.16,17,24,0.708,6,35,41,15,4,6,16,21,83,-12,0,2011-05-13,Away
42010,1610612763,MEM,Memphis Grizzlies,41000226,MEM vs. OKC,W,240,36,83,0.434,5,16,0.313,18,22,0.818,7,34,41,20,10,5,11,22,95,12,0,2011-05-13,Home
42010,1610612741,CHI,Chicago Bulls,41000301,CHI vs. MIA,W,240,38,87,0.437,10,21,0.476,17,20,0.85,19,26,45,23,11,5,10,13,103,21,0,2011-05-15,Home
42010,1610612748,MIA,Miami Heat,41000301,MIA @ CHI,L,240,32,68,0.471,3,8,0.375,15,15,1.0,6,27,33,11,7,6,16,15,82,-21,0,2011-05-15,Away
42010,1610612760,OKC,Oklahoma City Thunder,41000227,OKC vs. MEM,W,240,37,77,0.481,11,28,0.393,20,23,0.87,14,30,44,25,7,11,13,19,105,15,0,2011-05-15,Home
42010,1610612763,MEM,Memphis Grizzlies,41000227,MEM @ OKC,L,240,35,88,0.398,5,15,0.333,15,19,0.789,16,23,39,13,6,5,10,20,90,-15,0,2011-05-15,Away
42010,1610612760,OKC,Oklahoma City Thunder,41000311,OKC @ DAL,L,240,34,72,0.472,7,16,0.438,37,43,0.86,11,24,35,19,7,3,13,27,112,-9,0,2011-05-17,Away
42010,1610612742,DAL,Dallas Mavericks,41000311,DAL vs. OKC,W,240,39,73,0.534,9,23,0.391,34,36,0.944,8,25,33,22,7,8,13,28,121,9,0,2011-05-17,Home
42010,1610612748,MIA,Miami Heat,41000302,MIA @ CHI,W,240,32,68,0.471,3,13,0.231,18,24,0.75,10,35,45,18,7,6,15,26,85,10,0,2011-05-18,Away
42010,1610612741,CHI,Chicago Bulls,41000302,CHI vs. MIA,L,240,28,82,0.341,3,20,0.15,16,26,0.615,17,24,41,15,6,7,10,25,75,-10,0,2011-05-18,Home
42010,1610612742,DAL,Dallas Mavericks,41000312,DAL vs. OKC,L,240,35,80,0.438,9,27,0.333,21,24,0.875,14,23,37,18,7,2,12,22,100,-6,0,2011-05-19,Home
42010,1610612760,OKC,Oklahoma City Thunder,41000312,OKC @ DAL,W,240,39,70,0.557,7,18,0.389,21,26,0.808,9,29,38,17,5,5,15,24,106,6,0,2011-05-19,Away
42010,1610612742,DAL,Dallas Mavericks,41000313,DAL @ OKC,W,240,36,82,0.439,7,21,0.333,14,18,0.778,9,28,37,21,11,4,12,24,93,6,0,2011-05-21,Away
42010,1610612760,OKC,Oklahoma City Thunder,41000313,OKC vs. DAL,L,240,27,74,0.365,1,17,0.059,32,36,0.889,12,33,45,11,8,9,14,17,87,-6,0,2011-05-21,Home
42010,1610612741,CHI,Chicago Bulls,41000303,CHI @ MIA,L,240,32,77,0.416,5,12,0.417,16,21,0.762,13,28,41,15,5,4,13,24,85,-11,0,2011-05-22,Away
42010,1610612748,MIA,Miami Heat,41000303,MIA vs. CHI,W,240,34,67,0.507,3,9,0.333,25,29,0.862,5,27,32,20,6,8,10,17,96,11,0,2011-05-22,Home
42010,1610612760,OKC,Oklahoma City Thunder,41000314,OKC vs. DAL,L,265,42,90,0.467,2,13,0.154,19,25,0.76,20,35,55,23,9,9,26,29,105,-7,0,2011-05-23,Home
42010,1610612742,DAL,Dallas Mavericks,41000314,DAL @ OKC,W,265,35,81,0.432,8,25,0.32,34,39,0.872,5,28,33,16,15,2,13,22,112,7,0,2011-05-23,Away
42010,1610612741,CHI,Chicago Bulls,41000304,CHI @ MIA,L,265,35,87,0.402,6,24,0.25,17,22,0.773,10,32,42,20,8,5,22,28,93,-8,0,2011-05-24,Away
42010,1610612748,MIA,Miami Heat,41000304,MIA vs. CHI,W,265,32,75,0.427,5,13,0.385,32,38,0.842,8,33,41,12,12,10,16,24,101,8,0,2011-05-24,Home
42010,1610612742,DAL,Dallas Mavericks,41000315,DAL vs. OKC,W,240,32,78,0.41,5,20,0.25,31,36,0.861,14,30,44,19,8,5,12,17,100,4,0,2011-05-25,Home
42010,1610612760,OKC,Oklahoma City Thunder,41000315,OKC @ DAL,L,240,35,82,0.427,5,16,0.313,21,25,0.84,15,34,49,16,7,7,13,24,96,-4,0,2011-05-25,Away
42010,1610612748,MIA,Miami Heat,41000305,MIA @ CHI,W,240,26,66,0.394,6,15,0.4,25,33,0.758,6,36,42,12,7,8,17,18,83,3,0,2011-05-26,Away
42010,1610612741,CHI,Chicago Bulls,41000305,CHI vs. MIA,L,240,29,81,0.358,7,22,0.318,15,21,0.714,11,34,45,18,8,7,10,28,80,-3,0,2011-05-26,Home
42010,1610612748,MIA,Miami Heat,41000401,MIA vs. DAL,W,240,31,80,0.388,11,24,0.458,19,26,0.731,16,30,46,20,5,4,12,21,92,8,0,2011-05-31,Home
42010,1610612742,DAL,Dallas Mavericks,41000401,DAL @ MIA,L,240,25,67,0.373,9,22,0.409,25,32,0.781,6,30,36,18,6,8,11,22,84,-8,0,2011-05-31,Away
42010,1610612742,DAL,Dallas Mavericks,41000402,DAL @ MIA,W,240,36,75,0.48,6,17,0.353,17,21,0.81,11,30,41,18,8,2,20,20,95,2,0,2011-06-02,Away
42010,1610612748,MIA,Miami Heat,41000402,MIA vs. DAL,L,240,34,73,0.466,9,30,0.3,16,24,0.667,6,24,30,13,15,6,12,17,93,-2,0,2011-06-02,Home
42010,1610612748,MIA,Miami Heat,41000403,MIA @ DAL,W,240,34,78,0.436,8,19,0.421,12,15,0.8,9,27,36,20,8,5,13,27,88,2,0,2011-06-05,Away
42010,1610612742,DAL,Dallas Mavericks,41000403,DAL vs. MIA,L,240,28,70,0.4,8,21,0.381,22,27,0.815,12,30,42,18,3,8,14,14,86,-2,0,2011-06-05,Home
42010,1610612742,DAL,Dallas Mavericks,41000404,DAL vs. MIA,W,240,29,73,0.397,4,19,0.211,24,30,0.8,12,29,41,13,7,2,11,18,86,3,0,2011-06-07,Home
42010,1610612748,MIA,Miami Heat,41000404,MIA @ DAL,L,240,32,75,0.427,2,14,0.143,17,24,0.708,15,29,44,19,8,5,15,23,83,-3,0,2011-06-07,Away
42010,1610612742,DAL,Dallas Mavericks,41000405,DAL vs. MIA,W,240,39,69,0.565,13,19,0.684,21,27,0.778,4,22,26,23,8,3,11,20,112,9,0,2011-06-09,Home
42010,1610612748,MIA,Miami Heat,41000405,MIA @ DAL,L,240,37,70,0.529,8,20,0.4,21,26,0.808,9,27,36,25,5,4,18,26,103,-9,0,2011-06-09,Away
42010,1610612742,DAL,Dallas Mavericks,41000406,DAL @ MIA,W,240,41,82,0.5,11,26,0.423,12,18,0.667,10,30,40,19,11,1,14,24,105,10,0,2011-06-12,Away
42010,1610612748,MIA,Miami Heat,41000406,MIA vs. DAL,L,240,34,72,0.472,7,23,0.304,20,33,0.606,9,30,39,20,7,3,17,14,95,-10,0,2011-06-12,Home
42011,1610612754,IND,Indiana Pacers,41100121,IND vs. ORL,L,240,30,87,0.345,4,13,0.308,13,22,0.591,15,35,50,17,7,11,12,17,77,-4,0,2012-04-28,Home
42011,1610612741,CHI,Chicago Bulls,41100101,CHI vs. PHI,W,240,40,78,0.513,6,14,0.429,17,24,0.708,10,37,47,28,6,6,18,23,103,12,0,2012-04-28,Home
42011,1610612742,DAL,Dallas Mavericks,41100151,DAL @ OKC,L,240,34,78,0.436,10,22,0.455,20,25,0.8,10,32,42,15,11,3,15,20,98,-1,0,2012-04-28,Away
42011,1610612755,PHI,Philadelphia 76ers,41100101,PHI @ CHI,L,240,33,83,0.398,1,9,0.111,24,31,0.774,12,26,38,18,10,5,11,21,91,-12,0,2012-04-28,Away
42011,1610612752,NYK,New York Knicks,41100111,NYK @ MIA,L,240,25,70,0.357,7,21,0.333,10,11,0.909,15,26,41,11,8,0,27,26,67,-33,0,2012-04-28,Away
42011,1610612760,OKC,Oklahoma City Thunder,41100151,OKC vs. DAL,W,240,38,79,0.481,6,16,0.375,17,20,0.85,9,27,36,17,8,11,14,22,99,1,0,2012-04-28,Home
42011,1610612748,MIA,Miami Heat,41100111,MIA vs. NYK,W,240,34,70,0.486,8,21,0.381,24,33,0.727,13,25,38,16,12,4,17,17,100,33,0,2012-04-28,Home
42011,1610612753,ORL,Orlando Magic,41100121,ORL @ IND,W,240,32,81,0.395,9,24,0.375,8,11,0.727,11,34,45,18,3,8,13,17,81,4,0,2012-04-28,Away
42011,1610612762,UTA,Utah Jazz,41100141,UTA @ SAS,L,240,32,76,0.421,4,13,0.308,23,30,0.767,13,32,45,17,7,8,16,24,91,-15,0,2012-04-29,Away
42011,1610612747,LAL,Los Angeles Lakers,41100161,LAL vs. DEN,W,240,43,86,0.5,6,17,0.353,11,15,0.733,11,41,52,22,6,15,11,22,103,15,0,2012-04-29,Home
42011,1610612746,LAC,Los Angeles Clippers,41100171,LAC @ MEM,W,240,38,76,0.5,6,18,0.333,17,23,0.739,13,34,47,19,8,7,18,19,99,1,0,2012-04-29,Away
42011,1610612743,DEN,Denver Nuggets,41100161,DEN @ LAL,L,240,32,90,0.356,4,14,0.286,20,27,0.741,16,30,46,17,6,4,10,18,88,-15,0,2012-04-29,Away
42011,1610612759,SAS,San Antonio Spurs,41100141,SAS vs. UTA,W,240,40,84,0.476,6,17,0.353,20,28,0.714,10,29,39,25,10,2,10,18,106,15,0,2012-04-29,Home
42011,1610612738,BOS,Boston Celtics,41100131,BOS @ ATL,L,240,32,82,0.39,0,11,0.0,10,13,0.769,7,34,41,21,9,3,6,24,74,-9,0,2012-04-29,Away
42011,1610612737,ATL,Atlanta Hawks,41100131,ATL vs. BOS,W,240,31,76,0.408,7,20,0.35,14,21,0.667,11,39,50,16,3,1,13,18,83,9,0,2012-04-29,Home
42011,1610612763,MEM,Memphis Grizzlies,41100171,MEM vs. LAC,L,240,38,85,0.447,11,16,0.688,11,18,0.611,14,27,41,19,3,1,12,22,98,-1,0,2012-04-29,Home
42011,1610612742,DAL,Dallas Mavericks,41100152,DAL @ OKC,L,240,33,79,0.418,5,23,0.217,28,32,0.875,12,23,35,13,9,3,14,26,99,-3,0,2012-04-30,Away
42011,1610612760,OKC,Oklahoma City Thunder,41100152,OKC vs. DAL,W,240,30,67,0.448,5,16,0.313,37,39,0.949,5,32,37,13,9,3,16,28,102,3,0,2012-04-30,Home
42011,1610612754,IND,Indiana Pacers,41100122,IND vs. ORL,W,240,33,77,0.429,2,20,0.1,25,28,0.893,15,31,46,9,9,6,13,17,93,15,0,2012-04-30,Home
42011,1610612753,ORL,Orlando Magic,41100122,ORL @ IND,L,240,27,76,0.355,8,25,0.32,16,19,0.842,13,25,38,16,6,4,16,20,78,-15,0,2012-04-30,Away
42011,1610612752,NYK,New York Knicks,41100112,NYK @ MIA,L,240,38,77,0.494,5,15,0.333,13,19,0.684,12,28,40,15,3,2,13,22,94,-10,0,2012-04-30,Away
42011,1610612748,MIA,Miami Heat,41100112,MIA vs. NYK,W,240,38,73,0.521,9,21,0.429,19,27,0.704,7,26,33,28,6,3,8,17,104,10,0,2012-04-30,Home
42011,1610612747,LAL,Los Angeles Lakers,41100162,LAL vs. DEN,W,240,43,96,0.448,2,15,0.133,16,21,0.762,18,30,48,20,8,8,11,20,104,4,0,2012-05-01,Home
42011,1610612743,DEN,Denver Nuggets,41100162,DEN @ LAL,L,240,40,91,0.44,4,19,0.211,16,22,0.727,19,33,52,21,7,8,13,23,100,-4,0,2012-05-01,Away
42011,1610612738,BOS,Boston Celtics,41100132,BOS @ ATL,W,240,29,68,0.426,3,14,0.214,26,31,0.839,3,42,45,14,6,6,17,24,87,7,0,2012-05-01,Away
42011,1610612737,ATL,Atlanta Hawks,41100132,ATL vs. BOS,L,240,29,83,0.349,6,22,0.273,16,20,0.8,10,30,40,14,7,5,12,26,80,-7,0,2012-05-01,Home
42011,1610612755,PHI,Philadelphia 76ers,41100102,PHI @ CHI,W,240,46,78,0.59,5,12,0.417,12,15,0.8,7,31,38,23,7,7,9,18,109,17,0,2012-05-01,Away
42011,1610612741,CHI,Chicago Bulls,41100102,CHI vs. PHI,L,240,38,84,0.452,6,14,0.429,10,18,0.556,10,22,32,23,3,4,8,11,92,-17,0,2012-05-01,Home
42011,1610612746,LAC,Los Angeles Clippers,41100172,LAC @ MEM,L,240,38,67,0.567,9,16,0.563,13,18,0.722,4,24,28,15,8,6,21,29,98,-7,0,2012-05-02,Away
42011,1610612763,MEM,Memphis Grizzlies,41100172,MEM vs. LAC,W,240,36,75,0.48,2,12,0.167,31,39,0.795,16,21,37,12,13,7,13,17,105,7,0,2012-05-02,Home
42011,1610612759,SAS,San Antonio Spurs,41100142,SAS vs. UTA,W,240,47,82,0.573,10,22,0.455,10,10,1.0,5,39,44,28,10,5,12,18,114,31,0,2012-05-02,Home
42011,1610612762,UTA,Utah Jazz,41100142,UTA @ SAS,L,240,31,90,0.344,1,6,0.167,20,23,0.87,18,25,43,16,7,3,15,16,83,-31,0,2012-05-02,Away
42011,1610612753,ORL,Orlando Magic,41100123,ORL vs. IND,L,240,30,71,0.423,5,15,0.333,9,18,0.5,5,28,33,14,6,1,17,18,74,-23,0,2012-05-02,Home
42011,1610612754,IND,Indiana Pacers,41100123,IND @ ORL,W,240,37,79,0.468,8,20,0.4,15,20,0.75,13,33,46,16,9,5,13,17,97,23,0,2012-05-02,Away
42011,1610612742,DAL,Dallas Mavericks,41100153,DAL vs. OKC,L,240,26,76,0.342,7,22,0.318,20,26,0.769,9,37,46,15,6,4,16,16,79,-16,0,2012-05-03,Home
42011,1610612748,MIA,Miami Heat,41100113,MIA @ NYK,W,240,29,68,0.426,11,29,0.379,18,22,0.818,7,33,40,11,13,3,19,21,87,17,0,2012-05-03,Away
42011,1610612760,OKC,Oklahoma City Thunder,41100153,OKC @ DAL,W,240,36,85,0.424,12,28,0.429,11,17,0.647,9,36,45,18,11,7,8,20,95,16,0,2012-05-03,Away
42011,1610612752,NYK,New York Knicks,41100113,NYK vs. MIA,L,240,22,69,0.319,4,20,0.2,22,29,0.759,14,28,42,8,6,3,20,21,70,-17,0,2012-05-03,Home
42011,1610612737,ATL,Atlanta Hawks,41100133,ATL @ BOS,L,265,34,90,0.378,4,20,0.2,12,15,0.8,11,37,48,15,8,4,17,21,84,-6,0,2012-05-04,Away
42011,1610612747,LAL,Los Angeles Lakers,41100163,LAL @ DEN,L,240,29,78,0.372,6,25,0.24,20,25,0.8,13,31,44,21,1,10,15,19,84,-15,0,2012-05-04,Away
42011,1610612743,DEN,Denver Nuggets,41100163,DEN vs. LAL,W,240,37,93,0.398,6,16,0.375,19,23,0.826,19,35,54,23,9,5,7,25,99,15,0,2012-05-04,Home
42011,1610612738,BOS,Boston Celtics,41100133,BOS vs. ATL,W,265,32,79,0.405,4,13,0.308,22,25,0.88,7,44,51,18,10,8,16,18,90,6,0,2012-05-04,Home
42011,1610612755,PHI,Philadelphia 76ers,41100103,PHI vs. CHI,W,240,26,76,0.342,1,14,0.071,26,33,0.788,12,31,43,13,8,3,9,20,79,5,0,2012-05-04,Home
42011,1610612741,CHI,Chicago Bulls,41100103,CHI @ PHI,L,240,28,75,0.373,4,14,0.286,14,23,0.609,15,34,49,22,5,6,17,26,74,-5,0,2012-05-04,Away
42011,1610612754,IND,Indiana Pacers,41100124,IND @ ORL,W,265,39,84,0.464,6,21,0.286,17,20,0.85,13,36,49,23,4,4,17,28,101,2,0,2012-05-05,Away
42011,1610612762,UTA,Utah Jazz,41100143,UTA vs. SAS,L,240,36,89,0.404,4,13,0.308,14,26,0.538,17,32,49,18,6,8,11,18,90,-12,0,2012-05-05,Home
42011,1610612753,ORL,Orlando Magic,41100124,ORL vs. IND,L,265,34,85,0.4,9,29,0.31,22,28,0.786,11,31,42,24,7,3,13,23,99,-2,0,2012-05-05,Home
42011,1610612760,OKC,Oklahoma City Thunder,41100154,OKC @ DAL,W,240,39,75,0.52,9,24,0.375,16,20,0.8,6,33,39,22,7,8,13,27,103,6,0,2012-05-05,Away
42011,1610612763,MEM,Memphis Grizzlies,41100173,MEM @ LAC,L,240,26,65,0.4,4,13,0.308,30,39,0.769,8,32,40,19,10,4,17,26,86,-1,0,2012-05-05,Away
42011,1610612742,DAL,Dallas Mavericks,41100154,DAL vs. OKC,L,240,33,79,0.418,10,19,0.526,21,24,0.875,11,28,39,19,6,4,13,21,97,-6,0,2012-05-05,Home
42011,1610612746,LAC,Los Angeles Clippers,41100173,LAC vs. MEM,W,240,33,70,0.471,8,17,0.471,13,30,0.433,7,28,35,18,11,5,17,27,87,1,0,2012-05-05,Home
42011,1610612759,SAS,San Antonio Spurs,41100143,SAS @ UTA,W,240,39,80,0.488,7,20,0.35,17,22,0.773,9,32,41,21,2,11,11,20,102,12,0,2012-05-05,Away
42011,1610612743,DEN,Denver Nuggets,41100164,DEN vs. LAL,L,240,39,86,0.453,3,19,0.158,7,12,0.583,13,25,38,17,9,9,10,19,88,-4,0,2012-05-06,Home
42011,1610612747,LAL,Los Angeles Lakers,41100164,LAL @ DEN,W,240,39,86,0.453,5,17,0.294,9,18,0.5,19,29,48,22,4,7,14,13,92,4,0,2012-05-06,Away
42011,1610612755,PHI,Philadelphia 76ers,41100104,PHI vs. CHI,W,240,31,79,0.392,5,19,0.263,22,31,0.71,12,34,46,16,6,6,9,18,89,7,0,2012-05-06,Home
42011,1610612737,ATL,Atlanta Hawks,41100134,ATL @ BOS,L,240,31,76,0.408,4,20,0.2,13,17,0.765,8,32,40,18,3,0,18,15,79,-22,0,2012-05-06,Away
42011,1610612748,MIA,Miami Heat,41100114,MIA @ NYK,L,240,30,73,0.411,3,19,0.158,24,35,0.686,9,31,40,20,8,6,14,26,87,-2,0,2012-05-06,Away
42011,1610612738,BOS,Boston Celtics,41100134,BOS vs. ATL,W,240,41,80,0.513,11,26,0.423,8,13,0.615,5,32,37,24,10,6,11,20,101,22,0,2012-05-06,Home
42011,1610612752,NYK,New York Knicks,41100114,NYK vs. MIA,W,240,32,75,0.427,5,22,0.227,20,29,0.69,10,33,43,16,6,1,18,29,89,2,0,2012-05-06,Home
42011,1610612741,CHI,Chicago Bulls,41100104,CHI @ PHI,L,240,34,85,0.4,3,11,0.273,11,14,0.786,11,37,48,21,5,7,14,23,82,-7,0,2012-05-06,Away
42011,1610612762,UTA,Utah Jazz,41100144,UTA vs. SAS,L,240,32,88,0.364,0,13,0.0,17,26,0.654,16,41,57,16,6,8,12,23,81,-6,0,2012-05-07,Home
42011,1610612763,MEM,Memphis Grizzlies,41100174,MEM @ LAC,L,265,36,83,0.434,4,13,0.308,21,27,0.778,19,28,47,18,2,4,17,34,97,-4,0,2012-05-07,Away
42011,1610612759,SAS,San Antonio Spurs,41100144,SAS @ UTA,W,240,28,74,0.378,10,22,0.455,21,30,0.7,7,36,43,12,7,4,14,23,87,6,0,2012-05-07,Away
42011,1610612746,LAC,Los Angeles Clippers,41100174,LAC vs. MEM,W,265,34,76,0.447,5,16,0.313,28,40,0.7,10,26,36,18,8,8,12,26,101,4,0,2012-05-07,Home
42011,1610612741,CHI,Chicago Bulls,41100105,CHI vs. PHI,W,240,34,82,0.415,5,10,0.5,4,11,0.364,8,41,49,22,8,11,15,21,77,8,0,2012-05-08,Home
42011,1610612747,LAL,Los Angeles Lakers,41100165,LAL vs. DEN,L,240,35,90,0.389,9,24,0.375,20,26,0.769,15,33,48,20,6,5,10,20,99,-3,0,2012-05-08,Home
42011,1610612754,IND,Indiana Pacers,41100125,IND vs. ORL,W,240,43,82,0.524,9,17,0.529,10,14,0.714,10,33,43,16,8,5,15,16,105,18,0,2012-05-08,Home
42011,1610612738,BOS,Boston Celtics,41100135,BOS @ ATL,L,240,34,77,0.442,6,14,0.429,12,15,0.8,9,24,33,23,11,3,15,13,86,-1,0,2012-05-08,Away
42011,1610612753,ORL,Orlando Magic,41100125,ORL @ IND,L,240,32,76,0.421,11,30,0.367,12,19,0.632,9,25,34,14,8,6,11,17,87,-18,0,2012-05-08,Away
42011,1610612743,DEN,Denver Nuggets,41100165,DEN @ LAL,W,240,39,85,0.459,3,19,0.158,21,27,0.778,8,35,43,19,7,5,7,19,102,3,0,2012-05-08,Away
42011,1610612737,ATL,Atlanta Hawks,41100135,ATL vs. BOS,W,240,34,73,0.466,7,16,0.438,12,14,0.857,13,28,41,20,6,6,19,19,87,1,0,2012-05-08,Home
42011,1610612755,PHI,Philadelphia 76ers,41100105,PHI @ CHI,L,240,25,78,0.321,2,11,0.182,17,24,0.708,11,38,49,14,7,11,14,18,69,-8,0,2012-05-08,Away
42011,1610612746,LAC,Los Angeles Clippers,41100175,LAC @ MEM,L,240,26,70,0.371,7,24,0.292,21,29,0.724,8,27,35,11,7,5,14,26,80,-12,0,2012-05-09,Away
42011,1610612748,MIA,Miami Heat,41100115,MIA vs. NYK,W,240,34,78,0.436,9,19,0.474,29,34,0.853,13,29,42,20,7,3,10,18,106,12,0,2012-05-09,Home
42011,1610612752,NYK,New York Knicks,41100115,NYK @ MIA,L,240,36,76,0.474,4,13,0.308,18,21,0.857,11,25,36,13,7,5,14,23,94,-12,0,2012-05-09,Away
42011,1610612763,MEM,Memphis Grizzlies,41100175,MEM vs. LAC,W,240,32,72,0.444,0,6,0.0,28,34,0.824,10,32,42,14,6,5,12,20,92,12,0,2012-05-09,Home
42011,1610612738,BOS,Boston Celtics,41100136,BOS vs. ATL,W,240,31,74,0.419,2,10,0.2,19,24,0.792,11,29,40,19,8,11,12,14,83,3,0,2012-05-10,Home
42011,1610612743,DEN,Denver Nuggets,41100166,DEN vs. LAL,W,240,47,91,0.516,10,20,0.5,9,17,0.529,10,37,47,26,6,8,12,22,113,17,0,2012-05-10,Home
42011,1610612755,PHI,Philadelphia 76ers,41100106,PHI vs. CHI,W,240,29,73,0.397,6,16,0.375,15,20,0.75,5,28,33,19,7,6,7,18,79,1,0,2012-05-10,Home
42011,1610612747,LAL,Los Angeles Lakers,41100166,LAL @ DEN,L,240,35,83,0.422,4,14,0.286,22,30,0.733,13,29,42,23,6,7,12,17,96,-17,0,2012-05-10,Away
42011,1610612737,ATL,Atlanta Hawks,41100136,ATL @ BOS,L,240,32,78,0.41,7,15,0.467,9,10,0.9,7,29,36,22,6,4,13,20,80,-3,0,2012-05-10,Away
42011,1610612741,CHI,Chicago Bulls,41100106,CHI @ PHI,L,240,30,80,0.375,2,13,0.154,16,21,0.762,15,41,56,19,4,6,14,19,78,-1,0,2012-05-10,Away
42011,1610612746,LAC,Los Angeles Clippers,41100176,LAC vs. MEM,L,240,34,79,0.43,4,15,0.267,16,25,0.64,10,22,32,21,13,6,7,24,88,-2,0,2012-05-11,Home
42011,1610612763,MEM,Memphis Grizzlies,41100176,MEM @ LAC,W,240,35,77,0.455,3,10,0.3,17,27,0.63,15,33,48,20,5,9,22,24,90,2,0,2012-05-11,Away
42011,1610612738,BOS,Boston Celtics,41100211,BOS vs. PHI,W,240,36,82,0.439,2,18,0.111,18,19,0.947,9,36,45,28,7,7,13,16,92,1,0,2012-05-12,Home
42011,1610612743,DEN,Denver Nuggets,41100167,DEN @ LAL,L,240,35,89,0.393,7,26,0.269,10,14,0.714,23,31,54,23,5,9,19,21,87,-9,0,2012-05-12,Away
42011,1610612755,PHI,Philadelphia 76ers,41100211,PHI @ BOS,L,240,36,82,0.439,5,14,0.357,14,20,0.7,8,33,41,19,9,8,11,15,91,-1,0,2012-05-12,Away
42011,1610612747,LAL,Los Angeles Lakers,41100167,LAL vs. DEN,W,240,35,89,0.393,11,24,0.458,15,23,0.652,24,26,50,22,10,14,11,20,96,9,0,2012-05-12,Home
42011,1610612763,MEM,Memphis Grizzlies,41100177,MEM vs. LAC,L,240,25,77,0.325,0,13,0.0,22,31,0.71,12,32,44,12,11,4,15,20,72,-10,0,2012-05-13,Home
42011,1610612748,MIA,Miami Heat,41100201,MIA vs. IND,W,240,33,81,0.407,0,6,0.0,29,38,0.763,15,30,45,16,8,5,13,22,95,9,0,2012-05-13,Home
42011,1610612754,IND,Indiana Pacers,41100201,IND @ MIA,L,240,31,77,0.403,4,17,0.235,20,28,0.714,8,30,38,18,7,3,15,31,86,-9,0,2012-05-13,Away
42011,1610612746,LAC,Los Angeles Clippers,41100177,LAC @ MEM,W,240,30,78,0.385,4,17,0.235,18,23,0.783,13,33,46,12,10,6,17,28,82,10,0,2012-05-13,Away
42011,1610612755,PHI,Philadelphia 76ers,41100212,PHI @ BOS,W,240,31,76,0.408,5,14,0.357,15,21,0.714,11,36,47,17,10,6,18,13,82,1,0,2012-05-14,Away
42011,1610612738,BOS,Boston Celtics,41100212,BOS vs. PHI,L,240,33,79,0.418,8,18,0.444,7,9,0.778,6,30,36,23,11,6,19,22,81,-1,0,2012-05-14,Home
42011,1610612760,OKC,Oklahoma City Thunder,41100231,OKC vs. LAL,W,240,44,83,0.53,7,17,0.412,24,29,0.828,10,31,41,20,13,8,4,19,119,29,0,2012-05-14,Home
42011,1610612747,LAL,Los Angeles Lakers,41100231,LAL @ OKC,L,240,35,81,0.432,7,16,0.438,13,15,0.867,13,30,43,14,1,3,15,20,90,-29,0,2012-05-14,Away
42011,1610612754,IND,Indiana Pacers,41100202,IND @ MIA,W,240,28,74,0.378,3,15,0.2,19,27,0.704,15,35,50,10,8,7,20,25,78,3,0,2012-05-15,Away
42011,1610612748,MIA,Miami Heat,41100202,MIA vs. IND,L,240,27,78,0.346,1,16,0.063,20,29,0.69,14,26,40,11,10,5,12,22,75,-3,0,2012-05-15,Home
42011,1610612759,SAS,San Antonio Spurs,41100221,SAS vs. LAC,W,240,39,80,0.488,13,25,0.52,17,21,0.81,11,36,47,29,9,7,18,17,108,16,0,2012-05-15,Home
42011,1610612746,LAC,Los Angeles Clippers,41100221,LAC @ SAS,L,240,37,83,0.446,9,19,0.474,9,13,0.692,8,26,34,19,11,9,16,21,92,-16,0,2012-05-15,Away
42011,1610612747,LAL,Los Angeles Lakers,41100232,LAL @ OKC,L,240,30,78,0.385,2,15,0.133,13,14,0.929,11,30,41,11,9,2,15,20,75,-2,0,2012-05-16,Away
42011,1610612760,OKC,Oklahoma City Thunder,41100232,OKC vs. LAL,W,240,29,69,0.42,6,17,0.353,13,16,0.813,6,30,36,15,7,8,13,19,77,2,0,2012-05-16,Home
42011,1610612755,PHI,Philadelphia 76ers,41100213,PHI vs. BOS,L,240,33,81,0.407,8,15,0.533,17,22,0.773,11,26,37,22,3,7,9,20,91,-16,0,2012-05-16,Home
42011,1610612738,BOS,Boston Celtics,41100213,BOS @ PHI,W,240,40,77,0.519,5,11,0.455,22,28,0.786,7,37,44,26,6,6,7,19,107,16,0,2012-05-16,Away
42011,1610612746,LAC,Los Angeles Clippers,41100222,LAC @ SAS,L,240,31,63,0.492,9,13,0.692,17,23,0.739,4,28,32,13,7,7,18,20,88,-17,0,2012-05-17,Away
42011,1610612748,MIA,Miami Heat,41100203,MIA @ IND,L,240,29,78,0.372,4,20,0.2,13,18,0.722,11,25,36,9,5,6,14,21,75,-19,0,2012-05-17,Away
42011,1610612754,IND,Indiana Pacers,41100203,IND vs. MIA,W,240,33,76,0.434,8,14,0.571,20,23,0.87,16,36,52,20,6,8,14,20,94,19,0,2012-05-17,Home
42011,1610612759,SAS,San Antonio Spurs,41100222,SAS vs. LAC,W,240,42,79,0.532,10,25,0.4,11,17,0.647,6,29,35,23,12,3,11,16,105,17,0,2012-05-17,Home
42011,1610612738,BOS,Boston Celtics,41100214,BOS @ PHI,L,240,30,71,0.423,7,23,0.304,16,19,0.842,5,33,38,23,7,6,17,28,83,-9,0,2012-05-18,Away
42011,1610612760,OKC,Oklahoma City Thunder,41100233,OKC @ LAL,L,240,33,83,0.398,4,17,0.235,26,28,0.929,13,24,37,13,11,9,9,30,96,-3,0,2012-05-18,Away
42011,1610612747,LAL,Los Angeles Lakers,41100233,LAL vs. OKC,W,240,27,70,0.386,4,11,0.364,41,42,0.976,12,32,44,20,7,9,15,22,99,3,0,2012-05-18,Home
42011,1610612755,PHI,Philadelphia 76ers,41100214,PHI vs. BOS,W,240,31,82,0.378,5,11,0.455,25,36,0.694,17,35,52,18,9,2,11,19,92,9,0,2012-05-18,Home
42011,1610612747,LAL,Los Angeles Lakers,41100234,LAL vs. OKC,L,240,37,86,0.43,5,18,0.278,21,29,0.724,18,25,43,19,5,7,9,19,100,-3,0,2012-05-19,Home
42011,1610612746,LAC,Los Angeles Clippers,41100223,LAC vs. SAS,L,240,37,80,0.463,3,9,0.333,9,18,0.5,9,35,44,22,11,8,13,23,86,-10,0,2012-05-19,Home
42011,1610612759,SAS,San Antonio Spurs,41100223,SAS @ LAC,W,240,35,76,0.461,9,22,0.409,17,25,0.68,6,35,41,27,5,7,13,19,96,10,0,2012-05-19,Away
42011,1610612760,OKC,Oklahoma City Thunder,41100234,OKC @ LAL,W,240,38,77,0.494,6,16,0.375,21,25,0.84,9,30,39,16,6,10,7,23,103,3,0,2012-05-19,Away
42011,1610612759,SAS,San Antonio Spurs,41100224,SAS @ LAC,W,240,38,72,0.528,6,15,0.4,20,27,0.741,9,31,40,28,4,4,16,22,102,3,0,2012-05-20,Away
42011,1610612754,IND,Indiana Pacers,41100204,IND vs. MIA,L,240,33,79,0.418,7,22,0.318,20,24,0.833,8,30,38,17,7,6,15,28,93,-8,0,2012-05-20,Home
42011,1610612748,MIA,Miami Heat,41100204,MIA @ IND,W,240,38,80,0.475,5,12,0.417,20,28,0.714,14,33,47,20,8,9,15,24,101,8,0,2012-05-20,Away
42011,1610612746,LAC,Los Angeles Clippers,41100224,LAC vs. SAS,L,240,41,86,0.477,4,16,0.25,13,19,0.684,10,26,36,22,10,5,9,22,99,-3,0,2012-05-20,Home
42011,1610612755,PHI,Philadelphia 76ers,41100215,PHI @ BOS,L,240,36,77,0.468,3,9,0.333,10,16,0.625,14,23,37,20,7,1,15,24,85,-16,0,2012-05-21,Away
42011,1610612760,OKC,Oklahoma City Thunder,41100235,OKC vs. LAL,W,240,42,90,0.467,3,13,0.231,19,25,0.76,14,37,51,20,7,6,12,22,106,16,0,2012-05-21,Home
42011,1610612747,LAL,Los Angeles Lakers,41100235,LAL @ OKC,L,240,34,75,0.453,2,11,0.182,20,26,0.769,3,32,35,12,6,6,12,24,90,-16,0,2012-05-21,Away
42011,1610612738,BOS,Boston Celtics,41100215,BOS vs. PHI,W,240,36,69,0.522,3,15,0.2,26,33,0.788,8,23,31,22,11,5,12,18,101,16,0,2012-05-21,Home
42011,1610612748,MIA,Miami Heat,41100205,MIA vs. IND,W,240,43,70,0.614,9,16,0.563,20,29,0.69,7,42,49,20,5,10,13,20,115,32,0,2012-05-22,Home
42011,1610612754,IND,Indiana Pacers,41100205,IND @ MIA,L,240,30,89,0.337,6,21,0.286,17,23,0.739,13,22,35,15,8,3,10,21,83,-32,0,2012-05-22,Away
42011,1610612755,PHI,Philadelphia 76ers,41100216,PHI vs. BOS,W,240,32,70,0.457,1,9,0.111,17,28,0.607,7,30,37,22,7,6,12,16,82,7,0,2012-05-23,Home
42011,1610612738,BOS,Boston Celtics,41100216,BOS @ PHI,L,240,26,78,0.333,3,14,0.214,20,23,0.87,14,34,48,14,5,2,17,25,75,-7,0,2012-05-23,Away
42011,1610612748,MIA,Miami Heat,41100206,MIA @ IND,W,240,41,76,0.539,7,20,0.35,16,20,0.8,5,21,26,16,9,4,10,20,105,12,0,2012-05-24,Away
42011,1610612754,IND,Indiana Pacers,41100206,IND vs. MIA,L,240,34,70,0.486,6,17,0.353,19,24,0.792,10,27,37,18,3,2,22,22,93,-12,0,2012-05-24,Home
42011,1610612738,BOS,Boston Celtics,41100217,BOS vs. PHI,W,240,31,73,0.425,3,17,0.176,20,22,0.909,4,40,44,17,10,6,15,22,85,10,0,2012-05-26,Home
42011,1610612755,PHI,Philadelphia 76ers,41100217,PHI @ BOS,L,240,28,80,0.35,5,18,0.278,14,20,0.7,13,32,45,15,9,1,15,23,75,-10,0,2012-05-26,Away
42011,1610612759,SAS,San Antonio Spurs,41100311,SAS vs. OKC,W,240,38,83,0.458,8,24,0.333,17,25,0.68,12,38,50,22,5,2,17,18,101,3,0,2012-05-27,Home
42011,1610612760,OKC,Oklahoma City Thunder,41100311,OKC @ SAS,L,240,35,83,0.422,9,23,0.391,19,23,0.826,9,34,43,18,11,9,13,24,98,-3,0,2012-05-27,Away
42011,1610612748,MIA,Miami Heat,41100301,MIA vs. BOS,W,240,36,72,0.5,5,25,0.2,16,23,0.696,13,35,48,17,4,11,14,21,93,14,0,2012-05-28,Home
42011,1610612738,BOS,Boston Celtics,41100301,BOS @ MIA,L,240,32,81,0.395,4,14,0.286,11,21,0.524,10,23,33,19,6,1,9,19,79,-14,0,2012-05-28,Away
42011,1610612759,SAS,San Antonio Spurs,41100312,SAS vs. OKC,W,240,43,78,0.551,11,26,0.423,23,35,0.657,8,33,41,27,3,8,14,26,120,9,0,2012-05-29,Home
42011,1610612760,OKC,Oklahoma City Thunder,41100312,OKC @ SAS,L,240,37,88,0.42,8,17,0.471,29,36,0.806,16,24,40,19,10,8,10,28,111,-9,0,2012-05-29,Away
42011,1610612738,BOS,Boston Celtics,41100302,BOS @ MIA,L,265,40,81,0.494,5,16,0.313,26,29,0.897,8,34,42,15,5,2,8,33,111,-4,0,2012-05-30,Away
42011,1610612748,MIA,Miami Heat,41100302,MIA vs. BOS,W,265,37,83,0.446,10,26,0.385,31,47,0.66,13,29,42,24,7,5,8,18,115,4,0,2012-05-30,Home
42011,1610612759,SAS,San Antonio Spurs,41100313,SAS @ OKC,L,240,30,76,0.395,11,26,0.423,11,15,0.733,12,29,41,18,2,7,21,19,82,-20,0,2012-05-31,Away
42011,1610612760,OKC,Oklahoma City Thunder,41100313,OKC vs. SAS,W,240,40,88,0.455,6,22,0.273,16,17,0.941,12,32,44,23,14,9,8,16,102,20,0,2012-05-31,Home
42011,1610612748,MIA,Miami Heat,41100303,MIA @ BOS,L,240,38,77,0.494,5,17,0.294,10,20,0.5,6,26,32,20,5,5,11,24,91,-10,0,2012-06-01,Away
42011,1610612738,BOS,Boston Celtics,41100303,BOS vs. MIA,W,240,38,76,0.5,5,17,0.294,20,26,0.769,12,32,44,16,4,4,12,24,101,10,0,2012-06-01,Home
42011,1610612760,OKC,Oklahoma City Thunder,41100314,OKC vs. SAS,W,240,44,78,0.564,5,13,0.385,16,21,0.762,7,34,41,27,5,5,13,15,109,6,0,2012-06-02,Home
42011,1610612759,SAS,San Antonio Spurs,41100314,SAS @ OKC,L,240,41,82,0.5,11,23,0.478,10,16,0.625,7,24,31,17,5,2,10,20,103,-6,0,2012-06-02,Away
42011,1610612738,BOS,Boston Celtics,41100304,BOS vs. MIA,W,265,35,85,0.412,9,27,0.333,14,20,0.7,11,28,39,22,6,7,15,30,93,2,0,2012-06-03,Home
42011,1610612748,MIA,Miami Heat,41100304,MIA @ BOS,L,265,34,80,0.425,6,19,0.316,17,24,0.708,7,33,40,20,6,6,17,28,91,-2,0,2012-06-03,Away
42011,1610612760,OKC,Oklahoma City Thunder,41100315,OKC @ SAS,W,240,40,80,0.5,8,21,0.381,20,23,0.87,6,28,34,22,12,5,17,25,108,5,0,2012-06-04,Away
42011,1610612759,SAS,San Antonio Spurs,41100315,SAS vs. OKC,L,240,34,74,0.459,9,24,0.375,26,31,0.839,10,32,42,23,8,1,21,25,103,-5,0,2012-06-04,Home
42011,1610612748,MIA,Miami Heat,41100305,MIA vs. BOS,L,240,32,82,0.39,7,26,0.269,19,25,0.76,12,37,49,13,6,3,15,21,90,-4,0,2012-06-05,Home
42011,1610612738,BOS,Boston Celtics,41100305,BOS @ MIA,W,240,33,81,0.407,6,15,0.4,22,27,0.815,9,30,39,19,13,4,13,21,94,4,0,2012-06-05,Away
42011,1610612760,OKC,Oklahoma City Thunder,41100316,OKC vs. SAS,W,240,36,72,0.5,10,18,0.556,25,31,0.806,6,36,42,18,6,6,15,18,107,8,0,2012-06-06,Home
42011,1610612759,SAS,San Antonio Spurs,41100316,SAS @ OKC,L,240,37,84,0.44,11,26,0.423,14,18,0.778,9,25,34,20,9,2,12,24,99,-8,0,2012-06-06,Away
42011,1610612748,MIA,Miami Heat,41100306,MIA @ BOS,W,240,37,76,0.487,7,16,0.438,17,22,0.773,10,34,44,15,8,4,12,21,98,19,0,2012-06-07,Away
42011,1610612738,BOS,Boston Celtics,41100306,BOS vs. MIA,L,240,32,75,0.427,1,14,0.071,14,20,0.7,7,27,34,14,9,3,13,19,79,-19,0,2012-06-07,Home
42011,1610612738,BOS,Boston Celtics,41100307,BOS @ MIA,L,240,35,75,0.467,6,19,0.316,12,15,0.8,7,26,33,19,10,2,13,24,88,-13,0,2012-06-09,Away
42011,1610612748,MIA,Miami Heat,41100307,MIA vs. BOS,W,240,36,70,0.514,9,26,0.346,20,27,0.741,9,29,38,16,8,3,13,14,101,13,0,2012-06-09,Home
42011,1610612760,OKC,Oklahoma City Thunder,41100401,OKC vs. MIA,W,240,40,77,0.519,5,17,0.294,20,27,0.741,10,33,43,22,5,3,10,16,105,11,0,2012-06-12,Home
42011,1610612748,MIA,Miami Heat,41100401,MIA @ OKC,L,240,36,78,0.462,8,19,0.421,14,18,0.778,7,28,35,20,6,1,11,19,94,-11,0,2012-06-12,Away
42011,1610612760,OKC,Oklahoma City Thunder,41100402,OKC vs. MIA,L,240,34,79,0.43,9,26,0.346,19,26,0.731,10,26,36,14,9,9,11,22,96,-4,0,2012-06-14,Home
42011,1610612748,MIA,Miami Heat,41100402,MIA @ OKC,W,240,36,76,0.474,6,14,0.429,22,25,0.88,11,29,40,13,5,4,14,21,100,4,0,2012-06-14,Away
42011,1610612760,OKC,Oklahoma City Thunder,41100403,OKC @ MIA,L,240,33,77,0.429,4,18,0.222,15,24,0.625,11,27,38,11,9,8,14,25,85,-6,0,2012-06-17,Away
42011,1610612748,MIA,Miami Heat,41100403,MIA vs. OKC,W,240,28,74,0.378,4,13,0.308,31,35,0.886,14,31,45,13,6,5,15,19,91,6,0,2012-06-17,Home
42011,1610612748,MIA,Miami Heat,41100404,MIA vs. OKC,W,240,38,79,0.481,10,26,0.385,18,25,0.72,9,31,40,19,8,2,10,18,104,6,0,2012-06-19,Home
42011,1610612760,OKC,Oklahoma City Thunder,41100404,OKC @ MIA,L,240,40,82,0.488,3,16,0.188,15,16,0.938,8,27,35,13,6,2,11,20,98,-6,0,2012-06-19,Away
42011,1610612748,MIA,Miami Heat,41100405,MIA vs. OKC,W,240,40,77,0.519,14,26,0.538,27,33,0.818,8,33,41,25,8,7,14,21,121,15,0,2012-06-21,Home
42011,1610612760,OKC,Oklahoma City Thunder,41100405,OKC @ MIA,L,240,36,87,0.414,11,28,0.393,23,26,0.885,10,28,38,19,7,3,13,29,106,-15,0,2012-06-21,Away
42012,1610612751,BKN,Brooklyn Nets,41200131,BKN vs. CHI,W,240,43,77,0.558,6,14,0.429,14,17,0.824,6,33,39,18,6,5,8,21,106,17,1,2013-04-20,Home
42012,1610612752,NYK,New York Knicks,41200111,NYK vs. BOS,W,240,32,79,0.405,9,25,0.36,12,15,0.8,10,30,40,13,15,4,13,23,85,7,1,2013-04-20,Home
42012,1610612746,LAC,Los Angeles Clippers,41200171,LAC vs. MEM,W,240,41,74,0.554,7,19,0.368,23,31,0.742,14,33,47,20,4,4,13,28,112,21,0,2013-04-20,Home
42012,1610612763,MEM,Memphis Grizzlies,41200171,MEM @ LAC,L,240,33,71,0.465,5,12,0.417,20,25,0.8,4,19,23,22,3,1,7,29,91,-21,0,2013-04-20,Away
42012,1610612738,BOS,Boston Celtics,41200111,BOS @ NYK,L,240,27,65,0.415,5,20,0.25,19,19,1.0,4,36,40,18,5,5,21,17,78,-7,1,2013-04-20,Away
42012,1610612744,GSW,Golden State Warriors,41200161,GSW @ DEN,L,240,38,92,0.413,8,22,0.364,11,15,0.733,13,42,55,27,4,10,18,21,95,-2,1,2013-04-20,Away
42012,1610612743,DEN,Denver Nuggets,41200161,DEN vs. GSW,W,240,38,85,0.447,3,16,0.188,18,28,0.643,7,38,45,16,9,4,11,18,97,2,1,2013-04-20,Home
42012,1610612741,CHI,Chicago Bulls,41200131,CHI @ BKN,L,240,36,76,0.474,2,8,0.25,15,22,0.682,9,26,35,15,4,5,10,17,89,-17,1,2013-04-20,Away
42012,1610612760,OKC,Oklahoma City Thunder,41200141,OKC vs. HOU,W,240,44,83,0.53,10,24,0.417,22,28,0.786,5,41,46,28,9,9,13,24,120,29,1,2013-04-21,Home
42012,1610612749,MIL,Milwaukee Bucks,41200101,MIL @ MIA,L,240,34,82,0.415,7,26,0.269,12,20,0.6,10,21,31,14,10,0,12,23,87,-23,1,2013-04-21,Away
42012,1610612745,HOU,Houston Rockets,41200141,HOU @ OKC,L,240,33,91,0.363,8,36,0.222,17,24,0.708,11,28,39,17,6,1,15,26,91,-29,1,2013-04-21,Away
42012,1610612748,MIA,Miami Heat,41200101,MIA vs. MIL,W,240,38,68,0.559,7,23,0.304,27,33,0.818,11,35,46,22,8,3,19,19,110,23,1,2013-04-21,Home
42012,1610612759,SAS,San Antonio Spurs,41200151,SAS vs. LAL,W,240,32,85,0.376,7,22,0.318,20,25,0.8,8,35,43,20,12,3,9,21,91,12,1,2013-04-21,Home
42012,1610612747,LAL,Los Angeles Lakers,41200151,LAL @ SAS,L,240,30,73,0.411,3,15,0.2,16,24,0.667,6,38,44,15,8,4,18,20,79,-12,1,2013-04-21,Away
42012,1610612754,IND,Indiana Pacers,41200121,IND vs. ATL,W,240,35,78,0.449,7,19,0.368,30,34,0.882,15,33,48,23,8,4,14,19,107,17,1,2013-04-21,Home
42012,1610612737,ATL,Atlanta Hawks,41200121,ATL @ IND,L,240,38,76,0.5,7,17,0.412,7,14,0.5,6,26,32,23,5,3,16,26,90,-17,1,2013-04-21,Away
42012,1610612763,MEM,Memphis Grizzlies,41200172,MEM @ LAC,L,240,33,73,0.452,2,11,0.182,23,34,0.676,8,30,38,16,8,5,13,21,91,-2,1,2013-04-22,Away
42012,1610612746,LAC,Los Angeles Clippers,41200172,LAC vs. MEM,W,240,37,78,0.474,2,15,0.133,17,22,0.773,9,31,40,19,5,10,13,27,93,2,1,2013-04-22,Home
42012,1610612741,CHI,Chicago Bulls,41200132,CHI @ BKN,W,240,37,77,0.481,3,12,0.25,13,23,0.565,9,35,44,21,6,7,14,25,90,8,1,2013-04-22,Away
42012,1610612751,BKN,Brooklyn Nets,41200132,BKN vs. CHI,L,240,29,82,0.354,4,21,0.19,20,23,0.87,11,28,39,22,8,5,12,19,82,-8,1,2013-04-22,Home
42012,1610612743,DEN,Denver Nuggets,41200162,DEN vs. GSW,L,240,40,80,0.5,9,26,0.346,28,37,0.757,6,20,26,27,6,1,15,22,117,-14,1,2013-04-23,Home
42012,1610612748,MIA,Miami Heat,41200102,MIA vs. MIL,W,240,35,78,0.449,6,19,0.316,22,26,0.846,12,31,43,17,10,3,14,17,98,12,0,2013-04-23,Home
42012,1610612744,GSW,Golden State Warriors,41200162,GSW @ DEN,W,240,51,79,0.646,14,25,0.56,15,20,0.75,6,30,36,26,7,4,17,32,131,14,1,2013-04-23,Away
42012,1610612752,NYK,New York Knicks,41200112,NYK vs. BOS,W,240,32,76,0.421,7,19,0.368,16,22,0.727,7,35,42,14,5,6,11,17,87,16,1,2013-04-23,Home
42012,1610612738,BOS,Boston Celtics,41200112,BOS @ NYK,L,240,26,70,0.371,5,19,0.263,14,18,0.778,3,34,37,14,3,4,12,20,71,-16,1,2013-04-23,Away
42012,1610612749,MIL,Milwaukee Bucks,41200102,MIL @ MIA,L,240,36,72,0.5,4,18,0.222,10,17,0.588,4,29,33,23,9,2,17,21,86,-12,0,2013-04-23,Away
42012,1610612759,SAS,San Antonio Spurs,41200152,SAS vs. LAL,W,240,42,82,0.512,7,14,0.5,11,14,0.786,9,28,37,21,7,7,9,17,102,11,0,2013-04-24,Home
42012,1610612747,LAL,Los Angeles Lakers,41200152,LAL @ SAS,L,240,37,82,0.451,8,22,0.364,9,13,0.692,12,28,40,18,5,9,13,20,91,-11,0,2013-04-24,Away
42012,1610612737,ATL,Atlanta Hawks,41200122,ATL @ IND,L,240,39,79,0.494,9,23,0.391,11,20,0.55,11,30,41,25,7,4,14,24,98,-15,1,2013-04-24,Away
42012,1610612754,IND,Indiana Pacers,41200122,IND vs. ATL,W,240,41,87,0.471,10,25,0.4,21,29,0.724,15,32,47,22,10,5,10,19,113,15,1,2013-04-24,Home
42012,1610612745,HOU,Houston Rockets,41200142,HOU @ OKC,L,240,36,91,0.396,10,35,0.286,20,25,0.8,18,39,57,16,4,3,16,23,102,-3,1,2013-04-24,Away
42012,1610612760,OKC,Oklahoma City Thunder,41200142,OKC vs. HOU,W,240,37,85,0.435,11,35,0.314,20,24,0.833,10,30,40,20,8,9,12,22,105,3,1,2013-04-24,Home
42012,1610612741,CHI,Chicago Bulls,41200133,CHI vs. BKN,W,240,31,78,0.397,3,15,0.2,14,21,0.667,9,39,48,17,6,3,15,15,79,3,1,2013-04-25,Home
42012,1610612763,MEM,Memphis Grizzlies,41200173,MEM vs. LAC,W,240,31,80,0.388,4,16,0.25,28,38,0.737,17,28,45,18,11,3,10,22,94,12,1,2013-04-25,Home
42012,1610612748,MIA,Miami Heat,41200103,MIA @ MIL,W,240,41,79,0.519,8,19,0.421,14,25,0.56,12,31,43,31,11,3,19,24,104,13,1,2013-04-25,Away
42012,1610612751,BKN,Brooklyn Nets,41200133,BKN @ CHI,L,240,28,81,0.346,5,21,0.238,15,17,0.882,7,35,42,15,5,11,11,19,76,-3,1,2013-04-25,Away
42012,1610612749,MIL,Milwaukee Bucks,41200103,MIL vs. MIA,L,240,33,72,0.458,7,26,0.269,18,29,0.621,9,29,38,23,14,2,20,21,91,-13,1,2013-04-25,Home
42012,1610612746,LAC,Los Angeles Clippers,41200173,LAC @ MEM,L,240,26,67,0.388,9,23,0.391,21,23,0.913,5,28,33,14,5,10,18,29,82,-12,1,2013-04-25,Away
42012,1610612752,NYK,New York Knicks,41200113,NYK @ BOS,W,240,38,76,0.5,11,27,0.407,3,8,0.375,6,31,37,22,14,4,11,19,90,14,1,2013-04-26,Away
42012,1610612759,SAS,San Antonio Spurs,41200153,SAS @ LAL,W,240,52,85,0.612,5,16,0.313,11,15,0.733,8,41,49,30,9,7,14,20,120,31,1,2013-04-26,Away
42012,1610612744,GSW,Golden State Warriors,41200163,GSW vs. DEN,W,240,42,80,0.525,8,20,0.4,18,23,0.783,12,30,42,26,7,7,23,20,110,2,1,2013-04-26,Home
42012,1610612738,BOS,Boston Celtics,41200113,BOS vs. NYK,L,240,28,70,0.4,6,19,0.316,14,18,0.778,11,30,41,14,6,1,18,14,76,-14,1,2013-04-26,Home
42012,1610612747,LAL,Los Angeles Lakers,41200153,LAL vs. SAS,L,240,35,81,0.432,4,20,0.2,15,25,0.6,9,26,35,19,8,3,13,15,89,-31,1,2013-04-26,Home
42012,1610612743,DEN,Denver Nuggets,41200163,DEN @ GSW,L,240,40,86,0.465,7,18,0.389,21,27,0.778,11,23,34,26,11,1,18,25,108,-2,1,2013-04-26,Away
42012,1610612760,OKC,Oklahoma City Thunder,41200143,OKC @ HOU,W,240,33,87,0.379,10,26,0.385,28,30,0.933,13,36,49,14,7,6,11,24,104,3,0,2013-04-27,Away
42012,1610612741,CHI,Chicago Bulls,41200134,CHI vs. BKN,W,315,58,109,0.532,6,19,0.316,20,29,0.69,9,37,46,34,8,7,15,35,142,8,1,2013-04-27,Home
42012,1610612763,MEM,Memphis Grizzlies,41200174,MEM vs. LAC,W,240,39,77,0.506,4,12,0.333,22,29,0.759,13,32,45,25,3,6,13,20,104,21,0,2013-04-27,Home
42012,1610612751,BKN,Brooklyn Nets,41200134,BKN @ CHI,L,315,48,97,0.495,9,24,0.375,29,45,0.644,12,35,47,23,7,10,20,27,134,-8,1,2013-04-27,Away
42012,1610612737,ATL,Atlanta Hawks,41200123,ATL vs. IND,W,240,35,82,0.427,4,15,0.267,16,28,0.571,13,35,48,17,11,6,14,27,90,21,1,2013-04-27,Home
42012,1610612745,HOU,Houston Rockets,41200143,HOU vs. OKC,L,240,36,83,0.434,12,37,0.324,17,25,0.68,5,36,41,23,6,12,11,25,101,-3,0,2013-04-27,Home
42012,1610612746,LAC,Los Angeles Clippers,41200174,LAC @ MEM,L,240,32,78,0.41,4,21,0.19,15,17,0.882,5,23,28,17,8,5,10,27,83,-21,0,2013-04-27,Away
42012,1610612754,IND,Indiana Pacers,41200123,IND @ ATL,L,240,22,81,0.272,4,25,0.16,21,28,0.75,17,35,52,10,6,5,22,27,69,-21,1,2013-04-27,Away
42012,1610612743,DEN,Denver Nuggets,41200164,DEN @ GSW,L,240,33,71,0.465,6,20,0.3,29,38,0.763,12,25,37,14,6,2,23,27,101,-14,1,2013-04-28,Away
42012,1610612738,BOS,Boston Celtics,41200114,BOS vs. NYK,W,265,34,76,0.447,8,22,0.364,21,24,0.875,3,37,40,22,7,4,16,26,97,7,1,2013-04-28,Home
42012,1610612747,LAL,Los Angeles Lakers,41200154,LAL vs. SAS,L,240,36,76,0.474,5,17,0.294,5,12,0.417,7,34,41,22,2,5,22,15,82,-21,1,2013-04-28,Home
42012,1610612759,SAS,San Antonio Spurs,41200154,SAS @ LAL,W,240,39,84,0.464,5,16,0.313,20,23,0.87,10,30,40,24,13,3,8,14,103,21,1,2013-04-28,Away
42012,1610612744,GSW,Golden State Warriors,41200164,GSW vs. DEN,W,240,44,79,0.557,11,26,0.423,16,23,0.696,7,22,29,27,13,5,16,26,115,14,1,2013-04-28,Home
42012,1610612752,NYK,New York Knicks,41200114,NYK @ BOS,L,265,31,90,0.344,7,30,0.233,21,28,0.75,16,38,54,10,10,3,16,27,90,-7,1,2013-04-28,Away
42012,1610612748,MIA,Miami Heat,41200104,MIA @ MIL,W,240,34,73,0.466,7,26,0.269,13,19,0.684,8,34,42,24,8,8,16,21,88,11,0,2013-04-28,Away
42012,1610612749,MIL,Milwaukee Bucks,41200104,MIL vs. MIA,L,240,30,81,0.37,6,22,0.273,11,15,0.733,12,25,37,19,7,6,16,14,77,-11,0,2013-04-28,Home
42012,1610612760,OKC,Oklahoma City Thunder,41200144,OKC @ HOU,L,240,35,72,0.486,11,25,0.44,22,25,0.88,9,27,36,18,9,5,22,26,103,-2,0,2013-04-29,Away
42012,1610612745,HOU,Houston Rockets,41200144,HOU vs. OKC,W,240,37,76,0.487,12,27,0.444,19,24,0.792,14,25,39,21,10,7,22,26,105,2,0,2013-04-29,Home
42012,1610612741,CHI,Chicago Bulls,41200135,CHI @ BKN,L,240,37,75,0.493,4,12,0.333,13,18,0.722,11,22,33,20,8,4,13,20,91,-19,0,2013-04-29,Away
42012,1610612751,BKN,Brooklyn Nets,41200135,BKN vs. CHI,W,240,42,84,0.5,6,17,0.353,20,23,0.87,17,27,44,19,7,2,11,19,110,19,0,2013-04-29,Home
42012,1610612754,IND,Indiana Pacers,41200124,IND @ ATL,L,240,32,84,0.381,7,23,0.304,20,25,0.8,15,30,45,22,8,4,14,28,91,-11,1,2013-04-29,Away
42012,1610612737,ATL,Atlanta Hawks,41200124,ATL vs. IND,W,240,33,74,0.446,11,24,0.458,25,38,0.658,11,35,46,24,10,4,13,25,102,11,1,2013-04-29,Home
42012,1610612743,DEN,Denver Nuggets,41200165,DEN vs. GSW,W,240,38,89,0.427,10,27,0.37,21,27,0.778,15,31,46,26,12,6,13,25,107,7,1,2013-04-30,Home
42012,1610612763,MEM,Memphis Grizzlies,41200175,MEM @ LAC,W,240,37,85,0.435,3,10,0.3,26,33,0.788,14,28,42,19,7,7,7,25,103,10,1,2013-04-30,Away
42012,1610612744,GSW,Golden State Warriors,41200165,GSW @ DEN,L,240,35,81,0.432,11,28,0.393,19,25,0.76,9,33,42,20,5,9,17,23,100,-7,1,2013-04-30,Away
42012,1610612746,LAC,Los Angeles Clippers,41200175,LAC vs. MEM,L,240,34,77,0.442,6,17,0.353,19,25,0.76,12,28,40,19,6,5,13,23,93,-10,1,2013-04-30,Home
42012,1610612752,NYK,New York Knicks,41200115,NYK vs. BOS,L,240,32,81,0.395,5,22,0.227,17,20,0.85,9,30,39,13,8,1,9,19,86,-6,0,2013-05-01,Home
42012,1610612754,IND,Indiana Pacers,41200125,IND vs. ATL,W,240,35,69,0.507,7,19,0.368,29,35,0.829,8,43,51,24,2,2,17,30,106,23,1,2013-05-01,Home
42012,1610612737,ATL,Atlanta Hawks,41200125,ATL @ IND,L,240,25,75,0.333,3,14,0.214,30,37,0.811,6,22,28,14,6,2,6,24,83,-23,1,2013-05-01,Away
42012,1610612745,HOU,Houston Rockets,41200145,HOU @ OKC,W,240,34,72,0.472,14,35,0.4,25,37,0.676,6,36,42,15,4,5,15,22,107,7,1,2013-05-01,Away
42012,1610612738,BOS,Boston Celtics,41200115,BOS @ NYK,W,240,32,70,0.457,11,22,0.5,17,17,1.0,5,36,41,20,3,3,17,16,92,6,0,2013-05-01,Away
42012,1610612760,OKC,Oklahoma City Thunder,41200145,OKC vs. HOU,L,240,36,86,0.419,8,33,0.242,20,28,0.714,12,31,43,20,5,10,9,28,100,-7,1,2013-05-01,Home
42012,1610612744,GSW,Golden State Warriors,41200166,GSW vs. DEN,W,240,31,77,0.403,7,25,0.28,23,24,0.958,13,42,55,17,3,5,21,19,92,4,0,2013-05-02,Home
42012,1610612743,DEN,Denver Nuggets,41200166,DEN @ GSW,L,240,34,98,0.347,7,28,0.25,13,21,0.619,20,24,44,18,10,3,7,22,88,-4,0,2013-05-02,Away
42012,1610612751,BKN,Brooklyn Nets,41200136,BKN @ CHI,W,240,34,79,0.43,5,14,0.357,22,33,0.667,10,31,41,21,5,2,10,18,95,3,1,2013-05-02,Away
42012,1610612741,CHI,Chicago Bulls,41200136,CHI vs. BKN,L,240,36,89,0.404,7,18,0.389,13,18,0.722,15,31,46,23,4,7,16,26,92,-3,1,2013-05-02,Home
42012,1610612763,MEM,Memphis Grizzlies,41200176,MEM vs. LAC,W,240,36,71,0.507,8,19,0.421,38,47,0.809,6,28,34,27,7,3,12,26,118,13,0,2013-05-03,Home
42012,1610612738,BOS,Boston Celtics,41200116,BOS vs. NYK,L,240,24,63,0.381,6,22,0.273,26,33,0.788,5,30,35,13,9,1,20,20,80,-8,1,2013-05-03,Home
42012,1610612737,ATL,Atlanta Hawks,41200126,ATL vs. IND,L,240,26,78,0.333,3,19,0.158,18,20,0.9,3,32,35,12,5,4,10,19,73,-8,1,2013-05-03,Home
42012,1610612745,HOU,Houston Rockets,41200146,HOU vs. OKC,L,240,30,73,0.411,14,32,0.438,20,31,0.645,11,32,43,16,5,5,16,17,94,-9,0,2013-05-03,Home
42012,1610612752,NYK,New York Knicks,41200116,NYK @ BOS,W,240,33,79,0.418,9,21,0.429,13,16,0.813,15,27,42,18,10,8,17,23,88,8,1,2013-05-03,Away
42012,1610612760,OKC,Oklahoma City Thunder,41200146,OKC @ HOU,W,240,38,83,0.458,11,27,0.407,16,16,1.0,9,32,41,21,9,5,10,24,103,9,0,2013-05-03,Away
42012,1610612754,IND,Indiana Pacers,41200126,IND @ ATL,W,240,32,76,0.421,3,15,0.2,14,21,0.667,7,46,53,17,7,9,16,20,81,8,1,2013-05-03,Away
42012,1610612746,LAC,Los Angeles Clippers,41200176,LAC @ MEM,L,240,41,78,0.526,7,20,0.35,16,24,0.667,8,27,35,19,3,0,13,33,105,-13,0,2013-05-03,Away
42012,1610612741,CHI,Chicago Bulls,41200137,CHI @ BKN,W,240,40,82,0.488,7,21,0.333,12,13,0.923,13,27,40,20,6,7,9,14,99,6,1,2013-05-04,Away
42012,1610612751,BKN,Brooklyn Nets,41200137,BKN vs. CHI,L,240,35,86,0.407,8,25,0.32,15,20,0.75,19,24,43,21,6,4,9,16,93,-6,1,2013-05-04,Home
42012,1610612754,IND,Indiana Pacers,41200211,IND @ NYK,W,240,37,76,0.487,8,23,0.348,20,26,0.769,11,33,44,21,3,8,16,21,102,7,0,2013-05-05,Away
42012,1610612763,MEM,Memphis Grizzlies,41200221,MEM @ OKC,L,240,35,82,0.427,7,19,0.368,14,24,0.583,8,33,41,13,5,2,12,22,91,-2,1,2013-05-05,Away
42012,1610612752,NYK,New York Knicks,41200211,NYK vs. IND,L,240,35,81,0.432,7,19,0.368,18,23,0.783,6,24,30,15,4,4,10,21,95,-7,0,2013-05-05,Home
42012,1610612760,OKC,Oklahoma City Thunder,41200221,OKC vs. MEM,W,240,33,80,0.413,5,15,0.333,22,25,0.88,7,36,43,13,2,6,10,22,93,2,1,2013-05-05,Home
42012,1610612759,SAS,San Antonio Spurs,41200231,SAS vs. GSW,W,290,46,105,0.438,13,26,0.5,24,28,0.857,13,32,45,26,9,3,14,21,129,2,0,2013-05-06,Home
42012,1610612748,MIA,Miami Heat,41200201,MIA vs. CHI,L,240,31,78,0.397,7,24,0.292,17,25,0.68,7,25,32,20,8,8,9,24,86,-7,1,2013-05-06,Home
42012,1610612744,GSW,Golden State Warriors,41200231,GSW @ SAS,L,290,51,100,0.51,11,30,0.367,14,24,0.583,12,43,55,23,8,5,21,29,127,-2,0,2013-05-06,Away
42012,1610612741,CHI,Chicago Bulls,41200201,CHI @ MIA,W,240,31,71,0.437,7,18,0.389,24,29,0.828,9,37,46,20,5,3,16,20,93,7,1,2013-05-06,Away
42012,1610612763,MEM,Memphis Grizzlies,41200222,MEM @ OKC,W,240,36,86,0.419,4,15,0.267,23,32,0.719,16,27,43,22,13,2,11,23,99,6,1,2013-05-07,Away
42012,1610612754,IND,Indiana Pacers,41200212,IND @ NYK,L,240,30,66,0.455,8,25,0.32,11,18,0.611,7,28,35,19,4,5,21,18,79,-26,1,2013-05-07,Away
42012,1610612752,NYK,New York Knicks,41200212,NYK vs. IND,W,240,44,89,0.494,10,30,0.333,7,10,0.7,13,24,37,20,11,4,7,20,105,26,1,2013-05-07,Home
42012,1610612760,OKC,Oklahoma City Thunder,41200222,OKC vs. MEM,L,240,30,70,0.429,9,24,0.375,24,27,0.889,8,27,35,17,3,7,21,26,93,-6,1,2013-05-07,Home
42012,1610612744,GSW,Golden State Warriors,41200232,GSW @ SAS,W,240,38,84,0.452,11,23,0.478,13,20,0.65,13,37,50,19,6,4,10,20,100,9,1,2013-05-08,Away
42012,1610612741,CHI,Chicago Bulls,41200202,CHI @ MIA,L,240,27,76,0.355,9,23,0.391,15,21,0.714,12,16,28,17,8,0,19,27,78,-37,1,2013-05-08,Away
42012,1610612748,MIA,Miami Heat,41200202,MIA vs. CHI,W,240,42,70,0.6,9,18,0.5,22,29,0.759,8,33,41,29,9,5,17,24,115,37,1,2013-05-08,Home
42012,1610612759,SAS,San Antonio Spurs,41200232,SAS vs. GSW,L,240,35,89,0.393,5,21,0.238,16,24,0.667,17,31,48,14,7,5,10,19,91,-9,1,2013-05-08,Home
42012,1610612741,CHI,Chicago Bulls,41200203,CHI vs. MIA,L,240,35,77,0.455,7,22,0.318,17,25,0.68,11,26,37,21,7,4,11,30,94,-10,1,2013-05-10,Home
42012,1610612748,MIA,Miami Heat,41200203,MIA @ CHI,W,240,35,70,0.5,8,20,0.4,26,30,0.867,9,30,39,21,4,4,12,20,104,10,1,2013-05-10,Away
42012,1610612759,SAS,San Antonio Spurs,41200233,SAS @ GSW,W,240,40,79,0.506,6,20,0.3,16,23,0.696,8,33,41,21,4,3,11,19,102,10,0,2013-05-10,Away
42012,1610612744,GSW,Golden State Warriors,41200233,GSW vs. SAS,L,240,35,89,0.393,6,19,0.316,16,20,0.8,16,32,48,20,3,1,11,24,92,-10,0,2013-05-10,Home
42012,1610612760,OKC,Oklahoma City Thunder,41200223,OKC @ MEM,L,240,32,88,0.364,5,18,0.278,12,19,0.632,14,37,51,10,7,4,14,23,81,-6,1,2013-05-11,Away
42012,1610612763,MEM,Memphis Grizzlies,41200223,MEM vs. OKC,W,240,30,74,0.405,4,14,0.286,23,28,0.821,5,39,44,16,5,6,12,19,87,6,1,2013-05-11,Home
42012,1610612752,NYK,New York Knicks,41200213,NYK @ IND,L,240,25,71,0.352,3,11,0.273,18,25,0.72,11,30,41,11,7,3,15,23,71,-11,1,2013-05-11,Away
42012,1610612754,IND,Indiana Pacers,41200213,IND vs. NYK,W,240,28,80,0.35,10,33,0.303,16,23,0.696,18,35,53,14,7,1,17,23,82,11,1,2013-05-11,Home
42012,1610612744,GSW,Golden State Warriors,41200234,GSW vs. SAS,W,265,35,92,0.38,7,18,0.389,20,25,0.8,19,46,65,19,6,1,18,26,97,10,1,2013-05-12,Home
42012,1610612759,SAS,San Antonio Spurs,41200234,SAS @ GSW,L,265,33,93,0.355,7,27,0.259,14,25,0.56,15,36,51,17,11,7,12,25,87,-10,1,2013-05-12,Away
42012,1610612763,MEM,Memphis Grizzlies,41200224,MEM vs. OKC,W,265,36,89,0.404,6,17,0.353,25,29,0.862,13,28,41,18,8,7,7,23,103,6,1,2013-05-13,Home
42012,1610612741,CHI,Chicago Bulls,41200204,CHI vs. MIA,L,240,19,74,0.257,2,17,0.118,25,32,0.781,19,27,46,12,10,3,17,19,65,-23,1,2013-05-13,Home
42012,1610612760,OKC,Oklahoma City Thunder,41200224,OKC @ MEM,L,265,34,79,0.43,9,20,0.45,20,22,0.909,8,36,44,19,4,10,15,30,97,-6,1,2013-05-13,Away
42012,1610612748,MIA,Miami Heat,41200204,MIA @ CHI,W,240,33,68,0.485,6,18,0.333,16,21,0.762,7,29,36,24,9,9,17,23,88,23,1,2013-05-13,Away
42012,1610612752,NYK,New York Knicks,41200214,NYK @ IND,L,240,31,87,0.356,8,28,0.286,12,14,0.857,11,25,36,14,7,9,10,29,82,-11,1,2013-05-14,Away
42012,1610612759,SAS,San Antonio Spurs,41200235,SAS vs. GSW,W,240,40,77,0.519,10,21,0.476,19,25,0.76,8,30,38,30,12,3,10,20,109,18,1,2013-05-14,Home
42012,1610612744,GSW,Golden State Warriors,41200235,GSW @ SAS,L,240,35,75,0.467,6,16,0.375,15,23,0.652,7,29,36,18,8,5,14,20,91,-18,1,2013-05-14,Away
42012,1610612754,IND,Indiana Pacers,41200214,IND vs. NYK,W,240,31,76,0.408,8,25,0.32,23,30,0.767,16,38,54,17,4,8,16,18,93,11,1,2013-05-14,Home
42012,1610612741,CHI,Chicago Bulls,41200205,CHI @ MIA,L,240,33,75,0.44,8,19,0.421,17,24,0.708,15,25,40,14,5,5,16,21,91,-3,1,2013-05-15,Away
42012,1610612748,MIA,Miami Heat,41200205,MIA vs. CHI,W,240,32,70,0.457,6,21,0.286,24,33,0.727,6,26,32,20,10,5,10,24,94,3,1,2013-05-15,Home
42012,1610612763,MEM,Memphis Grizzlies,41200225,MEM @ OKC,W,240,30,81,0.37,3,14,0.214,25,29,0.862,8,38,46,18,8,4,10,17,88,4,1,2013-05-15,Away
42012,1610612760,OKC,Oklahoma City Thunder,41200225,OKC vs. MEM,L,240,31,85,0.365,6,25,0.24,16,21,0.762,13,31,44,19,3,6,13,25,84,-4,1,2013-05-15,Home
42012,1610612752,NYK,New York Knicks,41200215,NYK vs. IND,W,240,32,78,0.41,7,18,0.389,14,17,0.824,10,30,40,12,12,5,11,30,85,10,1,2013-05-16,Home
42012,1610612754,IND,Indiana Pacers,41200215,IND @ NYK,L,240,25,69,0.362,6,19,0.316,19,33,0.576,12,31,43,12,6,3,19,18,75,-10,1,2013-05-16,Away
42012,1610612759,SAS,San Antonio Spurs,41200236,SAS @ GSW,W,240,33,73,0.452,7,19,0.368,21,25,0.84,6,40,46,27,6,4,14,20,94,12,1,2013-05-16,Away
42012,1610612744,GSW,Golden State Warriors,41200236,GSW vs. SAS,L,240,33,85,0.388,4,16,0.25,12,19,0.632,11,29,40,18,7,3,12,25,82,-12,1,2013-05-16,Home
42012,1610612754,IND,Indiana Pacers,41200216,IND vs. NYK,W,240,34,67,0.507,4,15,0.267,34,46,0.739,11,32,43,17,4,7,9,16,106,7,1,2013-05-18,Home
42012,1610612752,NYK,New York Knicks,41200216,NYK @ IND,L,240,34,85,0.4,13,30,0.433,18,18,1.0,14,22,36,19,3,0,9,34,99,-7,1,2013-05-18,Away
42012,1610612763,MEM,Memphis Grizzlies,41200311,MEM @ SAS,L,240,32,74,0.432,5,12,0.417,14,20,0.7,10,25,35,20,5,6,12,17,83,-22,1,2013-05-19,Away
42012,1610612759,SAS,San Antonio Spurs,41200311,SAS vs. MEM,W,240,40,76,0.526,14,29,0.483,11,14,0.786,7,26,33,28,5,4,11,18,105,22,1,2013-05-19,Home
42012,1610612763,MEM,Memphis Grizzlies,41200312,MEM @ SAS,L,265,33,97,0.34,5,17,0.294,18,26,0.692,19,41,60,19,9,6,12,22,89,-4,0,2013-05-21,Away
42012,1610612759,SAS,San Antonio Spurs,41200312,SAS vs. MEM,W,265,36,83,0.434,9,25,0.36,12,17,0.706,4,42,46,29,5,12,13,23,93,4,0,2013-05-21,Home
42012,1610612754,IND,Indiana Pacers,41200301,IND @ MIA,L,265,37,83,0.446,4,14,0.286,24,32,0.75,17,26,43,18,10,2,20,30,102,-1,1,2013-05-22,Away
42012,1610612748,MIA,Miami Heat,41200301,MIA vs. IND,W,265,41,86,0.477,5,18,0.278,16,25,0.64,16,22,38,24,9,9,21,28,103,1,1,2013-05-22,Home
42012,1610612748,MIA,Miami Heat,41200302,MIA vs. IND,L,240,34,73,0.466,7,22,0.318,18,26,0.692,10,22,32,14,4,4,15,27,93,-4,1,2013-05-24,Home
42012,1610612754,IND,Indiana Pacers,41200302,IND @ MIA,W,240,33,66,0.5,5,12,0.417,26,32,0.813,11,28,39,18,6,3,17,23,97,4,1,2013-05-24,Away
42012,1610612763,MEM,Memphis Grizzlies,41200313,MEM vs. SAS,L,265,38,97,0.392,7,20,0.35,10,18,0.556,19,29,48,18,10,6,10,24,93,-11,1,2013-05-25,Home
42012,1610612759,SAS,San Antonio Spurs,41200313,SAS @ MEM,W,265,41,82,0.5,6,18,0.333,16,22,0.727,13,37,50,20,6,7,17,21,104,11,1,2013-05-25,Away
42012,1610612754,IND,Indiana Pacers,41200303,IND vs. MIA,L,240,29,73,0.397,8,14,0.571,30,44,0.682,18,27,45,16,1,3,11,25,96,-18,1,2013-05-26,Home
42012,1610612748,MIA,Miami Heat,41200303,MIA @ IND,W,240,42,77,0.545,6,14,0.429,24,28,0.857,6,30,36,21,6,5,5,30,114,18,1,2013-05-26,Away
42012,1610612759,SAS,San Antonio Spurs,41200314,SAS @ MEM,W,240,39,76,0.513,3,13,0.231,12,13,0.923,4,30,34,23,10,8,16,25,93,7,1,2013-05-27,Away
42012,1610612763,MEM,Memphis Grizzlies,41200314,MEM vs. SAS,L,240,32,86,0.372,5,14,0.357,17,24,0.708,16,25,41,19,7,5,13,22,86,-7,1,2013-05-27,Home
42012,1610612754,IND,Indiana Pacers,41200304,IND vs. MIA,W,240,35,70,0.5,3,14,0.214,26,33,0.788,15,34,49,18,3,5,13,25,99,7,1,2013-05-28,Home
42012,1610612748,MIA,Miami Heat,41200304,MIA @ IND,L,240,30,77,0.39,8,23,0.348,24,27,0.889,12,18,30,15,7,5,6,30,92,-7,1,2013-05-28,Away
42012,1610612754,IND,Indiana Pacers,41200305,IND @ MIA,L,240,31,69,0.449,5,13,0.385,12,15,0.8,6,27,33,11,6,5,18,19,79,-11,1,2013-05-30,Away
42012,1610612748,MIA,Miami Heat,41200305,MIA vs. IND,W,240,38,75,0.507,7,18,0.389,7,12,0.583,6,26,32,19,6,7,10,11,90,11,1,2013-05-30,Home
42012,1610612748,MIA,Miami Heat,41200306,MIA @ IND,L,240,26,72,0.361,10,18,0.556,15,19,0.789,9,24,33,10,10,6,14,21,77,-14,1,2013-06-01,Away
42012,1610612754,IND,Indiana Pacers,41200306,IND vs. MIA,W,240,37,74,0.5,6,11,0.545,11,18,0.611,15,38,53,19,5,3,21,19,91,14,1,2013-06-01,Home
42012,1610612754,IND,Indiana Pacers,41200307,IND @ MIA,L,240,28,69,0.406,6,20,0.3,14,20,0.7,8,29,37,14,3,3,21,28,76,-23,1,2013-06-03,Away
42012,1610612748,MIA,Miami Heat,41200307,MIA vs. IND,W,240,30,77,0.39,6,16,0.375,33,38,0.868,15,28,43,14,11,5,11,22,99,23,1,2013-06-03,Home
42012,1610612759,SAS,San Antonio Spurs,41200401,SAS @ MIA,W,240,35,84,0.417,7,23,0.304,15,18,0.833,6,31,37,16,6,5,4,12,92,4,1,2013-06-06,Away
42012,1610612748,MIA,Miami Heat,41200401,MIA vs. SAS,L,240,34,78,0.436,8,25,0.32,12,17,0.706,9,37,46,20,4,2,9,12,88,-4,1,2013-06-06,Home
42012,1610612759,SAS,San Antonio Spurs,41200402,SAS @ MIA,L,240,32,78,0.41,10,20,0.5,10,14,0.714,15,29,44,16,3,4,17,14,84,-19,1,2013-06-09,Away
42012,1610612748,MIA,Miami Heat,41200402,MIA vs. SAS,W,240,41,83,0.494,10,19,0.526,11,14,0.786,9,27,36,22,9,6,6,17,103,19,1,2013-06-09,Home
42012,1610612759,SAS,San Antonio Spurs,41200403,SAS vs. MIA,W,240,43,88,0.489,16,32,0.5,11,19,0.579,19,33,52,29,10,4,13,13,113,36,1,2013-06-11,Home
42012,1610612748,MIA,Miami Heat,41200403,MIA @ SAS,L,240,31,76,0.408,8,18,0.444,7,10,0.7,9,27,36,21,9,8,16,21,77,-36,1,2013-06-11,Away
42012,1610612748,MIA,Miami Heat,41200404,MIA @ SAS,W,240,45,85,0.529,4,12,0.333,15,17,0.882,7,34,41,23,13,7,9,26,109,16,1,2013-06-13,Away
42012,1610612759,SAS,San Antonio Spurs,41200404,SAS vs. MIA,L,240,31,70,0.443,8,16,0.5,23,31,0.742,5,31,36,21,5,4,19,18,93,-16,1,2013-06-13,Home
42012,1610612748,MIA,Miami Heat,41200405,MIA @ SAS,L,240,37,86,0.43,11,23,0.478,19,23,0.826,12,22,34,25,8,3,15,24,104,-10,1,2013-06-16,Away
42012,1610612759,SAS,San Antonio Spurs,41200405,SAS vs. MIA,W,240,42,70,0.6,9,22,0.409,21,26,0.808,5,31,36,21,5,8,19,21,114,10,1,2013-06-16,Home
42012,1610612759,SAS,San Antonio Spurs,41200406,SAS @ MIA,L,265,37,85,0.435,5,18,0.278,21,28,0.75,12,33,45,13,8,2,15,21,100,-3,1,2013-06-18,Away
42012,1610612748,MIA,Miami Heat,41200406,MIA vs. SAS,W,265,38,81,0.469,11,19,0.579,16,21,0.762,12,30,42,23,10,6,15,26,103,3,1,2013-06-18,Home
42012,1610612748,MIA,Miami Heat,41200407,MIA vs. SAS,W,240,36,82,0.439,12,32,0.375,11,16,0.688,11,32,43,14,8,4,16,19,95,7,1,2013-06-20,Home
42012,1610612759,SAS,San Antonio Spurs,41200407,SAS @ MIA,L,240,31,82,0.378,6,19,0.316,20,22,0.909,12,31,43,13,12,3,15,19,88,-7,1,2013-06-20,Away
42013,1610612761,TOR,Toronto Raptors,41300121,TOR vs. BKN,L,240,28,71,0.394,8,23,0.348,23,25,0.92,8,37,45,22,3,4,19,23,87,-7,1,2014-04-19,Home
42013,1610612746,LAC,Los Angeles Clippers,41300161,LAC vs. GSW,L,240,36,85,0.424,10,22,0.455,23,35,0.657,16,26,42,24,13,7,17,24,105,-4,1,2014-04-19,Home
42013,1610612763,MEM,Memphis Grizzlies,41300151,MEM @ OKC,L,240,33,91,0.363,2,11,0.182,18,31,0.581,13,28,41,20,7,4,6,24,86,-14,1,2014-04-19,Away
42013,1610612754,IND,Indiana Pacers,41300101,IND vs. ATL,L,240,34,81,0.42,9,21,0.429,16,23,0.696,14,32,46,19,8,4,17,29,93,-8,1,2014-04-19,Home
42013,1610612751,BKN,Brooklyn Nets,41300121,BKN @ TOR,W,240,34,80,0.425,4,24,0.167,22,27,0.815,7,30,37,16,9,2,9,19,94,7,1,2014-04-19,Away
42013,1610612744,GSW,Golden State Warriors,41300161,GSW @ LAC,W,240,40,90,0.444,11,27,0.407,18,25,0.72,15,33,48,26,5,6,23,27,109,4,1,2014-04-19,Away
42013,1610612760,OKC,Oklahoma City Thunder,41300151,OKC vs. MEM,W,240,34,76,0.447,4,16,0.25,28,32,0.875,7,44,51,22,3,10,13,25,100,14,1,2014-04-19,Home
42013,1610612737,ATL,Atlanta Hawks,41300101,ATL @ IND,W,240,33,76,0.434,11,30,0.367,24,29,0.828,9,33,42,13,6,7,12,20,101,8,1,2014-04-19,Away
42013,1610612759,SAS,San Antonio Spurs,41300141,SAS vs. DAL,W,240,35,81,0.432,3,17,0.176,17,22,0.773,8,40,48,14,6,3,10,16,90,5,1,2014-04-20,Home
42013,1610612757,POR,Portland Trail Blazers,41300171,POR @ HOU,W,265,42,97,0.433,9,27,0.333,29,39,0.744,17,37,54,14,7,6,12,32,122,2,1,2014-04-20,Away
42013,1610612764,WAS,Washington Wizards,41300131,WAS @ CHI,W,240,36,74,0.486,4,11,0.364,26,35,0.743,9,36,45,21,5,5,10,26,102,9,1,2014-04-20,Away
42013,1610612742,DAL,Dallas Mavericks,41300141,DAL @ SAS,L,240,35,85,0.412,6,18,0.333,9,13,0.692,9,31,40,15,5,5,8,19,85,-5,1,2014-04-20,Away
42013,1610612741,CHI,Chicago Bulls,41300131,CHI vs. WAS,L,240,34,81,0.42,5,20,0.25,20,26,0.769,13,26,39,13,5,3,8,25,93,-9,1,2014-04-20,Home
42013,1610612745,HOU,Houston Rockets,41300171,HOU vs. POR,L,265,43,105,0.41,8,35,0.229,26,40,0.65,22,37,59,16,5,7,13,33,120,-2,1,2014-04-20,Home
42013,1610612766,CHA,Charlotte Bobcats,41300111,CHA @ MIA,L,240,36,79,0.456,8,21,0.381,8,12,0.667,8,36,44,18,5,2,15,17,88,-11,1,2014-04-20,Away
42013,1610612748,MIA,Miami Heat,41300111,MIA vs. CHA,W,240,35,76,0.461,11,23,0.478,18,26,0.692,6,32,38,14,5,3,9,12,99,11,1,2014-04-20,Home
42013,1610612763,MEM,Memphis Grizzlies,41300152,MEM @ OKC,W,265,43,87,0.494,4,10,0.4,21,24,0.875,12,35,47,30,5,3,9,20,111,6,1,2014-04-21,Away
42013,1610612746,LAC,Los Angeles Clippers,41300162,LAC vs. GSW,W,240,47,83,0.566,12,25,0.48,32,35,0.914,9,25,34,29,15,5,13,22,138,40,1,2014-04-21,Home
42013,1610612744,GSW,Golden State Warriors,41300162,GSW @ LAC,L,240,36,76,0.474,4,19,0.211,22,27,0.815,13,23,36,18,8,4,26,33,98,-40,1,2014-04-21,Away
42013,1610612760,OKC,Oklahoma City Thunder,41300152,OKC vs. MEM,L,265,37,93,0.398,9,30,0.3,22,25,0.88,16,33,49,20,6,10,9,22,105,-6,1,2014-04-21,Home
42013,1610612754,IND,Indiana Pacers,41300102,IND vs. ATL,W,240,36,68,0.529,8,17,0.471,21,27,0.778,8,30,38,25,8,4,17,18,101,16,1,2014-04-22,Home
42013,1610612764,WAS,Washington Wizards,41300132,WAS @ CHI,W,265,38,80,0.475,9,23,0.391,16,28,0.571,8,34,42,23,10,6,12,26,101,2,1,2014-04-22,Away
42013,1610612737,ATL,Atlanta Hawks,41300102,ATL @ IND,L,240,31,79,0.392,10,29,0.345,13,18,0.722,10,21,31,13,7,2,13,23,85,-16,1,2014-04-22,Away
42013,1610612761,TOR,Toronto Raptors,41300122,TOR vs. BKN,W,240,37,78,0.474,2,16,0.125,24,29,0.828,19,33,52,19,3,3,21,21,100,5,1,2014-04-22,Home
42013,1610612751,BKN,Brooklyn Nets,41300122,BKN @ TOR,L,240,34,77,0.442,7,24,0.292,20,28,0.714,11,19,30,19,14,6,10,26,95,-5,1,2014-04-22,Away
42013,1610612741,CHI,Chicago Bulls,41300132,CHI vs. WAS,L,265,38,88,0.432,5,17,0.294,18,24,0.75,17,32,49,23,6,5,14,23,99,-2,1,2014-04-22,Home
42013,1610612745,HOU,Houston Rockets,41300172,HOU vs. POR,L,240,39,90,0.433,3,16,0.188,24,30,0.8,14,28,42,16,7,4,15,27,105,-7,1,2014-04-23,Home
42013,1610612748,MIA,Miami Heat,41300112,MIA vs. CHA,W,240,35,67,0.522,9,23,0.391,22,29,0.759,4,33,37,19,9,6,17,21,101,4,1,2014-04-23,Home
42013,1610612757,POR,Portland Trail Blazers,41300172,POR @ HOU,W,240,40,84,0.476,8,23,0.348,24,27,0.889,11,32,43,23,5,11,14,28,112,7,1,2014-04-23,Away
42013,1610612742,DAL,Dallas Mavericks,41300142,DAL @ SAS,W,240,45,92,0.489,8,21,0.381,15,16,0.938,14,21,35,19,13,3,8,19,113,21,1,2014-04-23,Away
42013,1610612766,CHA,Charlotte Bobcats,41300112,CHA @ MIA,L,240,37,88,0.42,9,21,0.429,14,19,0.737,15,26,41,18,5,2,15,22,97,-4,1,2014-04-23,Away
42013,1610612759,SAS,San Antonio Spurs,41300142,SAS vs. DAL,L,240,32,64,0.5,10,20,0.5,18,29,0.621,9,23,32,17,1,3,24,19,92,-21,1,2014-04-23,Home
42013,1610612763,MEM,Memphis Grizzlies,41300153,MEM vs. OKC,W,265,41,92,0.446,4,16,0.25,12,15,0.8,13,34,47,21,9,1,15,21,98,3,1,2014-04-24,Home
42013,1610612754,IND,Indiana Pacers,41300103,IND @ ATL,L,240,32,85,0.376,5,20,0.25,16,21,0.762,10,41,51,21,9,2,13,22,85,-13,1,2014-04-24,Away
42013,1610612746,LAC,Los Angeles Clippers,41300163,LAC @ GSW,W,240,40,86,0.465,8,28,0.286,10,23,0.435,14,33,47,25,11,6,13,20,98,2,1,2014-04-24,Away
42013,1610612744,GSW,Golden State Warriors,41300163,GSW vs. LAC,L,240,37,89,0.416,6,31,0.194,16,24,0.667,18,34,52,26,6,6,17,18,96,-2,1,2014-04-24,Home
42013,1610612737,ATL,Atlanta Hawks,41300103,ATL vs. IND,W,240,28,73,0.384,12,34,0.353,30,37,0.811,4,37,41,21,4,4,14,19,98,13,1,2014-04-24,Home
42013,1610612760,OKC,Oklahoma City Thunder,41300153,OKC @ MEM,L,265,34,87,0.391,5,28,0.179,22,30,0.733,15,33,48,13,9,6,16,23,95,-3,1,2014-04-24,Away
42013,1610612751,BKN,Brooklyn Nets,41300123,BKN vs. TOR,W,240,33,67,0.493,7,20,0.35,29,37,0.784,3,26,29,21,7,2,12,32,102,4,1,2014-04-25,Home
42013,1610612741,CHI,Chicago Bulls,41300133,CHI @ WAS,W,240,34,71,0.479,12,24,0.5,20,30,0.667,7,29,36,24,8,2,17,23,100,3,1,2014-04-25,Away
42013,1610612764,WAS,Washington Wizards,41300133,WAS vs. CHI,L,240,37,86,0.43,8,19,0.421,15,21,0.714,13,28,41,20,9,6,11,22,97,-3,1,2014-04-25,Home
42013,1610612745,HOU,Houston Rockets,41300173,HOU @ POR,W,265,45,105,0.429,12,31,0.387,19,22,0.864,22,31,53,20,4,4,9,28,121,5,1,2014-04-25,Away
42013,1610612761,TOR,Toronto Raptors,41300123,TOR @ BKN,L,240,31,67,0.463,7,22,0.318,29,37,0.784,8,27,35,18,5,3,19,31,98,-4,1,2014-04-25,Away
42013,1610612757,POR,Portland Trail Blazers,41300173,POR vs. HOU,L,265,41,90,0.456,10,27,0.37,24,28,0.857,13,34,47,21,5,10,11,24,116,-5,1,2014-04-25,Home
42013,1610612742,DAL,Dallas Mavericks,41300143,DAL vs. SAS,W,240,42,82,0.512,9,23,0.391,16,19,0.842,10,25,35,25,4,6,17,19,109,1,1,2014-04-26,Home
42013,1610612748,MIA,Miami Heat,41300113,MIA @ CHA,W,240,36,83,0.434,9,18,0.5,17,20,0.85,6,33,39,26,8,7,7,25,98,13,1,2014-04-26,Away
42013,1610612759,SAS,San Antonio Spurs,41300143,SAS @ DAL,L,240,44,81,0.543,6,18,0.333,14,17,0.824,10,26,36,26,14,4,15,20,108,-1,1,2014-04-26,Away
42013,1610612754,IND,Indiana Pacers,41300104,IND @ ATL,W,240,37,77,0.481,9,23,0.391,8,14,0.571,8,35,43,22,7,11,13,19,91,3,1,2014-04-26,Away
42013,1610612763,MEM,Memphis Grizzlies,41300154,MEM vs. OKC,L,265,35,94,0.372,6,20,0.3,13,23,0.565,18,31,49,19,13,4,14,19,89,-3,1,2014-04-26,Home
42013,1610612766,CHA,Charlotte Bobcats,41300113,CHA vs. MIA,L,240,27,65,0.415,7,18,0.389,24,33,0.727,4,34,38,21,3,8,14,18,85,-13,1,2014-04-26,Home
42013,1610612737,ATL,Atlanta Hawks,41300104,ATL vs. IND,L,240,30,84,0.357,11,31,0.355,17,17,1.0,9,32,41,22,8,4,14,18,88,-3,1,2014-04-26,Home
42013,1610612760,OKC,Oklahoma City Thunder,41300154,OKC @ MEM,W,265,33,90,0.367,8,28,0.286,18,20,0.9,20,38,58,14,8,11,21,22,92,3,1,2014-04-26,Away
42013,1610612744,GSW,Golden State Warriors,41300164,GSW vs. LAC,W,240,41,74,0.554,15,32,0.469,21,28,0.75,6,28,34,32,8,5,15,26,118,21,1,2014-04-27,Home
42013,1610612757,POR,Portland Trail Blazers,41300174,POR vs. HOU,W,265,45,91,0.495,11,28,0.393,22,30,0.733,11,33,44,25,10,8,11,24,123,3,1,2014-04-27,Home
42013,1610612746,LAC,Los Angeles Clippers,41300164,LAC @ GSW,L,240,33,77,0.429,10,31,0.323,21,24,0.875,7,25,32,20,5,2,19,25,97,-21,1,2014-04-27,Away
42013,1610612741,CHI,Chicago Bulls,41300134,CHI @ WAS,L,240,35,78,0.449,4,19,0.211,15,17,0.882,13,29,42,22,2,4,16,22,89,-9,1,2014-04-27,Away
42013,1610612745,HOU,Houston Rockets,41300174,HOU @ POR,L,265,41,84,0.488,11,28,0.393,27,38,0.711,14,35,49,16,5,4,16,27,120,-3,1,2014-04-27,Away
42013,1610612761,TOR,Toronto Raptors,41300124,TOR @ BKN,W,240,31,75,0.413,6,23,0.261,19,23,0.826,9,34,43,15,9,3,12,29,87,8,1,2014-04-27,Away
42013,1610612751,BKN,Brooklyn Nets,41300124,BKN vs. TOR,L,240,28,68,0.412,4,20,0.2,19,29,0.655,10,33,43,17,6,3,16,25,79,-8,1,2014-04-27,Home
42013,1610612764,WAS,Washington Wizards,41300134,WAS vs. CHI,W,240,35,86,0.407,8,19,0.421,20,25,0.8,14,24,38,22,8,5,6,18,98,9,1,2014-04-27,Home
42013,1610612766,CHA,Charlotte Bobcats,41300114,CHA vs. MIA,L,240,35,69,0.507,7,25,0.28,21,30,0.7,6,30,36,22,4,6,16,24,98,-11,1,2014-04-28,Home
42013,1610612759,SAS,San Antonio Spurs,41300144,SAS @ DAL,W,240,36,80,0.45,5,17,0.294,16,22,0.727,11,38,49,16,4,2,15,20,93,4,1,2014-04-28,Away
42013,1610612748,MIA,Miami Heat,41300114,MIA @ CHA,W,240,39,78,0.5,9,24,0.375,22,29,0.759,5,28,33,25,7,2,9,21,109,11,1,2014-04-28,Away
42013,1610612742,DAL,Dallas Mavericks,41300144,DAL vs. SAS,L,240,32,84,0.381,7,24,0.292,18,28,0.643,16,33,49,18,8,3,9,23,89,-4,1,2014-04-28,Home
42013,1610612754,IND,Indiana Pacers,41300105,IND vs. ATL,L,240,36,78,0.462,14,30,0.467,11,18,0.611,7,28,35,24,11,7,13,24,97,-10,1,2014-04-28,Home
42013,1610612737,ATL,Atlanta Hawks,41300105,ATL @ IND,W,240,33,66,0.5,15,27,0.556,26,33,0.788,6,32,38,19,5,6,18,19,107,10,1,2014-04-28,Away
42013,1610612746,LAC,Los Angeles Clippers,41300165,LAC vs. GSW,W,240,37,76,0.487,8,20,0.4,31,41,0.756,12,29,41,20,10,4,12,21,113,10,1,2014-04-29,Home
42013,1610612744,GSW,Golden State Warriors,41300165,GSW @ LAC,L,240,40,85,0.471,10,26,0.385,13,19,0.684,13,29,42,24,6,1,14,28,103,-10,1,2014-04-29,Away
42013,1610612764,WAS,Washington Wizards,41300135,WAS @ CHI,W,240,30,74,0.405,2,9,0.222,13,19,0.684,13,36,49,16,9,11,13,19,75,6,1,2014-04-29,Away
42013,1610612741,CHI,Chicago Bulls,41300135,CHI vs. WAS,L,240,25,75,0.333,6,16,0.375,13,17,0.765,11,32,43,19,4,8,11,17,69,-6,1,2014-04-29,Home
42013,1610612760,OKC,Oklahoma City Thunder,41300155,OKC vs. MEM,L,265,36,92,0.391,12,31,0.387,15,19,0.789,19,32,51,24,2,3,17,22,99,-1,1,2014-04-29,Home
42013,1610612763,MEM,Memphis Grizzlies,41300155,MEM @ OKC,W,265,37,87,0.425,7,19,0.368,19,26,0.731,13,37,50,21,11,3,10,21,100,1,1,2014-04-29,Away
42013,1610612742,DAL,Dallas Mavericks,41300145,DAL @ SAS,L,240,39,89,0.438,12,28,0.429,13,15,0.867,9,38,47,18,2,8,8,21,103,-6,1,2014-04-30,Away
42013,1610612751,BKN,Brooklyn Nets,41300125,BKN @ TOR,L,240,40,75,0.533,11,23,0.478,22,30,0.733,10,24,34,22,8,4,15,27,113,-2,1,2014-04-30,Away
42013,1610612759,SAS,San Antonio Spurs,41300145,SAS vs. DAL,W,240,41,88,0.466,8,16,0.5,19,27,0.704,12,35,47,24,6,5,6,15,109,6,1,2014-04-30,Home
42013,1610612761,TOR,Toronto Raptors,41300125,TOR vs. BKN,W,240,37,77,0.481,12,26,0.462,29,36,0.806,9,28,37,21,6,2,13,25,115,2,1,2014-04-30,Home
42013,1610612745,HOU,Houston Rockets,41300175,HOU vs. POR,W,240,43,91,0.473,8,25,0.32,14,18,0.778,14,34,48,23,7,8,13,21,108,10,1,2014-04-30,Home
42013,1610612757,POR,Portland Trail Blazers,41300175,POR @ HOU,L,240,36,83,0.434,9,25,0.36,17,23,0.739,9,25,34,14,8,14,11,21,98,-10,1,2014-04-30,Away
42013,1610612760,OKC,Oklahoma City Thunder,41300156,OKC @ MEM,W,240,37,75,0.493,7,21,0.333,23,25,0.92,8,39,47,15,7,11,13,19,104,20,1,2014-05-01,Away
42013,1610612746,LAC,Los Angeles Clippers,41300166,LAC @ GSW,L,240,32,86,0.372,11,34,0.324,24,33,0.727,15,38,53,22,3,5,12,28,99,-1,1,2014-05-01,Away
42013,1610612737,ATL,Atlanta Hawks,41300106,ATL vs. IND,L,240,29,81,0.358,9,35,0.257,21,24,0.875,11,33,44,14,7,5,14,23,88,-7,1,2014-05-01,Home
42013,1610612744,GSW,Golden State Warriors,41300166,GSW vs. LAC,W,240,35,89,0.393,7,24,0.292,23,37,0.622,18,32,50,20,7,4,8,24,100,1,1,2014-05-01,Home
42013,1610612763,MEM,Memphis Grizzlies,41300156,MEM vs. OKC,L,240,31,83,0.373,3,14,0.214,19,28,0.679,11,25,36,19,5,1,10,19,84,-20,1,2014-05-01,Home
42013,1610612754,IND,Indiana Pacers,41300106,IND @ ATL,W,240,33,77,0.429,6,20,0.3,23,27,0.852,9,38,47,15,7,3,13,27,95,7,1,2014-05-01,Away
42013,1610612745,HOU,Houston Rockets,41300176,HOU @ POR,L,240,34,75,0.453,7,19,0.368,23,31,0.742,14,30,44,19,8,3,17,20,98,-1,1,2014-05-02,Away
42013,1610612751,BKN,Brooklyn Nets,41300126,BKN vs. TOR,W,240,36,77,0.468,6,21,0.286,19,25,0.76,9,36,45,17,10,5,12,14,97,14,1,2014-05-02,Home
42013,1610612757,POR,Portland Trail Blazers,41300176,POR vs. HOU,W,240,35,82,0.427,9,24,0.375,20,22,0.909,12,22,34,14,9,6,12,20,99,1,1,2014-05-02,Home
42013,1610612742,DAL,Dallas Mavericks,41300146,DAL vs. SAS,W,240,45,87,0.517,8,18,0.444,15,24,0.625,13,27,40,18,8,2,16,20,113,2,1,2014-05-02,Home
42013,1610612761,TOR,Toronto Raptors,41300126,TOR @ BKN,L,240,30,78,0.385,7,24,0.292,16,20,0.8,8,34,42,16,9,3,14,25,83,-14,1,2014-05-02,Away
42013,1610612759,SAS,San Antonio Spurs,41300146,SAS @ DAL,L,240,40,75,0.533,7,16,0.438,24,28,0.857,6,33,39,21,9,4,14,26,111,-2,1,2014-05-02,Away
42013,1610612737,ATL,Atlanta Hawks,41300107,ATL @ IND,L,240,28,92,0.304,11,44,0.25,13,16,0.813,15,23,38,16,9,4,10,24,80,-12,1,2014-05-03,Away
42013,1610612746,LAC,Los Angeles Clippers,41300167,LAC vs. GSW,W,240,46,83,0.554,8,24,0.333,26,33,0.788,7,31,38,26,14,7,14,21,126,5,1,2014-05-03,Home
42013,1610612744,GSW,Golden State Warriors,41300167,GSW @ LAC,L,240,39,79,0.494,14,25,0.56,29,35,0.829,9,28,37,25,9,6,18,21,121,-5,1,2014-05-03,Away
42013,1610612760,OKC,Oklahoma City Thunder,41300157,OKC vs. MEM,W,240,42,69,0.609,11,19,0.579,25,30,0.833,9,24,33,22,7,2,20,28,120,11,1,2014-05-03,Home
42013,1610612754,IND,Indiana Pacers,41300107,IND vs. ATL,W,240,33,70,0.471,3,18,0.167,23,29,0.793,10,45,55,17,6,13,18,19,92,12,1,2014-05-03,Home
42013,1610612763,MEM,Memphis Grizzlies,41300157,MEM @ OKC,L,240,37,83,0.446,5,17,0.294,30,34,0.882,10,19,29,22,13,1,14,22,109,-11,1,2014-05-03,Away
42013,1610612761,TOR,Toronto Raptors,41300127,TOR vs. BKN,L,240,35,73,0.479,4,13,0.308,29,33,0.879,10,28,38,13,4,3,9,27,103,-1,1,2014-05-04,Home
42013,1610612759,SAS,San Antonio Spurs,41300147,SAS vs. DAL,W,240,42,74,0.568,10,24,0.417,25,33,0.758,6,34,40,21,10,4,12,21,119,23,1,2014-05-04,Home
42013,1610612751,BKN,Brooklyn Nets,41300127,BKN @ TOR,W,240,37,81,0.457,8,23,0.348,22,30,0.733,16,26,42,16,5,3,8,26,104,1,1,2014-05-04,Away
42013,1610612742,DAL,Dallas Mavericks,41300147,DAL @ SAS,L,240,36,88,0.409,9,25,0.36,15,17,0.882,11,28,39,21,6,2,14,21,96,-23,1,2014-05-04,Away
42013,1610612746,LAC,Los Angeles Clippers,41300231,LAC @ OKC,W,240,45,82,0.549,15,29,0.517,17,30,0.567,6,25,31,26,8,1,9,24,122,17,1,2014-05-05,Away
42013,1610612760,OKC,Oklahoma City Thunder,41300231,OKC vs. LAC,L,240,39,85,0.459,9,28,0.321,18,23,0.783,15,32,47,17,5,4,18,22,105,-17,1,2014-05-05,Home
42013,1610612754,IND,Indiana Pacers,41300201,IND vs. WAS,L,240,33,81,0.407,8,17,0.471,22,27,0.815,6,30,36,16,6,5,13,26,96,-6,1,2014-05-05,Home
42013,1610612764,WAS,Washington Wizards,41300201,WAS @ IND,W,240,35,84,0.417,10,16,0.625,22,31,0.71,17,36,53,23,7,7,17,23,102,6,1,2014-05-05,Away
42013,1610612751,BKN,Brooklyn Nets,41300211,BKN @ MIA,L,240,33,70,0.471,10,24,0.417,10,17,0.588,6,26,32,11,5,1,13,18,86,-21,1,2014-05-06,Away
42013,1610612759,SAS,San Antonio Spurs,41300221,SAS vs. POR,W,240,44,87,0.506,7,16,0.438,21,25,0.84,13,32,45,21,12,2,12,21,116,24,1,2014-05-06,Home
42013,1610612748,MIA,Miami Heat,41300211,MIA vs. BKN,W,240,42,74,0.568,9,23,0.391,14,16,0.875,4,33,37,22,4,4,10,17,107,21,1,2014-05-06,Home
42013,1610612757,POR,Portland Trail Blazers,41300221,POR @ SAS,L,240,31,82,0.378,4,16,0.25,26,31,0.839,14,33,47,9,6,2,20,25,92,-24,1,2014-05-06,Away
42013,1610612754,IND,Indiana Pacers,41300202,IND vs. WAS,W,240,32,72,0.444,4,12,0.333,18,21,0.857,4,34,38,17,8,3,8,15,86,4,1,2014-05-07,Home
42013,1610612764,WAS,Washington Wizards,41300202,WAS @ IND,L,240,36,80,0.45,5,21,0.238,5,12,0.417,11,32,43,20,5,3,10,21,82,-4,1,2014-05-07,Away
42013,1610612746,LAC,Los Angeles Clippers,41300232,LAC @ OKC,L,240,37,83,0.446,9,27,0.333,18,23,0.783,9,27,36,23,11,2,14,26,101,-11,1,2014-05-07,Away
42013,1610612760,OKC,Oklahoma City Thunder,41300232,OKC vs. LAC,W,240,44,87,0.506,8,23,0.348,16,22,0.727,15,37,52,23,8,2,16,21,112,11,1,2014-05-07,Home
42013,1610612748,MIA,Miami Heat,41300212,MIA vs. BKN,W,240,35,71,0.493,10,24,0.417,14,18,0.778,6,30,36,17,10,7,8,14,94,12,1,2014-05-08,Home
42013,1610612757,POR,Portland Trail Blazers,41300222,POR @ SAS,L,240,40,93,0.43,7,18,0.389,10,10,1.0,14,30,44,15,3,3,15,18,97,-17,1,2014-05-08,Away
42013,1610612751,BKN,Brooklyn Nets,41300212,BKN @ MIA,L,240,33,78,0.423,8,24,0.333,8,14,0.571,13,30,43,19,5,3,14,15,82,-12,1,2014-05-08,Away
42013,1610612759,SAS,San Antonio Spurs,41300222,SAS vs. POR,W,240,48,90,0.533,12,20,0.6,6,14,0.429,11,30,41,27,7,8,9,17,114,17,1,2014-05-08,Home
42013,1610612746,LAC,Los Angeles Clippers,41300233,LAC vs. OKC,L,240,42,93,0.452,7,26,0.269,21,25,0.84,14,19,33,25,5,7,6,26,112,-6,1,2014-05-09,Home
42013,1610612764,WAS,Washington Wizards,41300203,WAS vs. IND,L,240,24,73,0.329,4,16,0.25,11,21,0.524,10,35,45,10,6,5,18,22,63,-22,1,2014-05-09,Home
42013,1610612754,IND,Indiana Pacers,41300203,IND @ WAS,W,240,31,74,0.419,7,15,0.467,16,21,0.762,4,38,42,20,9,6,10,20,85,22,1,2014-05-09,Away
42013,1610612760,OKC,Oklahoma City Thunder,41300233,OKC @ LAC,W,240,44,79,0.557,6,17,0.353,24,28,0.857,10,34,44,26,1,6,14,23,118,6,1,2014-05-09,Away
42013,1610612757,POR,Portland Trail Blazers,41300223,POR vs. SAS,L,240,36,84,0.429,8,23,0.348,23,31,0.742,7,34,41,23,5,0,15,20,103,-15,1,2014-05-10,Home
42013,1610612759,SAS,San Antonio Spurs,41300223,SAS @ POR,W,240,43,89,0.483,7,21,0.333,25,25,1.0,8,33,41,23,10,0,7,25,118,15,1,2014-05-10,Away
42013,1610612748,MIA,Miami Heat,41300213,MIA @ BKN,L,240,31,68,0.456,8,24,0.333,20,25,0.8,5,22,27,13,8,6,10,20,90,-14,1,2014-05-10,Away
42013,1610612751,BKN,Brooklyn Nets,41300213,BKN vs. MIA,W,240,38,72,0.528,15,25,0.6,13,17,0.765,9,34,43,26,6,1,15,23,104,14,1,2014-05-10,Home
42013,1610612764,WAS,Washington Wizards,41300204,WAS vs. IND,L,240,36,79,0.456,5,15,0.333,15,19,0.789,7,29,36,22,11,8,14,23,92,-3,1,2014-05-11,Home
42013,1610612746,LAC,Los Angeles Clippers,41300234,LAC vs. OKC,W,240,39,93,0.419,3,21,0.143,20,29,0.69,15,30,45,23,11,4,9,24,101,2,1,2014-05-11,Home
42013,1610612760,OKC,Oklahoma City Thunder,41300234,OKC @ LAC,L,240,33,75,0.44,7,24,0.292,26,34,0.765,9,34,43,17,6,8,16,27,99,-2,1,2014-05-11,Away
42013,1610612754,IND,Indiana Pacers,41300204,IND @ WAS,W,240,33,73,0.452,10,22,0.455,19,29,0.655,9,31,40,20,6,2,20,19,95,3,1,2014-05-11,Away
42013,1610612751,BKN,Brooklyn Nets,41300214,BKN vs. MIA,L,240,34,78,0.436,5,22,0.227,23,28,0.821,14,26,40,22,4,1,11,22,96,-6,1,2014-05-12,Home
42013,1610612748,MIA,Miami Heat,41300214,MIA @ BKN,W,240,37,70,0.529,8,24,0.333,20,27,0.741,7,27,34,14,8,6,10,23,102,6,1,2014-05-12,Away
42013,1610612759,SAS,San Antonio Spurs,41300224,SAS @ POR,L,240,39,88,0.443,3,18,0.167,11,19,0.579,8,38,46,13,8,3,11,18,92,-11,1,2014-05-12,Away
42013,1610612757,POR,Portland Trail Blazers,41300224,POR vs. SAS,W,240,43,98,0.439,7,21,0.333,10,13,0.769,14,39,53,17,4,4,13,20,103,11,1,2014-05-12,Home
42013,1610612746,LAC,Los Angeles Clippers,41300235,LAC @ OKC,L,240,38,88,0.432,12,27,0.444,16,20,0.8,12,32,44,21,7,4,17,28,104,-1,1,2014-05-13,Away
42013,1610612754,IND,Indiana Pacers,41300205,IND vs. WAS,L,240,30,77,0.39,6,15,0.4,13,22,0.591,4,19,23,19,8,5,11,20,79,-23,1,2014-05-13,Home
42013,1610612764,WAS,Washington Wizards,41300205,WAS @ IND,W,240,41,82,0.5,5,18,0.278,15,19,0.789,18,44,62,21,8,3,19,22,102,23,1,2014-05-13,Away
42013,1610612760,OKC,Oklahoma City Thunder,41300235,OKC vs. LAC,W,240,33,77,0.429,7,17,0.412,32,36,0.889,7,37,44,14,9,5,13,21,105,1,1,2014-05-13,Home
42013,1610612757,POR,Portland Trail Blazers,41300225,POR @ SAS,L,240,33,81,0.407,5,19,0.263,11,17,0.647,7,38,45,18,3,2,18,16,82,-22,1,2014-05-14,Away
42013,1610612748,MIA,Miami Heat,41300215,MIA vs. BKN,W,240,29,67,0.433,9,29,0.31,29,31,0.935,7,26,33,18,5,4,10,16,96,2,1,2014-05-14,Home
42013,1610612759,SAS,San Antonio Spurs,41300225,SAS vs. POR,W,240,42,89,0.472,9,21,0.429,11,16,0.688,9,38,47,24,13,4,8,19,104,22,1,2014-05-14,Home
42013,1610612751,BKN,Brooklyn Nets,41300215,BKN @ MIA,L,240,37,78,0.474,8,22,0.364,12,15,0.8,12,24,36,14,4,3,12,21,94,-2,1,2014-05-14,Away
42013,1610612760,OKC,Oklahoma City Thunder,41300236,OKC @ LAC,W,240,33,72,0.458,9,25,0.36,29,33,0.879,7,36,43,25,5,5,15,22,104,6,1,2014-05-15,Away
42013,1610612746,LAC,Los Angeles Clippers,41300236,LAC vs. OKC,L,240,40,95,0.421,6,21,0.286,12,20,0.6,12,29,41,26,9,3,9,27,98,-6,1,2014-05-15,Home
42013,1610612764,WAS,Washington Wizards,41300206,WAS vs. IND,L,240,31,79,0.392,2,18,0.111,16,20,0.8,9,31,40,17,4,3,11,23,80,-13,1,2014-05-15,Home
42013,1610612754,IND,Indiana Pacers,41300206,IND @ WAS,W,240,37,72,0.514,2,10,0.2,17,25,0.68,5,33,38,18,6,4,11,23,93,13,1,2014-05-15,Away
42013,1610612754,IND,Indiana Pacers,41300301,IND vs. MIA,W,240,35,68,0.515,8,19,0.421,29,37,0.784,7,31,38,23,4,3,12,15,107,11,1,2014-05-18,Home
42013,1610612748,MIA,Miami Heat,41300301,MIA @ IND,L,240,40,78,0.513,6,23,0.261,10,15,0.667,4,25,29,23,7,4,11,26,96,-11,1,2014-05-18,Away
42013,1610612759,SAS,San Antonio Spurs,41300311,SAS vs. OKC,W,240,50,87,0.575,9,17,0.529,13,17,0.765,8,32,40,28,8,2,10,20,122,17,1,2014-05-19,Home
42013,1610612760,OKC,Oklahoma City Thunder,41300311,OKC @ SAS,L,240,37,80,0.463,12,27,0.444,19,23,0.826,9,28,37,19,4,3,16,22,105,-17,1,2014-05-19,Away
42013,1610612754,IND,Indiana Pacers,41300302,IND vs. MIA,L,240,32,80,0.4,9,19,0.474,10,15,0.667,16,25,41,19,6,2,11,16,83,-4,1,2014-05-20,Home
42013,1610612748,MIA,Miami Heat,41300302,MIA @ IND,W,240,34,67,0.507,8,20,0.4,11,18,0.611,6,32,38,19,7,6,13,17,87,4,1,2014-05-20,Away
42013,1610612760,OKC,Oklahoma City Thunder,41300312,OKC @ SAS,L,240,35,89,0.393,2,20,0.1,5,10,0.5,11,27,38,18,6,3,14,21,77,-35,1,2014-05-21,Away
42013,1610612759,SAS,San Antonio Spurs,41300312,SAS vs. OKC,W,240,41,82,0.5,9,23,0.391,21,23,0.913,11,42,53,27,8,7,12,15,112,35,1,2014-05-21,Home
42013,1610612754,IND,Indiana Pacers,41300303,IND @ MIA,L,240,31,65,0.477,6,21,0.286,19,25,0.76,6,23,29,17,7,1,19,22,87,-12,1,2014-05-24,Away
42013,1610612748,MIA,Miami Heat,41300303,MIA vs. IND,W,240,37,68,0.544,10,18,0.556,15,20,0.75,6,23,29,17,9,2,15,24,99,12,1,2014-05-24,Home
42013,1610612760,OKC,Oklahoma City Thunder,41300313,OKC vs. SAS,W,240,37,81,0.457,6,22,0.273,26,31,0.839,15,37,52,17,7,10,18,24,106,9,1,2014-05-25,Home
42013,1610612759,SAS,San Antonio Spurs,41300313,SAS @ OKC,L,240,36,91,0.396,10,26,0.385,15,16,0.938,11,25,36,22,6,2,16,20,97,-9,1,2014-05-25,Away
42013,1610612748,MIA,Miami Heat,41300304,MIA vs. IND,W,240,32,69,0.464,8,24,0.333,30,34,0.882,6,28,34,16,7,2,7,17,102,12,1,2014-05-26,Home
42013,1610612754,IND,Indiana Pacers,41300304,IND @ MIA,L,240,35,71,0.493,9,21,0.429,11,17,0.647,9,28,37,18,1,1,14,27,90,-12,1,2014-05-26,Away
42013,1610612760,OKC,Oklahoma City Thunder,41300314,OKC vs. SAS,W,240,37,76,0.487,7,16,0.438,24,31,0.774,5,37,42,22,12,8,7,20,105,13,1,2014-05-27,Home
42013,1610612759,SAS,San Antonio Spurs,41300314,SAS @ OKC,L,240,33,83,0.398,9,27,0.333,17,22,0.773,11,30,41,17,4,2,13,22,92,-13,1,2014-05-27,Away
42013,1610612754,IND,Indiana Pacers,41300305,IND vs. MIA,W,240,37,78,0.474,6,21,0.286,13,22,0.591,16,29,45,13,12,2,13,16,93,3,1,2014-05-28,Home
42013,1610612748,MIA,Miami Heat,41300305,MIA @ IND,L,240,34,75,0.453,15,31,0.484,7,8,0.875,11,27,38,22,6,3,17,24,90,-3,1,2014-05-28,Away
42013,1610612760,OKC,Oklahoma City Thunder,41300315,OKC @ SAS,L,240,35,81,0.432,6,24,0.25,13,20,0.65,8,27,35,19,6,4,11,24,89,-28,1,2014-05-29,Away
42013,1610612759,SAS,San Antonio Spurs,41300315,SAS vs. OKC,W,240,39,76,0.513,13,26,0.5,26,30,0.867,10,38,48,23,6,3,12,19,117,28,1,2014-05-29,Home
42013,1610612748,MIA,Miami Heat,41300306,MIA vs. IND,W,240,44,76,0.579,11,26,0.423,18,21,0.857,8,29,37,24,7,4,11,22,117,25,1,2014-05-30,Home
42013,1610612754,IND,Indiana Pacers,41300306,IND @ MIA,L,240,32,69,0.464,10,25,0.4,18,24,0.75,4,24,28,14,5,2,12,17,92,-25,1,2014-05-30,Away
42013,1610612760,OKC,Oklahoma City Thunder,41300316,OKC vs. SAS,L,265,35,82,0.427,8,27,0.296,29,33,0.879,7,38,45,19,9,7,20,29,107,-5,1,2014-05-31,Home
42013,1610612759,SAS,San Antonio Spurs,41300316,SAS @ OKC,W,265,38,94,0.404,11,35,0.314,25,34,0.735,16,33,49,20,15,5,14,24,112,5,1,2014-05-31,Away
42013,1610612759,SAS,San Antonio Spurs,41300401,SAS vs. MIA,W,240,40,68,0.588,13,25,0.52,17,22,0.773,5,34,39,30,8,4,23,14,110,15,1,2014-06-05,Home
42013,1610612748,MIA,Miami Heat,41300401,MIA @ SAS,L,240,37,78,0.474,12,29,0.414,9,11,0.818,7,22,29,16,14,2,18,21,95,-15,1,2014-06-05,Away
42013,1610612759,SAS,San Antonio Spurs,41300402,SAS vs. MIA,L,240,36,82,0.439,12,26,0.462,12,20,0.6,11,26,37,26,7,1,11,20,96,-2,1,2014-06-08,Home
42013,1610612748,MIA,Miami Heat,41300402,MIA @ SAS,W,240,37,70,0.529,8,19,0.421,16,21,0.762,5,33,38,16,6,3,16,20,98,2,1,2014-06-08,Away
42013,1610612748,MIA,Miami Heat,41300403,MIA vs. SAS,L,240,32,62,0.516,10,21,0.476,18,24,0.75,5,21,26,17,8,1,20,26,92,-19,1,2014-06-10,Home
42013,1610612759,SAS,San Antonio Spurs,41300403,SAS @ MIA,W,240,38,64,0.594,9,20,0.45,26,32,0.813,5,24,29,21,12,4,13,25,111,19,1,2014-06-10,Away
42013,1610612748,MIA,Miami Heat,41300404,MIA vs. SAS,L,240,32,71,0.451,9,22,0.409,13,20,0.65,6,21,27,13,7,1,13,25,86,-21,1,2014-06-12,Home
42013,1610612759,SAS,San Antonio Spurs,41300404,SAS @ MIA,W,240,40,70,0.571,9,21,0.429,18,25,0.72,12,32,44,25,8,4,14,19,107,21,1,2014-06-12,Away
42013,1610612748,MIA,Miami Heat,41300405,MIA @ SAS,L,240,30,75,0.4,7,25,0.28,20,27,0.741,5,36,41,14,5,4,12,23,87,-17,1,2014-06-15,Away
42013,1610612759,SAS,San Antonio Spurs,41300405,SAS vs. MIA,W,240,37,78,0.474,12,26,0.462,18,23,0.783,6,34,40,25,5,4,8,21,104,17,1,2014-06-15,Home
42014,1610612749,MIL,Milwaukee Bucks,41400121,MIL @ CHI,L,240,35,89,0.393,4,16,0.25,17,26,0.654,13,28,41,22,11,3,13,23,91,-12,1,2015-04-18,Away
42014,1610612740,NOP,New Orleans Pelicans,41400141,NOP @ GSW,L,240,35,83,0.422,9,22,0.409,20,25,0.8,10,34,44,24,8,5,14,28,99,-7,1,2015-04-18,Away
42014,1610612761,TOR,Toronto Raptors,41400131,TOR vs. WAS,L,265,35,92,0.38,6,29,0.207,10,14,0.714,10,38,48,21,5,4,12,21,86,-7,1,2015-04-18,Home
42014,1610612764,WAS,Washington Wizards,41400131,WAS @ TOR,W,265,39,99,0.394,6,21,0.286,9,15,0.6,19,42,61,22,6,3,11,18,93,7,1,2015-04-18,Away
42014,1610612741,CHI,Chicago Bulls,41400121,CHI vs. MIL,W,240,38,83,0.458,12,32,0.375,15,22,0.682,10,42,52,30,8,7,19,21,103,12,1,2015-04-18,Home
42014,1610612745,HOU,Houston Rockets,41400151,HOU vs. DAL,W,240,38,85,0.447,10,25,0.4,32,45,0.711,8,36,44,26,11,9,13,22,118,10,1,2015-04-18,Home
42014,1610612742,DAL,Dallas Mavericks,41400151,DAL @ HOU,L,240,44,99,0.444,6,17,0.353,14,17,0.824,14,35,49,19,5,4,17,28,108,-10,1,2015-04-18,Away
42014,1610612744,GSW,Golden State Warriors,41400141,GSW vs. NOP,W,240,37,81,0.457,11,29,0.379,21,34,0.618,10,37,47,24,11,6,15,21,106,7,1,2015-04-18,Home
42014,1610612737,ATL,Atlanta Hawks,41400101,ATL vs. BKN,W,240,34,79,0.43,10,30,0.333,21,22,0.955,6,33,39,19,11,3,14,21,99,7,1,2015-04-19,Home
42014,1610612746,LAC,Los Angeles Clippers,41400161,LAC vs. SAS,W,240,40,78,0.513,10,18,0.556,17,28,0.607,6,40,46,16,9,8,15,21,107,15,1,2015-04-19,Home
42014,1610612759,SAS,San Antonio Spurs,41400161,SAS @ LAC,L,240,34,93,0.366,10,33,0.303,14,26,0.538,17,32,49,25,9,3,15,23,92,-15,1,2015-04-19,Away
42014,1610612739,CLE,Cleveland Cavaliers,41400111,CLE vs. BOS,W,240,37,82,0.451,13,31,0.419,26,33,0.788,15,31,46,19,6,5,13,23,113,13,1,2015-04-19,Home
42014,1610612751,BKN,Brooklyn Nets,41400101,BKN @ ATL,L,240,36,79,0.456,5,20,0.25,15,22,0.682,12,35,47,18,8,0,17,19,92,-7,1,2015-04-19,Away
42014,1610612738,BOS,Boston Celtics,41400111,BOS @ CLE,L,240,37,79,0.468,8,22,0.364,18,22,0.818,7,27,34,24,7,4,14,29,100,-13,1,2015-04-19,Away
42014,1610612763,MEM,Memphis Grizzlies,41400171,MEM vs. POR,W,240,39,88,0.443,3,9,0.333,19,26,0.731,8,40,48,21,8,9,8,18,100,14,1,2015-04-19,Home
42014,1610612757,POR,Portland Trail Blazers,41400171,POR @ MEM,L,240,32,95,0.337,8,26,0.308,14,19,0.737,16,40,56,18,5,7,13,23,86,-14,1,2015-04-19,Away
42014,1610612741,CHI,Chicago Bulls,41400122,CHI vs. MIL,W,240,31,81,0.383,12,33,0.364,17,27,0.63,14,50,64,26,2,10,15,19,91,9,1,2015-04-20,Home
42014,1610612740,NOP,New Orleans Pelicans,41400142,NOP @ GSW,L,240,31,81,0.383,7,20,0.35,18,24,0.75,10,31,41,21,10,4,13,20,87,-10,1,2015-04-20,Away
42014,1610612744,GSW,Golden State Warriors,41400142,GSW vs. NOP,W,240,38,86,0.442,9,30,0.3,12,19,0.632,14,35,49,27,8,6,14,18,97,10,1,2015-04-20,Home
42014,1610612749,MIL,Milwaukee Bucks,41400122,MIL @ CHI,L,240,32,90,0.356,4,17,0.235,14,17,0.824,9,39,48,13,10,9,4,22,82,-9,1,2015-04-20,Away
42014,1610612742,DAL,Dallas Mavericks,41400152,DAL @ HOU,L,240,33,89,0.371,6,22,0.273,27,28,0.964,14,32,46,14,4,6,10,23,99,-12,1,2015-04-21,Away
42014,1610612761,TOR,Toronto Raptors,41400132,TOR vs. WAS,L,240,39,80,0.488,7,18,0.389,21,32,0.656,5,23,28,19,8,1,11,27,106,-11,1,2015-04-21,Home
42014,1610612745,HOU,Houston Rockets,41400152,HOU vs. DAL,W,240,39,88,0.443,6,20,0.3,27,35,0.771,13,36,49,25,5,5,12,23,111,12,1,2015-04-21,Home
42014,1610612738,BOS,Boston Celtics,41400112,BOS @ CLE,L,240,33,85,0.388,6,22,0.273,19,22,0.864,13,26,39,19,6,3,11,22,91,-8,1,2015-04-21,Away
42014,1610612739,CLE,Cleveland Cavaliers,41400112,CLE vs. BOS,W,240,34,76,0.447,7,29,0.241,24,26,0.923,12,35,47,18,7,10,18,22,99,8,1,2015-04-21,Home
42014,1610612764,WAS,Washington Wizards,41400132,WAS @ TOR,W,240,42,79,0.532,10,21,0.476,23,34,0.676,10,35,45,26,6,6,16,24,117,11,1,2015-04-21,Away
42014,1610612759,SAS,San Antonio Spurs,41400162,SAS @ LAC,W,265,42,91,0.462,8,25,0.32,19,26,0.731,10,38,48,26,8,6,9,31,111,4,1,2015-04-22,Away
42014,1610612746,LAC,Los Angeles Clippers,41400162,LAC vs. SAS,L,265,39,92,0.424,9,29,0.31,20,37,0.541,16,39,55,23,5,6,12,20,107,-4,1,2015-04-22,Home
42014,1610612757,POR,Portland Trail Blazers,41400172,POR @ MEM,L,240,30,77,0.39,6,20,0.3,16,18,0.889,11,31,42,11,4,8,14,13,82,-15,1,2015-04-22,Away
42014,1610612763,MEM,Memphis Grizzlies,41400172,MEM vs. POR,W,240,38,89,0.427,8,16,0.5,13,14,0.929,12,29,41,19,9,7,6,19,97,15,1,2015-04-22,Home
42014,1610612751,BKN,Brooklyn Nets,41400102,BKN @ ATL,L,240,35,78,0.449,8,26,0.308,13,18,0.722,8,41,49,23,6,5,16,21,91,-5,1,2015-04-22,Away
42014,1610612737,ATL,Atlanta Hawks,41400102,ATL vs. BKN,W,240,35,90,0.389,12,31,0.387,14,19,0.737,8,33,41,27,11,7,9,18,96,5,1,2015-04-22,Home
42014,1610612749,MIL,Milwaukee Bucks,41400123,MIL vs. CHI,L,290,43,102,0.422,6,19,0.316,14,25,0.56,17,33,50,24,11,7,12,20,106,-7,1,2015-04-23,Home
42014,1610612740,NOP,New Orleans Pelicans,41400143,NOP vs. GSW,L,265,46,90,0.511,6,21,0.286,21,26,0.808,13,34,47,25,7,8,15,28,119,-4,1,2015-04-23,Home
42014,1610612739,CLE,Cleveland Cavaliers,41400113,CLE @ BOS,W,240,38,84,0.452,12,29,0.414,15,24,0.625,11,34,45,17,9,7,11,18,103,8,1,2015-04-23,Away
42014,1610612738,BOS,Boston Celtics,41400113,BOS vs. CLE,L,240,36,82,0.439,5,19,0.263,18,21,0.857,9,36,45,20,6,5,15,23,95,-8,1,2015-04-23,Home
42014,1610612741,CHI,Chicago Bulls,41400123,CHI @ MIL,W,290,40,89,0.449,14,33,0.424,19,24,0.792,12,38,50,25,11,6,18,20,113,7,1,2015-04-23,Away
42014,1610612744,GSW,Golden State Warriors,41400143,GSW @ NOP,W,265,42,104,0.404,14,41,0.341,25,30,0.833,22,29,51,24,4,6,10,22,123,4,1,2015-04-23,Away
42014,1610612761,TOR,Toronto Raptors,41400133,TOR @ WAS,L,240,37,99,0.374,10,28,0.357,15,19,0.789,10,31,41,21,12,2,9,28,99,-7,1,2015-04-24,Away
42014,1610612742,DAL,Dallas Mavericks,41400153,DAL vs. HOU,L,240,45,86,0.523,11,29,0.379,27,35,0.771,14,29,43,27,9,6,10,28,128,-2,1,2015-04-24,Home
42014,1610612764,WAS,Washington Wizards,41400133,WAS vs. TOR,W,240,36,76,0.474,12,29,0.414,22,31,0.71,7,38,45,27,4,13,17,22,106,7,1,2015-04-24,Home
42014,1610612759,SAS,San Antonio Spurs,41400163,SAS vs. LAC,W,240,40,76,0.526,10,24,0.417,10,13,0.769,7,40,47,25,9,8,13,14,100,27,1,2015-04-24,Home
42014,1610612746,LAC,Los Angeles Clippers,41400163,LAC @ SAS,L,240,29,85,0.341,6,23,0.261,9,12,0.75,10,28,38,14,7,4,14,15,73,-27,1,2015-04-24,Away
42014,1610612745,HOU,Houston Rockets,41400153,HOU @ DAL,W,240,48,93,0.516,13,24,0.542,21,28,0.75,17,29,46,23,4,2,14,28,130,2,1,2015-04-24,Away
42014,1610612741,CHI,Chicago Bulls,41400124,CHI @ MIL,L,240,33,68,0.485,10,18,0.556,14,20,0.7,5,34,39,23,10,7,28,20,90,-2,1,2015-04-25,Away
42014,1610612744,GSW,Golden State Warriors,41400144,GSW @ NOP,W,240,40,79,0.506,13,24,0.542,16,23,0.696,10,29,39,28,6,7,10,18,109,11,1,2015-04-25,Away
42014,1610612737,ATL,Atlanta Hawks,41400103,ATL @ BKN,L,240,32,90,0.356,6,30,0.2,13,17,0.765,14,37,51,22,11,5,16,21,83,-8,1,2015-04-25,Away
42014,1610612763,MEM,Memphis Grizzlies,41400173,MEM @ POR,W,240,36,77,0.468,4,9,0.444,39,43,0.907,6,32,38,18,3,6,7,22,115,6,1,2015-04-25,Away
42014,1610612757,POR,Portland Trail Blazers,41400173,POR vs. MEM,L,240,36,77,0.468,11,27,0.407,26,31,0.839,5,30,35,23,2,4,9,31,109,-6,1,2015-04-25,Home
42014,1610612740,NOP,New Orleans Pelicans,41400144,NOP vs. GSW,L,240,40,83,0.482,5,22,0.227,13,14,0.929,10,26,36,23,5,6,12,19,98,-11,1,2015-04-25,Home
42014,1610612749,MIL,Milwaukee Bucks,41400124,MIL vs. CHI,W,240,34,87,0.391,9,22,0.409,15,22,0.682,12,22,34,25,20,6,15,21,92,2,1,2015-04-25,Home
42014,1610612751,BKN,Brooklyn Nets,41400103,BKN vs. ATL,W,240,32,83,0.386,7,22,0.318,20,25,0.8,12,40,52,24,8,2,15,17,91,8,1,2015-04-25,Home
42014,1610612746,LAC,Los Angeles Clippers,41400164,LAC @ SAS,W,240,45,84,0.536,5,18,0.278,19,26,0.731,6,37,43,24,7,6,10,24,114,9,1,2015-04-26,Away
42014,1610612764,WAS,Washington Wizards,41400134,WAS vs. TOR,W,240,41,74,0.554,15,26,0.577,28,34,0.824,8,34,42,30,10,4,14,18,125,31,2,2015-04-26,Home
42014,1610612738,BOS,Boston Celtics,41400114,BOS vs. CLE,L,240,33,85,0.388,3,23,0.13,24,37,0.649,11,34,45,17,2,3,14,33,93,-8,1,2015-04-26,Home
42014,1610612742,DAL,Dallas Mavericks,41400154,DAL vs. HOU,W,240,51,94,0.543,10,28,0.357,9,21,0.429,16,36,52,25,3,5,15,28,121,12,1,2015-04-26,Home
42014,1610612739,CLE,Cleveland Cavaliers,41400114,CLE @ BOS,W,240,31,78,0.397,7,33,0.212,32,43,0.744,10,40,50,13,9,9,8,30,101,8,1,2015-04-26,Away
42014,1610612761,TOR,Toronto Raptors,41400134,TOR @ WAS,L,240,36,82,0.439,7,25,0.28,15,20,0.75,10,27,37,17,5,2,16,24,94,-31,2,2015-04-26,Away
42014,1610612759,SAS,San Antonio Spurs,41400164,SAS vs. LAC,L,240,37,84,0.44,6,25,0.24,25,35,0.714,11,33,44,20,3,6,8,24,105,-9,1,2015-04-26,Home
42014,1610612745,HOU,Houston Rockets,41400154,HOU @ DAL,L,240,38,81,0.469,7,31,0.226,26,40,0.65,7,31,38,21,10,4,12,24,109,-12,1,2015-04-26,Away
42014,1610612741,CHI,Chicago Bulls,41400125,CHI vs. MIL,L,240,31,90,0.344,4,22,0.182,22,29,0.759,17,28,45,22,8,10,13,19,88,-6,1,2015-04-27,Home
42014,1610612751,BKN,Brooklyn Nets,41400104,BKN vs. ATL,W,265,46,96,0.479,14,31,0.452,14,21,0.667,11,29,40,25,13,5,10,19,120,5,1,2015-04-27,Home
42014,1610612757,POR,Portland Trail Blazers,41400174,POR vs. MEM,W,240,36,87,0.414,8,25,0.32,19,21,0.905,13,37,50,18,5,0,9,13,99,7,1,2015-04-27,Home
42014,1610612737,ATL,Atlanta Hawks,41400104,ATL @ BKN,L,265,46,95,0.484,13,33,0.394,10,15,0.667,18,37,55,27,7,6,18,19,115,-5,1,2015-04-27,Away
42014,1610612749,MIL,Milwaukee Bucks,41400125,MIL @ CHI,W,240,36,85,0.424,6,16,0.375,16,16,1.0,13,35,48,21,10,11,17,24,94,6,1,2015-04-27,Away
42014,1610612763,MEM,Memphis Grizzlies,41400174,MEM @ POR,L,240,36,82,0.439,7,14,0.5,13,14,0.929,7,33,40,19,6,3,9,20,92,-7,1,2015-04-27,Away
42014,1610612746,LAC,Los Angeles Clippers,41400165,LAC vs. SAS,L,240,40,86,0.465,1,14,0.071,26,42,0.619,11,35,46,22,11,5,14,27,107,-4,1,2015-04-28,Home
42014,1610612745,HOU,Houston Rockets,41400155,HOU vs. DAL,W,240,37,82,0.451,10,31,0.323,19,36,0.528,11,42,53,22,9,6,21,26,103,9,1,2015-04-28,Home
42014,1610612759,SAS,San Antonio Spurs,41400165,SAS @ LAC,W,240,36,81,0.444,11,23,0.478,28,37,0.757,12,35,47,21,4,2,16,32,111,4,1,2015-04-28,Away
42014,1610612742,DAL,Dallas Mavericks,41400155,DAL @ HOU,L,240,35,92,0.38,5,26,0.192,19,25,0.76,10,37,47,21,14,2,19,29,94,-9,1,2015-04-28,Away
42014,1610612763,MEM,Memphis Grizzlies,41400175,MEM vs. POR,W,240,37,89,0.416,1,14,0.071,24,30,0.8,15,41,56,17,10,6,11,21,99,6,1,2015-04-29,Home
42014,1610612757,POR,Portland Trail Blazers,41400175,POR @ MEM,L,240,33,82,0.402,13,33,0.394,14,19,0.737,5,33,38,13,1,7,13,23,93,-6,1,2015-04-29,Away
42014,1610612737,ATL,Atlanta Hawks,41400105,ATL vs. BKN,W,240,40,83,0.482,13,33,0.394,14,20,0.7,8,35,43,25,9,4,11,11,107,10,1,2015-04-29,Home
42014,1610612751,BKN,Brooklyn Nets,41400105,BKN @ ATL,L,240,37,78,0.474,10,22,0.455,13,15,0.867,5,30,35,20,5,5,13,21,97,-10,1,2015-04-29,Away
42014,1610612749,MIL,Milwaukee Bucks,41400126,MIL vs. CHI,L,240,25,76,0.329,4,19,0.211,12,19,0.632,9,32,41,17,3,4,18,17,66,-54,1,2015-04-30,Home
42014,1610612741,CHI,Chicago Bulls,41400126,CHI @ MIL,W,240,46,90,0.511,15,30,0.5,13,16,0.813,10,40,50,31,7,2,12,14,120,54,1,2015-04-30,Away
42014,1610612759,SAS,San Antonio Spurs,41400166,SAS vs. LAC,L,240,36,83,0.434,12,28,0.429,12,21,0.571,12,32,44,26,3,2,14,27,96,-6,1,2015-04-30,Home
42014,1610612746,LAC,Los Angeles Clippers,41400166,LAC @ SAS,W,240,38,80,0.475,4,18,0.222,22,31,0.71,10,33,43,22,7,7,10,18,102,6,1,2015-04-30,Away
42014,1610612751,BKN,Brooklyn Nets,41400106,BKN vs. ATL,L,240,31,85,0.365,7,23,0.304,18,24,0.75,9,35,44,20,5,3,15,17,87,-24,1,2015-05-01,Home
42014,1610612737,ATL,Atlanta Hawks,41400106,ATL @ BKN,W,240,43,85,0.506,13,32,0.406,12,15,0.8,6,39,45,34,11,3,12,21,111,24,1,2015-05-01,Away
42014,1610612746,LAC,Los Angeles Clippers,41400167,LAC vs. SAS,W,240,40,76,0.526,14,27,0.519,17,25,0.68,7,36,43,26,6,7,12,21,111,2,1,2015-05-02,Home
42014,1610612759,SAS,San Antonio Spurs,41400167,SAS @ LAC,L,240,43,89,0.483,10,25,0.4,13,20,0.65,13,33,46,26,7,6,10,23,109,-2,1,2015-05-02,Away
42014,1610612764,WAS,Washington Wizards,41400201,WAS @ ATL,W,240,38,91,0.418,9,25,0.36,19,22,0.864,15,39,54,18,4,4,8,19,104,6,1,2015-05-03,Away
42014,1610612737,ATL,Atlanta Hawks,41400201,ATL vs. WAS,L,240,37,98,0.378,13,38,0.342,11,14,0.786,16,36,52,27,3,6,11,18,98,-6,1,2015-05-03,Home
42014,1610612744,GSW,Golden State Warriors,41400221,GSW vs. MEM,W,240,39,77,0.506,13,28,0.464,10,15,0.667,7,32,39,26,13,2,16,20,101,15,1,2015-05-03,Home
42014,1610612763,MEM,Memphis Grizzlies,41400221,MEM @ GSW,L,240,33,73,0.452,3,12,0.25,17,22,0.773,7,30,37,24,13,0,16,16,86,-15,1,2015-05-03,Away
42014,1610612746,LAC,Los Angeles Clippers,41400231,LAC @ HOU,W,240,41,84,0.488,13,31,0.419,22,30,0.733,9,33,42,31,14,6,23,22,117,16,1,2015-05-04,Away
42014,1610612741,CHI,Chicago Bulls,41400211,CHI @ CLE,W,240,40,80,0.5,10,18,0.556,9,16,0.563,11,31,42,23,7,6,10,15,99,7,1,2015-05-04,Away
42014,1610612739,CLE,Cleveland Cavaliers,41400211,CLE vs. CHI,L,240,34,81,0.42,7,26,0.269,17,19,0.895,11,28,39,17,6,6,9,16,92,-7,1,2015-05-04,Home
42014,1610612745,HOU,Houston Rockets,41400231,HOU vs. LAC,L,240,38,84,0.452,11,33,0.333,14,24,0.583,6,29,35,24,14,8,24,25,101,-16,1,2015-05-04,Home
42014,1610612763,MEM,Memphis Grizzlies,41400222,MEM @ GSW,W,240,37,83,0.446,5,15,0.333,18,20,0.9,8,31,39,19,13,2,14,21,97,7,1,2015-05-05,Away
42014,1610612764,WAS,Washington Wizards,41400202,WAS @ ATL,L,240,35,82,0.427,12,22,0.545,8,14,0.571,7,33,40,21,9,1,16,21,90,-16,1,2015-05-05,Away
42014,1610612737,ATL,Atlanta Hawks,41400202,ATL vs. WAS,W,240,37,85,0.435,10,29,0.345,22,25,0.88,11,33,44,30,10,6,10,16,106,16,1,2015-05-05,Home
42014,1610612744,GSW,Golden State Warriors,41400222,GSW vs. MEM,L,240,31,74,0.419,6,26,0.231,22,28,0.786,9,36,45,16,6,3,20,18,90,-7,1,2015-05-05,Home
42014,1610612745,HOU,Houston Rockets,41400232,HOU vs. LAC,W,240,34,80,0.425,5,26,0.192,42,64,0.656,15,39,54,20,6,10,14,27,115,6,1,2015-05-06,Home
42014,1610612746,LAC,Los Angeles Clippers,41400232,LAC @ HOU,L,240,39,86,0.453,6,25,0.24,25,32,0.781,6,34,40,20,9,4,12,40,109,-6,1,2015-05-06,Away
42014,1610612739,CLE,Cleveland Cavaliers,41400212,CLE vs. CHI,W,240,37,83,0.446,12,26,0.462,20,29,0.69,14,31,45,19,8,4,10,23,106,15,1,2015-05-06,Home
42014,1610612741,CHI,Chicago Bulls,41400212,CHI @ CLE,L,240,32,79,0.405,7,22,0.318,20,25,0.8,11,26,37,20,7,4,12,20,91,-15,1,2015-05-06,Away
42014,1610612739,CLE,Cleveland Cavaliers,41400213,CLE @ CHI,L,240,32,82,0.39,14,34,0.412,18,19,0.947,9,30,39,23,6,9,12,24,96,-3,1,2015-05-08,Away
42014,1610612746,LAC,Los Angeles Clippers,41400233,LAC vs. HOU,W,240,46,83,0.554,13,29,0.448,19,23,0.826,12,38,50,26,12,6,18,27,124,25,1,2015-05-08,Home
42014,1610612741,CHI,Chicago Bulls,41400213,CHI vs. CLE,W,240,34,90,0.378,6,21,0.286,25,29,0.862,18,36,54,17,9,10,11,18,99,3,1,2015-05-08,Home
42014,1610612745,HOU,Houston Rockets,41400233,HOU @ LAC,L,240,35,88,0.398,11,33,0.333,18,31,0.581,16,27,43,21,8,5,15,18,99,-25,1,2015-05-08,Away
42014,1610612737,ATL,Atlanta Hawks,41400203,ATL @ WAS,L,240,36,81,0.444,7,23,0.304,22,29,0.759,8,30,38,23,10,3,11,26,101,-2,1,2015-05-09,Away
42014,1610612763,MEM,Memphis Grizzlies,41400223,MEM vs. GSW,W,240,37,82,0.451,5,16,0.313,20,23,0.87,11,33,44,21,10,2,15,26,99,10,1,2015-05-09,Home
42014,1610612764,WAS,Washington Wizards,41400203,WAS vs. ATL,W,240,37,78,0.474,10,28,0.357,19,29,0.655,9,34,43,27,5,5,15,24,103,2,1,2015-05-09,Home
42014,1610612744,GSW,Golden State Warriors,41400223,GSW @ MEM,L,240,32,74,0.432,6,26,0.231,19,28,0.679,10,29,39,20,7,7,17,23,89,-10,1,2015-05-09,Away
42014,1610612739,CLE,Cleveland Cavaliers,41400214,CLE @ CHI,W,240,29,75,0.387,5,25,0.2,23,24,0.958,6,38,44,16,4,6,15,16,86,2,1,2015-05-10,Away
42014,1610612746,LAC,Los Angeles Clippers,41400234,LAC vs. HOU,W,240,39,79,0.494,13,31,0.419,37,63,0.587,10,41,51,27,9,5,11,22,128,33,1,2015-05-10,Home
42014,1610612745,HOU,Houston Rockets,41400234,HOU @ LAC,L,240,34,83,0.41,12,28,0.429,15,30,0.5,10,37,47,20,6,1,21,40,95,-33,1,2015-05-10,Away
42014,1610612741,CHI,Chicago Bulls,41400214,CHI vs. CLE,L,240,32,89,0.36,9,21,0.429,11,12,0.917,11,29,40,12,7,6,12,19,84,-2,1,2015-05-10,Home
42014,1610612764,WAS,Washington Wizards,41400204,WAS vs. ATL,L,240,38,85,0.447,12,26,0.462,13,17,0.765,10,31,41,21,5,8,17,19,101,-5,1,2015-05-11,Home
42014,1610612763,MEM,Memphis Grizzlies,41400224,MEM vs. GSW,L,240,33,88,0.375,4,18,0.222,14,18,0.778,17,32,49,24,8,4,16,17,84,-17,1,2015-05-11,Home
42014,1610612737,ATL,Atlanta Hawks,41400204,ATL @ WAS,W,240,41,87,0.471,9,19,0.474,15,19,0.789,10,27,37,30,8,5,13,20,106,5,1,2015-05-11,Away
42014,1610612744,GSW,Golden State Warriors,41400224,GSW @ MEM,W,240,38,80,0.475,14,33,0.424,11,16,0.688,10,35,45,22,11,10,21,23,101,17,1,2015-05-11,Away
42014,1610612745,HOU,Houston Rockets,41400235,HOU vs. LAC,W,240,46,85,0.541,9,29,0.31,23,38,0.605,15,43,58,29,5,3,11,24,124,21,1,2015-05-12,Home
42014,1610612739,CLE,Cleveland Cavaliers,41400215,CLE vs. CHI,W,240,40,79,0.506,8,24,0.333,18,25,0.72,11,30,41,19,5,12,11,22,106,5,1,2015-05-12,Home
42014,1610612741,CHI,Chicago Bulls,41400215,CHI @ CLE,L,240,34,86,0.395,7,25,0.28,26,28,0.929,12,28,40,20,5,5,11,23,101,-5,1,2015-05-12,Away
42014,1610612746,LAC,Los Angeles Clippers,41400235,LAC @ HOU,L,240,38,91,0.418,9,35,0.257,18,31,0.581,13,26,39,22,6,2,7,27,103,-21,1,2015-05-12,Away
42014,1610612737,ATL,Atlanta Hawks,41400205,ATL vs. WAS,W,240,34,83,0.41,5,22,0.227,9,11,0.818,13,37,50,21,11,13,25,17,82,1,1,2015-05-13,Home
42014,1610612744,GSW,Golden State Warriors,41400225,GSW vs. MEM,W,240,38,81,0.469,14,30,0.467,8,10,0.8,14,30,44,28,9,6,17,13,98,20,1,2015-05-13,Home
42014,1610612763,MEM,Memphis Grizzlies,41400225,MEM @ GSW,L,240,33,83,0.398,4,15,0.267,8,10,0.8,13,30,43,21,8,1,16,17,78,-20,1,2015-05-13,Away
42014,1610612764,WAS,Washington Wizards,41400205,WAS @ ATL,L,240,33,88,0.375,4,17,0.235,11,16,0.688,13,33,46,20,15,5,19,17,81,-1,1,2015-05-13,Away
42014,1610612746,LAC,Los Angeles Clippers,41400236,LAC vs. HOU,L,240,38,91,0.418,7,30,0.233,24,32,0.75,4,37,41,19,8,7,8,31,107,-12,1,2015-05-14,Home
42014,1610612745,HOU,Houston Rockets,41400236,HOU @ LAC,W,240,37,87,0.425,13,32,0.406,32,47,0.681,15,45,60,19,8,5,10,22,119,12,1,2015-05-14,Away
42014,1610612739,CLE,Cleveland Cavaliers,41400216,CLE @ CHI,W,240,33,79,0.418,12,27,0.444,16,20,0.8,16,37,53,20,3,8,14,16,94,21,1,2015-05-14,Away
42014,1610612741,CHI,Chicago Bulls,41400216,CHI vs. CLE,L,240,30,80,0.375,4,20,0.2,9,10,0.9,9,23,32,17,5,6,7,18,73,-21,1,2015-05-14,Home
42014,1610612764,WAS,Washington Wizards,41400206,WAS vs. ATL,L,240,34,93,0.366,4,18,0.222,19,25,0.76,18,37,55,19,7,4,12,18,91,-3,1,2015-05-15,Home
42014,1610612763,MEM,Memphis Grizzlies,41400226,MEM vs. GSW,L,240,34,91,0.374,4,16,0.25,23,30,0.767,12,31,43,21,7,5,3,16,95,-13,1,2015-05-15,Home
42014,1610612737,ATL,Atlanta Hawks,41400206,ATL @ WAS,W,240,36,84,0.429,8,27,0.296,14,19,0.737,12,35,47,20,8,6,15,22,94,3,1,2015-05-15,Away
42014,1610612744,GSW,Golden State Warriors,41400226,GSW @ MEM,W,240,41,81,0.506,15,32,0.469,11,14,0.786,7,40,47,27,1,8,12,24,108,13,1,2015-05-15,Away
42014,1610612746,LAC,Los Angeles Clippers,41400237,LAC @ HOU,L,240,41,92,0.446,7,28,0.25,11,17,0.647,15,33,48,23,10,9,18,32,100,-13,1,2015-05-17,Away
42014,1610612745,HOU,Houston Rockets,41400237,HOU vs. LAC,W,240,35,78,0.449,12,30,0.4,31,41,0.756,4,36,40,22,11,4,17,21,113,13,1,2015-05-17,Home
42014,1610612744,GSW,Golden State Warriors,41400311,GSW vs. HOU,W,240,43,92,0.467,10,29,0.345,14,22,0.636,14,29,43,27,9,3,13,23,110,4,1,2015-05-19,Home
42014,1610612745,HOU,Houston Rockets,41400311,HOU @ GSW,L,240,40,86,0.465,8,22,0.364,18,28,0.643,14,33,47,27,8,6,16,19,106,-4,1,2015-05-19,Away
42014,1610612739,CLE,Cleveland Cavaliers,41400301,CLE @ ATL,W,240,37,84,0.44,10,26,0.385,13,20,0.65,12,37,49,20,4,4,15,19,97,8,1,2015-05-20,Away
42014,1610612737,ATL,Atlanta Hawks,41400301,ATL vs. CLE,L,240,34,77,0.442,4,23,0.174,17,23,0.739,7,30,37,19,6,3,12,21,89,-8,1,2015-05-20,Home
42014,1610612745,HOU,Houston Rockets,41400312,HOU @ GSW,L,240,39,84,0.464,7,23,0.304,13,19,0.684,11,28,39,20,10,5,11,18,98,-1,1,2015-05-21,Away
42014,1610612744,GSW,Golden State Warriors,41400312,GSW vs. HOU,W,240,41,77,0.532,8,24,0.333,9,13,0.692,7,32,39,31,7,8,17,17,99,1,1,2015-05-21,Home
42014,1610612739,CLE,Cleveland Cavaliers,41400302,CLE @ ATL,W,240,33,76,0.434,12,30,0.4,16,26,0.615,11,36,47,17,6,4,13,14,94,12,1,2015-05-22,Away
42014,1610612737,ATL,Atlanta Hawks,41400302,ATL vs. CLE,L,240,33,79,0.418,6,26,0.231,10,13,0.769,7,32,39,15,7,3,11,19,82,-12,1,2015-05-22,Home
42014,1610612744,GSW,Golden State Warriors,41400313,GSW @ HOU,W,240,44,97,0.454,11,28,0.393,16,20,0.8,17,43,60,26,9,6,14,27,115,35,1,2015-05-23,Away
42014,1610612745,HOU,Houston Rockets,41400313,HOU vs. GSW,L,240,28,83,0.337,5,25,0.2,19,31,0.613,9,30,39,15,7,4,15,19,80,-35,1,2015-05-23,Home
42014,1610612739,CLE,Cleveland Cavaliers,41400303,CLE vs. ATL,W,265,40,97,0.412,14,36,0.389,20,29,0.69,19,37,56,24,3,6,13,24,114,3,1,2015-05-24,Home
42014,1610612737,ATL,Atlanta Hawks,41400303,ATL @ CLE,L,265,36,88,0.409,11,30,0.367,28,32,0.875,6,36,42,20,9,3,7,25,111,-3,1,2015-05-24,Away
42014,1610612744,GSW,Golden State Warriors,41400314,GSW @ HOU,L,240,44,97,0.454,20,46,0.435,7,13,0.538,10,37,47,26,9,9,15,29,115,-13,1,2015-05-25,Away
42014,1610612745,HOU,Houston Rockets,41400314,HOU vs. GSW,W,240,43,76,0.566,17,32,0.531,25,43,0.581,4,42,46,22,8,10,17,16,128,13,1,2015-05-25,Home
42014,1610612739,CLE,Cleveland Cavaliers,41400304,CLE vs. ATL,W,240,43,87,0.494,13,31,0.419,19,30,0.633,13,43,56,23,5,7,10,18,118,30,1,2015-05-26,Home
42014,1610612737,ATL,Atlanta Hawks,41400304,ATL @ CLE,L,240,36,85,0.424,5,32,0.156,11,18,0.611,7,32,39,22,4,3,8,20,88,-30,1,2015-05-26,Away
42014,1610612745,HOU,Houston Rockets,41400315,HOU @ GSW,L,240,26,74,0.351,5,24,0.208,33,44,0.75,10,29,39,16,12,6,20,26,90,-14,1,2015-05-27,Away
42014,1610612744,GSW,Golden State Warriors,41400315,GSW vs. HOU,W,240,37,91,0.407,9,29,0.31,21,31,0.677,19,40,59,25,10,4,18,30,104,14,1,2015-05-27,Home
42014,1610612739,CLE,Cleveland Cavaliers,41400401,CLE @ GSW,L,265,39,94,0.415,9,31,0.29,13,19,0.684,13,32,45,19,10,5,12,20,100,-8,1,2015-06-04,Away
42014,1610612744,GSW,Golden State Warriors,41400401,GSW vs. CLE,W,265,39,88,0.443,10,27,0.37,20,22,0.909,11,37,48,24,8,5,12,16,108,8,1,2015-06-04,Home
42014,1610612744,GSW,Golden State Warriors,41400402,GSW vs. CLE,L,265,33,83,0.398,8,35,0.229,19,25,0.76,10,35,45,16,11,7,19,31,93,-2,1,2015-06-07,Home
42014,1610612739,CLE,Cleveland Cavaliers,41400402,CLE @ GSW,W,265,29,90,0.322,9,27,0.333,28,40,0.7,14,41,55,14,11,3,17,24,95,2,1,2015-06-07,Away
42014,1610612744,GSW,Golden State Warriors,41400403,GSW @ CLE,L,240,36,90,0.4,12,34,0.353,7,12,0.583,18,28,46,21,6,7,14,25,91,-5,1,2015-06-09,Away
42014,1610612739,CLE,Cleveland Cavaliers,41400403,CLE vs. GSW,W,240,35,76,0.461,9,21,0.429,17,24,0.708,6,37,43,15,9,8,16,16,96,5,1,2015-06-09,Home
42014,1610612744,GSW,Golden State Warriors,41400404,GSW @ CLE,W,240,36,77,0.468,12,30,0.4,19,27,0.704,6,38,44,24,5,5,7,21,103,21,1,2015-06-11,Away
42014,1610612739,CLE,Cleveland Cavaliers,41400404,CLE vs. GSW,L,240,29,88,0.33,4,27,0.148,20,28,0.714,16,33,49,16,2,3,9,19,82,-21,1,2015-06-11,Home
42014,1610612744,GSW,Golden State Warriors,41400405,GSW vs. CLE,W,240,36,75,0.48,12,26,0.462,20,34,0.588,11,32,43,25,7,2,17,25,104,13,1,2015-06-14,Home
42014,1610612739,CLE,Cleveland Cavaliers,41400405,CLE @ GSW,L,240,32,81,0.395,12,35,0.343,15,21,0.714,10,27,37,17,10,4,14,28,91,-13,1,2015-06-14,Away
42014,1610612739,CLE,Cleveland Cavaliers,41400406,CLE vs. GSW,L,240,32,82,0.39,6,26,0.231,27,39,0.692,16,40,56,14,3,7,19,26,97,-8,1,2015-06-16,Home
42014,1610612744,GSW,Golden State Warriors,41400406,GSW @ CLE,W,240,37,85,0.435,13,34,0.382,18,29,0.621,7,32,39,28,11,4,9,27,105,8,1,2015-06-16,Away
42015,1610612742,DAL,Dallas Mavericks,41500161,DAL @ OKC,L,240,25,84,0.298,4,18,0.222,16,26,0.615,9,24,33,16,5,0,13,25,70,-38,1,2016-04-16,Away
42015,1610612761,TOR,Toronto Raptors,41500111,TOR vs. IND,L,240,30,79,0.38,4,19,0.211,26,38,0.684,20,32,52,17,6,5,20,27,90,-10,1,2016-04-16,Home
42015,1610612744,GSW,Golden State Warriors,41500141,GSW vs. HOU,W,240,39,91,0.429,10,25,0.4,16,24,0.667,15,38,53,26,10,7,18,22,104,26,1,2016-04-16,Home
42015,1610612760,OKC,Oklahoma City Thunder,41500161,OKC vs. DAL,W,240,36,80,0.45,12,35,0.343,24,28,0.857,14,42,56,23,7,6,18,25,108,38,1,2016-04-16,Home
42015,1610612737,ATL,Atlanta Hawks,41500131,ATL vs. BOS,W,240,35,86,0.407,5,26,0.192,27,35,0.771,13,40,53,23,4,9,12,20,102,1,1,2016-04-16,Home
42015,1610612754,IND,Indiana Pacers,41500111,IND @ TOR,W,240,34,79,0.43,11,21,0.524,21,29,0.724,9,29,38,19,11,8,13,25,100,10,1,2016-04-16,Away
42015,1610612745,HOU,Houston Rockets,41500141,HOU @ GSW,L,240,30,84,0.357,6,22,0.273,12,24,0.5,13,38,51,16,10,6,24,28,78,-26,1,2016-04-16,Away
42015,1610612738,BOS,Boston Celtics,41500131,BOS @ ATL,L,240,37,102,0.363,11,35,0.314,16,19,0.842,15,35,50,27,6,6,10,32,101,-1,1,2016-04-16,Away
42015,1610612759,SAS,San Antonio Spurs,41500151,SAS vs. MEM,W,240,42,81,0.519,10,22,0.455,12,13,0.923,9,35,44,22,13,9,13,11,106,32,1,2016-04-17,Home
42015,1610612748,MIA,Miami Heat,41500121,MIA vs. CHA,W,240,49,85,0.576,9,18,0.5,16,21,0.762,14,28,42,27,7,4,6,24,123,32,1,2016-04-17,Home
42015,1610612763,MEM,Memphis Grizzlies,41500151,MEM @ SAS,L,240,31,79,0.392,8,18,0.444,4,6,0.667,10,25,35,17,7,5,17,16,74,-32,1,2016-04-17,Away
42015,1610612739,CLE,Cleveland Cavaliers,41500101,CLE vs. DET,W,240,39,88,0.443,12,35,0.343,16,21,0.762,12,28,40,25,7,4,5,18,106,5,1,2016-04-17,Home
42015,1610612765,DET,Detroit Pistons,41500101,DET @ CLE,L,240,37,73,0.507,15,29,0.517,12,16,0.75,5,32,37,24,4,2,12,21,101,-5,1,2016-04-17,Away
42015,1610612766,CHA,Charlotte Hornets,41500121,CHA @ MIA,L,240,28,65,0.431,6,17,0.353,29,37,0.784,7,21,28,11,5,2,11,17,91,-32,1,2016-04-17,Away
42015,1610612746,LAC,LA Clippers,41500171,LAC vs. POR,W,240,42,78,0.538,6,17,0.353,25,39,0.641,11,37,48,23,7,7,10,23,115,20,1,2016-04-17,Home
42015,1610612757,POR,Portland Trail Blazers,41500171,POR @ LAC,L,240,33,83,0.398,10,30,0.333,19,26,0.731,10,30,40,23,6,2,12,28,95,-20,1,2016-04-17,Away
42015,1610612754,IND,Indiana Pacers,41500112,IND @ TOR,L,240,29,70,0.414,4,20,0.2,25,30,0.833,6,27,33,13,7,3,13,23,87,-11,1,2016-04-18,Away
42015,1610612760,OKC,Oklahoma City Thunder,41500162,OKC vs. DAL,L,240,31,92,0.337,7,32,0.219,15,18,0.833,19,35,54,11,9,4,15,19,84,-1,1,2016-04-18,Home
42015,1610612744,GSW,Golden State Warriors,41500142,GSW vs. HOU,W,240,40,81,0.494,8,23,0.348,27,38,0.711,13,26,39,27,10,6,13,24,115,9,1,2016-04-18,Home
42015,1610612745,HOU,Houston Rockets,41500142,HOU @ GSW,L,240,35,79,0.443,10,25,0.4,26,33,0.788,12,25,37,21,4,5,19,34,106,-9,1,2016-04-18,Away
42015,1610612742,DAL,Dallas Mavericks,41500162,DAL @ OKC,W,240,35,82,0.427,5,19,0.263,10,19,0.526,11,34,45,14,8,4,13,17,85,1,1,2016-04-18,Away
42015,1610612761,TOR,Toronto Raptors,41500112,TOR vs. IND,W,240,35,80,0.438,5,18,0.278,23,25,0.92,12,32,44,19,8,5,13,25,98,11,1,2016-04-18,Home
42015,1610612759,SAS,San Antonio Spurs,41500152,SAS vs. MEM,W,240,31,66,0.47,9,17,0.529,23,28,0.821,3,41,44,19,8,10,19,18,94,26,1,2016-04-19,Home
42015,1610612763,MEM,Memphis Grizzlies,41500152,MEM @ SAS,L,240,28,86,0.326,2,15,0.133,10,18,0.556,16,28,44,14,14,2,14,24,68,-26,1,2016-04-19,Away
42015,1610612737,ATL,Atlanta Hawks,41500132,ATL vs. BOS,W,240,32,82,0.39,11,29,0.379,14,16,0.875,3,46,49,20,7,15,16,16,89,17,1,2016-04-19,Home
42015,1610612738,BOS,Boston Celtics,41500132,BOS @ ATL,L,240,28,88,0.318,5,28,0.179,11,12,0.917,10,33,43,16,5,10,16,15,72,-17,1,2016-04-19,Away
42015,1610612739,CLE,Cleveland Cavaliers,41500102,CLE vs. DET,W,240,40,80,0.5,20,38,0.526,7,14,0.5,6,31,37,23,7,1,13,24,107,17,1,2016-04-20,Home
42015,1610612757,POR,Portland Trail Blazers,41500172,POR @ LAC,L,240,31,91,0.341,5,26,0.192,14,16,0.875,15,37,52,20,6,3,11,20,81,-21,1,2016-04-20,Away
42015,1610612766,CHA,Charlotte Hornets,41500122,CHA @ MIA,L,240,38,89,0.427,1,16,0.063,26,33,0.788,15,24,39,9,3,1,8,16,103,-12,1,2016-04-20,Away
42015,1610612748,MIA,Miami Heat,41500122,MIA vs. CHA,W,240,44,76,0.579,9,16,0.563,18,22,0.818,3,32,35,19,6,6,11,25,115,12,1,2016-04-20,Home
42015,1610612746,LAC,LA Clippers,41500172,LAC vs. POR,W,240,40,87,0.46,8,21,0.381,14,25,0.56,12,40,52,20,7,9,10,18,102,21,1,2016-04-20,Home
42015,1610612765,DET,Detroit Pistons,41500102,DET @ CLE,L,240,34,78,0.436,4,17,0.235,18,32,0.563,11,29,40,19,7,4,13,18,90,-17,1,2016-04-20,Away
42015,1610612742,DAL,Dallas Mavericks,41500163,DAL vs. OKC,L,240,36,76,0.474,6,23,0.261,24,35,0.686,6,23,29,24,9,3,12,27,102,-29,1,2016-04-21,Home
42015,1610612754,IND,Indiana Pacers,41500113,IND vs. TOR,L,240,26,68,0.382,6,22,0.273,27,33,0.818,9,29,38,16,3,6,17,18,85,-16,1,2016-04-21,Home
42015,1610612761,TOR,Toronto Raptors,41500113,TOR @ IND,W,240,39,94,0.415,10,31,0.323,13,16,0.813,15,30,45,18,6,4,11,27,101,16,1,2016-04-21,Away
42015,1610612744,GSW,Golden State Warriors,41500143,GSW @ HOU,L,240,34,79,0.43,6,25,0.24,22,29,0.759,8,35,43,23,6,6,14,23,96,-1,1,2016-04-21,Away
42015,1610612760,OKC,Oklahoma City Thunder,41500163,OKC @ DAL,W,240,45,78,0.577,15,27,0.556,26,35,0.743,9,33,42,28,10,5,14,27,131,29,1,2016-04-21,Away
42015,1610612745,HOU,Houston Rockets,41500143,HOU vs. GSW,W,240,36,92,0.391,11,36,0.306,14,23,0.609,16,36,52,18,9,4,16,24,97,1,1,2016-04-21,Home
42015,1610612738,BOS,Boston Celtics,41500133,BOS vs. ATL,W,240,38,82,0.463,11,32,0.344,24,33,0.727,7,37,44,23,10,6,16,20,111,8,1,2016-04-22,Home
42015,1610612737,ATL,Atlanta Hawks,41500133,ATL @ BOS,L,240,38,86,0.442,9,36,0.25,18,21,0.857,7,34,41,19,10,7,14,24,103,-8,1,2016-04-22,Away
42015,1610612739,CLE,Cleveland Cavaliers,41500103,CLE @ DET,W,240,39,80,0.488,12,29,0.414,11,15,0.733,12,34,46,24,3,4,10,17,101,10,1,2016-04-22,Away
42015,1610612759,SAS,San Antonio Spurs,41500153,SAS @ MEM,W,240,35,77,0.455,12,26,0.462,14,19,0.737,7,32,39,24,10,12,11,20,96,9,1,2016-04-22,Away
42015,1610612765,DET,Detroit Pistons,41500103,DET vs. CLE,L,240,36,74,0.486,6,23,0.261,13,19,0.684,5,27,32,22,7,3,8,19,91,-10,1,2016-04-22,Home
42015,1610612763,MEM,Memphis Grizzlies,41500153,MEM vs. SAS,L,240,34,82,0.415,4,18,0.222,15,19,0.789,15,33,48,17,4,4,14,17,87,-9,1,2016-04-22,Home
42015,1610612742,DAL,Dallas Mavericks,41500164,DAL vs. OKC,L,240,43,83,0.518,8,23,0.348,14,17,0.824,7,26,33,25,3,2,12,27,108,-11,1,2016-04-23,Home
42015,1610612760,OKC,Oklahoma City Thunder,41500164,OKC @ DAL,W,240,44,83,0.53,7,16,0.438,24,34,0.706,12,30,42,26,6,3,9,19,119,11,1,2016-04-23,Away
42015,1610612746,LAC,LA Clippers,41500173,LAC @ POR,L,240,36,88,0.409,3,18,0.167,13,23,0.565,11,33,44,15,11,4,10,17,88,-8,1,2016-04-23,Away
42015,1610612748,MIA,Miami Heat,41500123,MIA @ CHA,L,240,27,79,0.342,7,22,0.318,19,30,0.633,12,41,53,13,1,8,15,20,80,-16,1,2016-04-23,Away
42015,1610612754,IND,Indiana Pacers,41500114,IND vs. TOR,W,240,40,85,0.471,6,16,0.375,14,18,0.778,15,28,43,24,10,5,13,22,100,17,1,2016-04-23,Home
42015,1610612766,CHA,Charlotte Hornets,41500123,CHA vs. MIA,W,240,35,90,0.389,5,18,0.278,21,22,0.955,9,38,47,18,5,4,4,24,96,16,1,2016-04-23,Home
42015,1610612757,POR,Portland Trail Blazers,41500173,POR vs. LAC,W,240,37,87,0.425,6,25,0.24,16,23,0.696,16,40,56,15,5,3,16,24,96,8,1,2016-04-23,Home
42015,1610612761,TOR,Toronto Raptors,41500114,TOR @ IND,L,240,27,74,0.365,8,30,0.267,21,30,0.7,11,29,40,12,8,3,19,20,83,-17,1,2016-04-23,Away
42015,1610612759,SAS,San Antonio Spurs,41500154,SAS @ MEM,W,240,40,81,0.494,10,22,0.455,26,31,0.839,13,28,41,21,8,6,12,21,116,21,1,2016-04-24,Away
42015,1610612745,HOU,Houston Rockets,41500144,HOU vs. GSW,L,240,33,78,0.423,5,27,0.185,23,38,0.605,9,35,44,18,11,3,18,20,94,-27,1,2016-04-24,Home
42015,1610612763,MEM,Memphis Grizzlies,41500154,MEM vs. SAS,L,240,35,78,0.449,5,13,0.385,20,27,0.741,14,23,37,18,6,5,17,29,95,-21,1,2016-04-24,Home
42015,1610612765,DET,Detroit Pistons,41500104,DET vs. CLE,L,240,37,76,0.487,10,24,0.417,14,21,0.667,7,35,42,22,3,4,9,18,98,-2,1,2016-04-24,Home
42015,1610612738,BOS,Boston Celtics,41500134,BOS vs. ATL,W,265,40,94,0.426,11,33,0.333,13,19,0.684,12,40,52,25,7,7,14,19,104,9,1,2016-04-24,Home
42015,1610612739,CLE,Cleveland Cavaliers,41500104,CLE @ DET,W,240,36,86,0.419,13,36,0.361,15,17,0.882,10,31,41,16,6,1,6,22,100,2,1,2016-04-24,Away
42015,1610612744,GSW,Golden State Warriors,41500144,GSW @ HOU,W,240,46,89,0.517,21,40,0.525,8,16,0.5,7,36,43,38,10,2,16,26,121,27,1,2016-04-24,Away
42015,1610612737,ATL,Atlanta Hawks,41500134,ATL @ BOS,L,265,37,99,0.374,12,42,0.286,9,13,0.692,12,37,49,18,8,6,15,20,95,-9,1,2016-04-24,Away
42015,1610612746,LAC,LA Clippers,41500174,LAC @ POR,L,240,30,84,0.357,7,25,0.28,17,28,0.607,10,32,42,16,10,4,9,17,84,-14,1,2016-04-25,Away
42015,1610612748,MIA,Miami Heat,41500124,MIA @ CHA,L,240,30,76,0.395,11,29,0.379,14,21,0.667,10,36,46,20,2,8,17,26,85,-4,1,2016-04-25,Away
42015,1610612757,POR,Portland Trail Blazers,41500174,POR vs. LAC,W,240,36,88,0.409,13,31,0.419,13,15,0.867,16,42,58,27,5,7,17,25,98,14,1,2016-04-25,Home
42015,1610612742,DAL,Dallas Mavericks,41500165,DAL @ OKC,L,240,38,81,0.469,8,24,0.333,20,24,0.833,13,22,35,24,5,3,9,24,104,-14,1,2016-04-25,Away
42015,1610612766,CHA,Charlotte Hornets,41500124,CHA vs. MIA,W,240,30,75,0.4,4,16,0.25,25,30,0.833,6,30,36,10,7,7,10,20,89,4,1,2016-04-25,Home
42015,1610612760,OKC,Oklahoma City Thunder,41500165,OKC vs. DAL,W,240,41,81,0.506,10,30,0.333,26,32,0.813,14,28,42,19,6,5,9,22,118,14,1,2016-04-25,Home
42015,1610612738,BOS,Boston Celtics,41500135,BOS @ ATL,L,240,29,77,0.377,7,29,0.241,18,25,0.72,10,34,44,19,5,6,20,17,83,-27,1,2016-04-26,Away
42015,1610612761,TOR,Toronto Raptors,41500115,TOR vs. IND,W,240,33,82,0.402,6,26,0.231,30,35,0.857,12,29,41,12,9,3,8,18,102,3,1,2016-04-26,Home
42015,1610612737,ATL,Atlanta Hawks,41500135,ATL vs. BOS,W,240,42,96,0.438,14,35,0.4,12,16,0.75,13,38,51,30,13,3,12,17,110,27,1,2016-04-26,Home
42015,1610612754,IND,Indiana Pacers,41500115,IND @ TOR,L,240,33,73,0.452,13,29,0.448,20,23,0.87,8,33,41,22,5,5,16,26,99,-3,1,2016-04-26,Away
42015,1610612745,HOU,Houston Rockets,41500145,HOU @ GSW,L,240,31,95,0.326,6,32,0.188,13,19,0.684,22,31,53,17,8,3,18,22,81,-33,0,2016-04-27,Away
42015,1610612746,LAC,LA Clippers,41500175,LAC vs. POR,L,240,36,86,0.419,6,20,0.3,20,30,0.667,8,37,45,20,8,3,10,24,98,-10,0,2016-04-27,Home
42015,1610612748,MIA,Miami Heat,41500125,MIA vs. CHA,L,240,34,81,0.42,5,18,0.278,15,19,0.789,6,44,50,17,7,6,14,16,88,-2,1,2016-04-27,Home
42015,1610612766,CHA,Charlotte Hornets,41500125,CHA @ MIA,W,240,33,84,0.393,12,24,0.5,12,15,0.8,5,36,41,21,8,3,12,14,90,2,1,2016-04-27,Away
42015,1610612744,GSW,Golden State Warriors,41500145,GSW vs. HOU,W,240,45,82,0.549,13,31,0.419,11,19,0.579,6,34,40,30,10,6,10,16,114,33,0,2016-04-27,Home
42015,1610612757,POR,Portland Trail Blazers,41500175,POR @ LAC,W,240,37,83,0.446,12,34,0.353,22,34,0.647,9,44,53,22,8,4,10,23,108,10,0,2016-04-27,Away
42015,1610612738,BOS,Boston Celtics,41500136,BOS vs. ATL,L,240,34,94,0.362,7,32,0.219,17,18,0.944,10,33,43,16,5,4,12,29,92,-12,1,2016-04-28,Home
42015,1610612737,ATL,Atlanta Hawks,41500136,ATL @ BOS,W,240,38,74,0.514,8,24,0.333,20,27,0.741,3,39,42,26,6,12,20,23,104,12,1,2016-04-28,Away
42015,1610612757,POR,Portland Trail Blazers,41500176,POR vs. LAC,W,240,38,86,0.442,14,32,0.438,16,24,0.667,18,28,46,21,4,2,13,23,106,3,1,2016-04-29,Home
42015,1610612766,CHA,Charlotte Hornets,41500126,CHA vs. MIA,L,240,32,76,0.421,5,17,0.294,21,25,0.84,5,26,31,12,8,5,11,17,90,-7,1,2016-04-29,Home
42015,1610612754,IND,Indiana Pacers,41500116,IND vs. TOR,W,240,35,76,0.461,8,22,0.364,23,26,0.885,12,32,44,21,12,7,14,25,101,18,1,2016-04-29,Home
42015,1610612748,MIA,Miami Heat,41500126,MIA @ CHA,W,240,38,83,0.458,8,16,0.5,13,15,0.867,11,35,46,14,4,10,13,24,97,7,1,2016-04-29,Away
42015,1610612746,LAC,LA Clippers,41500176,LAC @ POR,L,240,39,87,0.448,4,16,0.25,21,31,0.677,16,30,46,15,8,1,9,24,103,-3,1,2016-04-29,Away
42015,1610612761,TOR,Toronto Raptors,41500116,TOR @ IND,L,240,29,79,0.367,9,29,0.31,16,25,0.64,15,25,40,14,9,5,17,23,83,-18,1,2016-04-29,Away
42015,1610612760,OKC,Oklahoma City Thunder,41500231,OKC @ SAS,L,240,35,85,0.412,6,23,0.261,16,21,0.762,11,27,38,23,6,2,10,13,92,-32,1,2016-04-30,Away
42015,1610612759,SAS,San Antonio Spurs,41500231,SAS vs. OKC,W,240,51,84,0.607,9,15,0.6,13,18,0.722,5,38,43,39,5,10,9,16,124,32,1,2016-04-30,Home
42015,1610612766,CHA,Charlotte Hornets,41500127,CHA @ MIA,L,240,27,84,0.321,7,22,0.318,12,12,1.0,3,33,36,14,4,1,10,14,73,-33,1,2016-05-01,Away
42015,1610612744,GSW,Golden State Warriors,41500221,GSW vs. POR,W,240,43,91,0.473,11,31,0.355,21,24,0.875,16,39,55,27,8,8,12,22,118,12,1,2016-05-01,Home
42015,1610612757,POR,Portland Trail Blazers,41500221,POR @ GSW,L,240,39,97,0.402,10,31,0.323,18,21,0.857,10,30,40,26,7,6,9,19,106,-12,1,2016-05-01,Away
42015,1610612761,TOR,Toronto Raptors,41500117,TOR vs. IND,W,240,34,89,0.382,8,24,0.333,13,17,0.765,18,31,49,21,7,7,9,12,89,5,1,2016-05-01,Home
42015,1610612748,MIA,Miami Heat,41500127,MIA vs. CHA,W,240,43,89,0.483,9,24,0.375,11,16,0.688,10,48,58,24,2,8,9,16,106,33,1,2016-05-01,Home
42015,1610612754,IND,Indiana Pacers,41500117,IND @ TOR,L,240,34,73,0.466,9,19,0.474,7,8,0.875,5,33,38,12,5,5,15,17,84,-5,1,2016-05-01,Away
42015,1610612739,CLE,Cleveland Cavaliers,41500201,CLE vs. ATL,W,240,37,83,0.446,15,31,0.484,15,21,0.714,10,34,44,27,9,7,8,20,104,11,1,2016-05-02,Home
42015,1610612760,OKC,Oklahoma City Thunder,41500232,OKC @ SAS,W,240,38,79,0.481,5,19,0.263,17,21,0.81,9,39,48,16,8,8,18,19,98,1,1,2016-05-02,Away
42015,1610612759,SAS,San Antonio Spurs,41500232,SAS vs. OKC,L,240,40,94,0.426,6,23,0.261,11,13,0.846,9,28,37,19,10,6,10,16,97,-1,1,2016-05-02,Home
42015,1610612737,ATL,Atlanta Hawks,41500201,ATL @ CLE,L,240,33,87,0.379,11,34,0.324,16,21,0.762,15,33,48,21,6,7,12,22,93,-11,1,2016-05-02,Away
42015,1610612748,MIA,Miami Heat,41500211,MIA @ TOR,W,265,40,89,0.449,8,11,0.727,14,21,0.667,11,41,52,12,12,4,20,17,102,6,1,2016-05-03,Away
42015,1610612757,POR,Portland Trail Blazers,41500222,POR @ GSW,L,240,36,81,0.444,13,30,0.433,14,21,0.667,6,33,39,22,5,5,17,25,99,-11,1,2016-05-03,Away
42015,1610612761,TOR,Toronto Raptors,41500211,TOR vs. MIA,L,265,40,89,0.449,5,21,0.238,11,15,0.733,4,37,41,19,10,6,15,25,96,-6,1,2016-05-03,Home
42015,1610612744,GSW,Golden State Warriors,41500222,GSW vs. POR,W,240,42,91,0.462,8,24,0.333,18,20,0.9,10,38,48,21,4,9,10,23,110,11,1,2016-05-03,Home
42015,1610612739,CLE,Cleveland Cavaliers,41500202,CLE vs. ATL,W,240,41,87,0.471,25,45,0.556,16,23,0.696,12,31,43,27,8,1,10,22,123,25,1,2016-05-04,Home
42015,1610612737,ATL,Atlanta Hawks,41500202,ATL @ CLE,L,240,30,71,0.423,11,27,0.407,27,30,0.9,8,32,40,18,3,3,16,23,98,-25,1,2016-05-04,Away
42015,1610612748,MIA,Miami Heat,41500212,MIA @ TOR,L,265,39,79,0.494,5,14,0.357,9,13,0.692,9,36,45,14,6,7,21,21,92,-4,1,2016-05-05,Away
42015,1610612761,TOR,Toronto Raptors,41500212,TOR vs. MIA,W,265,39,93,0.419,4,18,0.222,14,26,0.538,13,26,39,14,15,1,10,21,96,4,1,2016-05-05,Home
42015,1610612739,CLE,Cleveland Cavaliers,41500203,CLE @ ATL,W,240,42,85,0.494,21,39,0.538,16,27,0.593,18,37,55,26,9,1,20,21,121,13,1,2016-05-06,Away
42015,1610612737,ATL,Atlanta Hawks,41500203,ATL vs. CLE,L,240,41,84,0.488,16,34,0.471,10,12,0.833,6,22,28,29,8,7,14,21,108,-13,1,2016-05-06,Home
42015,1610612759,SAS,San Antonio Spurs,41500233,SAS @ OKC,W,240,33,76,0.434,10,19,0.526,24,34,0.706,4,33,37,19,8,6,10,19,100,4,1,2016-05-06,Away
42015,1610612760,OKC,Oklahoma City Thunder,41500233,OKC vs. SAS,L,240,34,82,0.415,10,30,0.333,18,20,0.9,11,31,42,14,5,5,14,23,96,-4,1,2016-05-06,Home
42015,1610612757,POR,Portland Trail Blazers,41500223,POR vs. GSW,W,240,40,86,0.465,17,30,0.567,23,29,0.793,11,30,41,19,5,4,10,19,120,12,1,2016-05-07,Home
42015,1610612748,MIA,Miami Heat,41500213,MIA vs. TOR,L,240,33,77,0.429,4,18,0.222,21,24,0.875,8,30,38,11,8,2,10,24,91,-4,1,2016-05-07,Home
42015,1610612744,GSW,Golden State Warriors,41500223,GSW @ POR,L,240,42,88,0.477,14,29,0.483,10,17,0.588,11,31,42,29,4,6,12,20,108,-12,1,2016-05-07,Away
42015,1610612761,TOR,Toronto Raptors,41500213,TOR @ MIA,W,240,33,70,0.471,8,18,0.444,21,28,0.75,6,29,35,16,5,0,13,22,95,4,1,2016-05-07,Away
42015,1610612760,OKC,Oklahoma City Thunder,41500234,OKC vs. SAS,W,240,40,79,0.506,9,23,0.391,22,29,0.759,10,30,40,23,6,3,14,18,111,14,1,2016-05-08,Home
42015,1610612737,ATL,Atlanta Hawks,41500204,ATL vs. CLE,L,240,40,83,0.482,9,31,0.29,10,14,0.714,9,33,42,22,10,7,13,16,99,-1,1,2016-05-08,Home
42015,1610612759,SAS,San Antonio Spurs,41500234,SAS @ OKC,L,240,40,85,0.471,2,12,0.167,15,16,0.938,9,25,34,12,11,2,14,21,97,-14,1,2016-05-08,Away
42015,1610612739,CLE,Cleveland Cavaliers,41500204,CLE @ ATL,W,240,38,88,0.432,16,37,0.432,8,13,0.615,14,27,41,23,6,7,15,14,100,1,1,2016-05-08,Away
42015,1610612761,TOR,Toronto Raptors,41500214,TOR @ MIA,L,265,33,84,0.393,6,20,0.3,15,19,0.789,7,32,39,12,7,2,18,23,87,-7,1,2016-05-09,Away
42015,1610612748,MIA,Miami Heat,41500214,MIA vs. TOR,W,265,36,80,0.45,1,15,0.067,21,25,0.84,6,33,39,15,9,5,12,15,94,7,1,2016-05-09,Home
42015,1610612744,GSW,Golden State Warriors,41500224,GSW @ POR,W,265,44,95,0.463,17,40,0.425,27,33,0.818,10,39,49,22,13,10,14,27,132,7,1,2016-05-09,Away
42015,1610612757,POR,Portland Trail Blazers,41500224,POR vs. GSW,L,265,43,106,0.406,15,39,0.385,24,33,0.727,18,34,52,22,8,3,18,29,125,-7,1,2016-05-09,Home
42015,1610612760,OKC,Oklahoma City Thunder,41500235,OKC @ SAS,W,240,34,78,0.436,7,20,0.35,20,26,0.769,15,39,54,18,6,6,20,22,95,4,1,2016-05-10,Away
42015,1610612759,SAS,San Antonio Spurs,41500235,SAS vs. OKC,L,240,35,88,0.398,8,18,0.444,13,17,0.765,10,26,36,19,11,6,8,19,91,-4,1,2016-05-10,Home
42015,1610612757,POR,Portland Trail Blazers,41500225,POR @ GSW,L,240,38,92,0.413,16,36,0.444,29,39,0.744,13,34,47,20,9,4,11,23,121,-4,1,2016-05-11,Away
42015,1610612761,TOR,Toronto Raptors,41500215,TOR vs. MIA,W,240,35,81,0.432,7,17,0.412,22,26,0.846,11,28,39,16,10,7,9,20,99,8,1,2016-05-11,Home
42015,1610612744,GSW,Golden State Warriors,41500225,GSW vs. POR,W,240,43,84,0.512,14,32,0.438,25,29,0.862,9,35,44,28,5,4,16,25,125,4,1,2016-05-11,Home
42015,1610612748,MIA,Miami Heat,41500215,MIA @ TOR,L,240,31,77,0.403,6,21,0.286,23,28,0.821,13,31,44,12,4,2,15,22,91,-8,1,2016-05-11,Away
42015,1610612759,SAS,San Antonio Spurs,41500236,SAS @ OKC,L,240,40,93,0.43,6,17,0.353,13,16,0.813,10,30,40,19,7,3,10,21,99,-14,1,2016-05-12,Away
42015,1610612760,OKC,Oklahoma City Thunder,41500236,OKC vs. SAS,W,240,40,85,0.471,6,22,0.273,27,31,0.871,14,36,50,21,7,7,12,18,113,14,1,2016-05-12,Home
42015,1610612761,TOR,Toronto Raptors,41500216,TOR @ MIA,L,240,34,82,0.415,4,16,0.25,19,25,0.76,8,35,43,10,4,4,10,18,91,-12,1,2016-05-13,Away
42015,1610612748,MIA,Miami Heat,41500216,MIA vs. TOR,W,240,40,84,0.476,7,21,0.333,16,20,0.8,7,34,41,15,2,6,7,18,103,12,1,2016-05-13,Home
42015,1610612761,TOR,Toronto Raptors,41500217,TOR vs. MIA,W,240,39,85,0.459,9,20,0.45,29,43,0.674,20,30,50,17,8,4,11,23,116,27,1,2016-05-15,Home
42015,1610612748,MIA,Miami Heat,41500217,MIA @ TOR,L,240,32,72,0.444,7,25,0.28,18,23,0.783,7,23,30,16,6,7,14,29,89,-27,1,2016-05-15,Away
42015,1610612744,GSW,Golden State Warriors,41500311,GSW vs. OKC,L,240,40,91,0.44,11,30,0.367,11,17,0.647,8,36,44,26,8,4,14,22,102,-6,1,2016-05-16,Home
42015,1610612760,OKC,Oklahoma City Thunder,41500311,OKC @ GSW,W,240,39,89,0.438,8,17,0.471,22,32,0.688,10,42,52,22,12,6,12,15,108,6,1,2016-05-16,Away
42015,1610612739,CLE,Cleveland Cavaliers,41500301,CLE vs. TOR,W,240,41,74,0.554,7,20,0.35,26,33,0.788,10,35,45,22,9,4,17,20,115,31,1,2016-05-17,Home
42015,1610612761,TOR,Toronto Raptors,41500301,TOR @ CLE,L,240,32,76,0.421,5,24,0.208,15,20,0.75,4,19,23,19,8,1,14,25,84,-31,1,2016-05-17,Away
42015,1610612744,GSW,Golden State Warriors,41500312,GSW vs. OKC,W,240,43,85,0.506,13,28,0.464,19,28,0.679,15,30,45,26,9,3,12,21,118,27,1,2016-05-18,Home
42015,1610612760,OKC,Oklahoma City Thunder,41500312,OKC @ GSW,L,240,35,78,0.449,7,23,0.304,14,19,0.737,7,29,36,22,9,4,16,22,91,-27,1,2016-05-18,Away
42015,1610612761,TOR,Toronto Raptors,41500302,TOR @ CLE,L,240,33,82,0.402,9,33,0.273,14,18,0.778,7,31,38,17,6,4,12,31,89,-19,1,2016-05-19,Away
42015,1610612739,CLE,Cleveland Cavaliers,41500302,CLE vs. TOR,W,240,38,76,0.5,7,21,0.333,25,37,0.676,7,39,46,24,5,2,11,16,108,19,1,2016-05-19,Home
42015,1610612761,TOR,Toronto Raptors,41500303,TOR vs. CLE,W,240,38,83,0.458,12,31,0.387,11,13,0.846,12,42,54,15,1,4,10,17,99,15,1,2016-05-21,Home
42015,1610612739,CLE,Cleveland Cavaliers,41500303,CLE @ TOR,L,240,28,79,0.354,14,41,0.341,14,16,0.875,8,32,40,15,7,5,9,10,84,-15,1,2016-05-21,Away
42015,1610612760,OKC,Oklahoma City Thunder,41500313,OKC vs. GSW,W,240,46,92,0.5,8,25,0.32,33,37,0.892,11,41,52,21,6,8,12,23,133,28,1,2016-05-22,Home
42015,1610612744,GSW,Golden State Warriors,41500313,GSW @ OKC,L,240,38,92,0.413,10,32,0.313,19,25,0.76,10,28,38,19,9,1,14,21,105,-28,1,2016-05-22,Away
42015,1610612739,CLE,Cleveland Cavaliers,41500304,CLE @ TOR,L,240,39,83,0.47,13,41,0.317,8,9,0.889,10,28,38,23,5,2,11,17,99,-6,1,2016-05-23,Away
42015,1610612761,TOR,Toronto Raptors,41500304,TOR vs. CLE,W,240,42,78,0.538,7,22,0.318,14,19,0.737,9,26,35,17,8,3,9,16,105,6,1,2016-05-23,Home
42015,1610612760,OKC,Oklahoma City Thunder,41500314,OKC vs. GSW,W,240,39,90,0.433,9,26,0.346,31,40,0.775,16,40,56,23,16,8,18,22,118,24,1,2016-05-24,Home
42015,1610612744,GSW,Golden State Warriors,41500314,GSW @ OKC,L,240,33,80,0.413,9,30,0.3,19,29,0.655,8,32,40,15,11,4,21,26,94,-24,1,2016-05-24,Away
42015,1610612761,TOR,Toronto Raptors,41500305,TOR @ CLE,L,240,27,69,0.391,3,17,0.176,21,35,0.6,5,22,27,19,9,3,19,25,78,-38,1,2016-05-25,Away
42015,1610612739,CLE,Cleveland Cavaliers,41500305,CLE vs. TOR,W,240,44,77,0.571,10,21,0.476,18,24,0.75,10,38,48,23,11,6,17,26,116,38,1,2016-05-25,Home
42015,1610612744,GSW,Golden State Warriors,41500315,GSW vs. OKC,W,240,40,85,0.471,9,24,0.375,31,34,0.912,11,34,45,25,13,7,16,18,120,9,1,2016-05-26,Home
42015,1610612760,OKC,Oklahoma City Thunder,41500315,OKC @ GSW,L,240,39,91,0.429,13,30,0.433,20,24,0.833,13,32,45,23,8,2,17,26,111,-9,1,2016-05-26,Away
42015,1610612739,CLE,Cleveland Cavaliers,41500306,CLE @ TOR,W,240,40,74,0.541,17,31,0.548,16,21,0.762,4,34,38,22,6,6,11,18,113,26,1,2016-05-27,Away
42015,1610612761,TOR,Toronto Raptors,41500306,TOR vs. CLE,L,240,33,79,0.418,8,25,0.32,13,17,0.765,7,26,33,10,6,2,13,19,87,-26,1,2016-05-27,Home
42015,1610612744,GSW,Golden State Warriors,41500316,GSW @ OKC,W,240,36,88,0.409,21,45,0.467,15,24,0.625,13,31,44,23,11,4,15,25,108,7,1,2016-05-28,Away
42015,1610612760,OKC,Oklahoma City Thunder,41500316,OKC vs. GSW,L,240,38,90,0.422,3,23,0.13,22,32,0.688,16,33,49,16,9,10,15,22,101,-7,1,2016-05-28,Home
42015,1610612744,GSW,Golden State Warriors,41500317,GSW vs. OKC,W,240,37,85,0.435,17,37,0.459,5,8,0.625,10,36,46,20,4,4,11,16,96,8,1,2016-05-30,Home
42015,1610612760,OKC,Oklahoma City Thunder,41500317,OKC @ GSW,L,240,34,89,0.382,7,27,0.259,13,17,0.765,14,33,47,20,3,5,7,11,88,-8,1,2016-05-30,Away
42015,1610612739,CLE,Cleveland Cavaliers,41500401,CLE @ GSW,L,240,32,84,0.381,7,21,0.333,18,20,0.9,15,32,47,17,7,4,17,17,89,-15,1,2016-06-02,Away
42015,1610612744,GSW,Golden State Warriors,41500401,GSW vs. CLE,W,240,43,87,0.494,9,27,0.333,9,10,0.9,9,32,41,29,9,4,9,16,104,15,1,2016-06-02,Home
42015,1610612744,GSW,Golden State Warriors,41500402,GSW vs. CLE,W,240,44,81,0.543,15,33,0.455,7,10,0.7,12,34,46,26,7,9,21,20,110,33,1,2016-06-05,Home
42015,1610612739,CLE,Cleveland Cavaliers,41500402,CLE @ GSW,L,240,28,79,0.354,5,23,0.217,16,24,0.667,9,25,34,15,15,3,18,19,77,-33,1,2016-06-05,Away
42015,1610612739,CLE,Cleveland Cavaliers,41500403,CLE vs. GSW,W,240,48,91,0.527,12,25,0.48,12,17,0.706,17,35,52,23,8,3,14,25,120,30,1,2016-06-08,Home
42015,1610612744,GSW,Golden State Warriors,41500403,GSW @ CLE,L,240,32,76,0.421,9,33,0.273,17,26,0.654,8,24,32,21,5,4,18,23,90,-30,1,2016-06-08,Away
42015,1610612739,CLE,Cleveland Cavaliers,41500404,CLE vs. GSW,L,240,38,81,0.469,6,25,0.24,15,26,0.577,16,24,40,15,5,6,11,24,97,-11,1,2016-06-10,Home
42015,1610612744,GSW,Golden State Warriors,41500404,GSW @ CLE,W,240,33,81,0.407,17,36,0.472,25,31,0.806,14,29,43,23,7,6,9,22,108,11,1,2016-06-10,Away
42015,1610612744,GSW,Golden State Warriors,41500405,GSW vs. CLE,L,240,32,88,0.364,14,43,0.326,19,26,0.731,13,30,43,18,6,9,17,21,97,-15,1,2016-06-13,Home
42015,1610612739,CLE,Cleveland Cavaliers,41500405,CLE @ GSW,W,240,44,83,0.53,10,24,0.417,14,23,0.609,8,33,41,15,11,9,16,22,112,15,1,2016-06-13,Away
42015,1610612744,GSW,Golden State Warriors,41500406,GSW @ CLE,L,240,33,82,0.402,15,39,0.385,20,29,0.69,9,26,35,19,5,3,14,25,101,-14,1,2016-06-16,Away
42015,1610612739,CLE,Cleveland Cavaliers,41500406,CLE vs. GSW,W,240,40,77,0.519,10,27,0.37,25,32,0.781,8,37,45,24,12,7,12,25,115,14,1,2016-06-16,Home
42015,1610612744,GSW,Golden State Warriors,41500407,GSW vs. CLE,L,240,32,83,0.386,15,41,0.366,10,13,0.769,7,32,39,22,7,5,10,23,89,-4,1,2016-06-19,Home
42015,1610612739,CLE,Cleveland Cavaliers,41500407,CLE @ GSW,W,240,33,82,0.402,6,25,0.24,21,25,0.84,9,39,48,17,7,6,11,15,93,4,1,2016-06-19,Away
42016,1610612749,MIL,Milwaukee Bucks,41600121,MIL @ TOR,W,240,38,85,0.447,9,23,0.391,12,15,0.8,9,34,43,22,5,5,5,23,97,14,1,2017-04-15,Away
42016,1610612759,SAS,San Antonio Spurs,41600151,SAS vs. MEM,W,240,41,76,0.539,10,19,0.526,19,25,0.76,8,34,42,16,4,11,10,20,111,29,1,2017-04-15,Home
42016,1610612761,TOR,Toronto Raptors,41600121,TOR vs. MIL,L,240,27,75,0.36,5,23,0.217,24,33,0.727,8,39,47,15,3,4,11,21,83,-14,1,2017-04-15,Home
42016,1610612763,MEM,Memphis Grizzlies,41600151,MEM @ SAS,L,240,31,79,0.392,7,20,0.35,13,17,0.765,8,27,35,17,7,6,9,20,82,-29,1,2017-04-15,Away
42016,1610612739,CLE,Cleveland Cavaliers,41600111,CLE vs. IND,W,240,42,78,0.538,11,28,0.393,14,27,0.519,10,24,34,26,7,2,11,19,109,1,1,2017-04-15,Home
42016,1610612762,UTA,Utah Jazz,41600171,UTA @ LAC,W,240,38,79,0.481,8,19,0.421,13,19,0.684,6,28,34,21,7,4,13,19,97,2,1,2017-04-15,Away
42016,1610612746,LAC,LA Clippers,41600171,LAC vs. UTA,L,240,36,81,0.444,8,24,0.333,15,17,0.882,8,32,40,20,6,4,15,18,95,-2,1,2017-04-15,Home
42016,1610612754,IND,Indiana Pacers,41600111,IND @ CLE,L,240,40,81,0.494,11,24,0.458,17,20,0.85,12,29,41,21,6,1,13,25,108,-1,1,2017-04-15,Away
42016,1610612738,BOS,Boston Celtics,41600101,BOS vs. CHI,L,240,37,86,0.43,14,38,0.368,14,19,0.737,12,24,36,27,9,4,16,20,102,-4,1,2017-04-16,Home
42016,1610612744,GSW,Golden State Warriors,41600141,GSW vs. POR,W,240,43,81,0.531,11,27,0.407,24,28,0.857,9,36,45,26,7,10,16,24,121,12,1,2017-04-16,Home
42016,1610612745,HOU,Houston Rockets,41600161,HOU vs. OKC,W,240,45,91,0.495,10,33,0.303,18,26,0.692,14,42,56,21,8,3,11,19,118,31,1,2017-04-16,Home
42016,1610612757,POR,Portland Trail Blazers,41600141,POR @ GSW,L,240,40,93,0.43,11,30,0.367,18,22,0.818,11,27,38,15,8,3,15,25,109,-12,1,2017-04-16,Away
42016,1610612737,ATL,Atlanta Hawks,41600131,ATL @ WAS,L,240,34,78,0.436,7,25,0.28,32,39,0.821,13,35,48,18,5,3,21,22,107,-7,1,2017-04-16,Away
42016,1610612741,CHI,Chicago Bulls,41600101,CHI @ BOS,W,240,39,91,0.429,8,26,0.308,20,23,0.87,20,33,53,22,10,7,19,18,106,4,1,2017-04-16,Away
42016,1610612760,OKC,Oklahoma City Thunder,41600161,OKC @ HOU,L,240,30,81,0.37,9,29,0.31,18,23,0.783,7,34,41,19,8,5,15,19,87,-31,1,2017-04-16,Away
42016,1610612764,WAS,Washington Wizards,41600131,WAS vs. ATL,W,240,45,100,0.45,8,28,0.286,16,17,0.941,15,27,42,28,8,9,12,25,114,7,1,2017-04-16,Home
42016,1610612763,MEM,Memphis Grizzlies,41600152,MEM @ SAS,L,240,31,82,0.378,7,27,0.259,13,15,0.867,9,26,35,19,8,1,10,22,82,-14,1,2017-04-17,Away
42016,1610612759,SAS,San Antonio Spurs,41600152,SAS vs. MEM,W,240,28,61,0.459,9,23,0.391,31,32,0.969,5,34,39,14,4,4,16,13,96,14,1,2017-04-17,Home
42016,1610612754,IND,Indiana Pacers,41600112,IND @ CLE,L,240,43,84,0.512,8,20,0.4,17,23,0.739,9,24,33,23,14,3,14,21,111,-6,1,2017-04-17,Away
42016,1610612739,CLE,Cleveland Cavaliers,41600112,CLE vs. IND,W,240,42,76,0.553,13,31,0.419,20,23,0.87,7,30,37,19,6,8,19,16,117,6,1,2017-04-17,Home
42016,1610612749,MIL,Milwaukee Bucks,41600122,MIL @ TOR,L,240,36,87,0.414,11,23,0.478,17,19,0.895,12,28,40,20,6,4,12,16,100,-6,1,2017-04-18,Away
42016,1610612762,UTA,Utah Jazz,41600172,UTA @ LAC,L,240,32,70,0.457,10,25,0.4,17,22,0.773,3,30,33,15,7,2,14,16,91,-8,1,2017-04-18,Away
42016,1610612761,TOR,Toronto Raptors,41600122,TOR vs. MIL,W,240,37,77,0.481,14,29,0.483,18,25,0.72,6,34,40,24,6,4,13,22,106,6,1,2017-04-18,Home
42016,1610612738,BOS,Boston Celtics,41600102,BOS vs. CHI,L,240,38,82,0.463,10,33,0.303,11,19,0.579,11,27,38,26,6,4,16,17,97,-14,1,2017-04-18,Home
42016,1610612741,CHI,Chicago Bulls,41600102,CHI @ BOS,W,240,45,89,0.506,10,25,0.4,11,14,0.786,12,32,44,28,12,6,12,17,111,14,1,2017-04-18,Away
42016,1610612746,LAC,LA Clippers,41600172,LAC vs. UTA,W,240,44,84,0.524,6,20,0.3,5,8,0.625,8,31,39,26,7,4,11,23,99,8,1,2017-04-18,Home
42016,1610612745,HOU,Houston Rockets,41600162,HOU vs. OKC,W,240,38,78,0.487,11,29,0.379,28,37,0.757,5,32,37,20,5,8,13,21,115,4,1,2017-04-19,Home
42016,1610612757,POR,Portland Trail Blazers,41600142,POR @ GSW,L,240,30,90,0.333,7,34,0.206,14,19,0.737,11,36,47,17,9,7,19,19,81,-29,1,2017-04-19,Away
42016,1610612764,WAS,Washington Wizards,41600132,WAS vs. ATL,W,240,39,86,0.453,7,22,0.318,24,33,0.727,11,32,43,22,10,10,11,29,109,8,1,2017-04-19,Home
42016,1610612760,OKC,Oklahoma City Thunder,41600162,OKC @ HOU,L,240,40,97,0.412,7,30,0.233,24,28,0.857,17,31,48,20,9,11,7,24,111,-4,1,2017-04-19,Away
42016,1610612744,GSW,Golden State Warriors,41600142,GSW vs. POR,W,240,40,91,0.44,10,32,0.313,20,24,0.833,11,43,54,31,8,11,17,17,110,29,1,2017-04-19,Home
42016,1610612737,ATL,Atlanta Hawks,41600132,ATL @ WAS,L,240,32,79,0.405,4,20,0.2,33,38,0.868,10,31,41,17,6,6,18,26,101,-8,1,2017-04-19,Away
42016,1610612761,TOR,Toronto Raptors,41600123,TOR @ MIL,L,240,24,71,0.338,6,22,0.273,23,30,0.767,9,31,40,11,6,4,16,21,77,-27,1,2017-04-20,Away
42016,1610612759,SAS,San Antonio Spurs,41600153,SAS @ MEM,L,240,34,72,0.472,10,24,0.417,16,28,0.571,12,30,42,16,1,3,12,21,94,-11,1,2017-04-20,Away
42016,1610612749,MIL,Milwaukee Bucks,41600123,MIL vs. TOR,W,240,39,74,0.527,12,23,0.522,14,19,0.737,3,33,36,29,6,4,13,25,104,27,1,2017-04-20,Home
42016,1610612739,CLE,Cleveland Cavaliers,41600113,CLE @ IND,W,240,39,87,0.448,21,44,0.477,20,30,0.667,8,32,40,23,6,7,8,23,119,5,1,2017-04-20,Away
42016,1610612763,MEM,Memphis Grizzlies,41600153,MEM vs. SAS,W,240,39,77,0.506,9,22,0.409,18,20,0.9,6,27,33,21,2,3,5,24,105,11,1,2017-04-20,Home
42016,1610612754,IND,Indiana Pacers,41600113,IND vs. CLE,L,240,38,95,0.4,16,41,0.39,22,26,0.846,17,35,52,25,4,5,11,23,114,-5,1,2017-04-20,Home
42016,1610612762,UTA,Utah Jazz,41600173,UTA vs. LAC,L,240,36,69,0.522,14,34,0.412,20,29,0.69,3,24,27,16,5,2,11,26,106,-5,1,2017-04-21,Home
42016,1610612746,LAC,LA Clippers,41600173,LAC @ UTA,W,240,41,75,0.547,7,19,0.368,22,33,0.667,9,32,41,16,8,3,8,20,111,5,1,2017-04-21,Away
42016,1610612760,OKC,Oklahoma City Thunder,41600163,OKC vs. HOU,W,240,46,83,0.554,9,19,0.474,14,23,0.609,9,31,40,24,8,5,11,21,115,2,1,2017-04-21,Home
42016,1610612745,HOU,Houston Rockets,41600163,HOU @ OKC,L,240,38,83,0.458,10,35,0.286,27,33,0.818,11,31,42,10,4,6,16,24,113,-2,1,2017-04-21,Away
42016,1610612738,BOS,Boston Celtics,41600103,BOS @ CHI,W,240,41,86,0.477,17,37,0.459,5,7,0.714,7,30,37,34,11,2,13,12,104,17,1,2017-04-21,Away
42016,1610612741,CHI,Chicago Bulls,41600103,CHI vs. BOS,L,240,33,84,0.393,6,21,0.286,15,15,1.0,15,37,52,14,7,8,18,15,87,-17,1,2017-04-21,Home
42016,1610612749,MIL,Milwaukee Bucks,41600124,MIL vs. TOR,L,240,30,81,0.37,5,21,0.238,11,18,0.611,13,37,50,16,8,3,21,21,76,-11,1,2017-04-22,Home
42016,1610612761,TOR,Toronto Raptors,41600124,TOR @ MIL,W,240,33,80,0.413,5,22,0.227,16,17,0.941,4,37,41,16,11,6,13,19,87,11,1,2017-04-22,Away
42016,1610612764,WAS,Washington Wizards,41600133,WAS @ ATL,L,240,37,89,0.416,7,29,0.241,17,20,0.85,6,36,42,16,6,4,16,28,98,-18,1,2017-04-22,Away
42016,1610612757,POR,Portland Trail Blazers,41600143,POR vs. GSW,L,240,39,90,0.433,13,33,0.394,22,27,0.815,11,41,52,17,5,6,16,23,113,-6,1,2017-04-22,Home
42016,1610612744,GSW,Golden State Warriors,41600143,GSW @ POR,W,240,40,91,0.44,12,36,0.333,27,35,0.771,6,36,42,25,11,11,7,19,119,6,1,2017-04-22,Away
42016,1610612737,ATL,Atlanta Hawks,41600133,ATL vs. WAS,W,240,44,89,0.494,9,25,0.36,19,32,0.594,11,39,50,26,6,5,12,17,116,18,1,2017-04-22,Home
42016,1610612759,SAS,San Antonio Spurs,41600154,SAS @ MEM,L,265,41,97,0.423,9,30,0.3,17,17,1.0,8,29,37,16,11,3,10,24,108,-2,1,2017-04-22,Away
42016,1610612763,MEM,Memphis Grizzlies,41600154,MEM vs. SAS,W,265,38,82,0.463,12,27,0.444,22,24,0.917,8,43,51,19,3,3,23,21,110,2,1,2017-04-22,Home
42016,1610612754,IND,Indiana Pacers,41600114,IND vs. CLE,L,240,41,88,0.466,10,30,0.333,10,17,0.588,9,33,42,21,8,6,15,22,102,-4,1,2017-04-23,Home
42016,1610612746,LAC,LA Clippers,41600174,LAC @ UTA,L,240,33,75,0.44,11,32,0.344,21,29,0.724,6,25,31,17,8,0,9,18,98,-7,1,2017-04-23,Away
42016,1610612762,UTA,Utah Jazz,41600174,UTA vs. LAC,W,240,40,74,0.541,10,22,0.455,15,21,0.714,7,35,42,24,7,3,13,17,105,7,1,2017-04-23,Home
42016,1610612739,CLE,Cleveland Cavaliers,41600114,CLE @ IND,W,240,37,90,0.411,9,31,0.29,23,27,0.852,15,33,48,11,9,8,13,15,106,4,1,2017-04-23,Away
42016,1610612745,HOU,Houston Rockets,41600164,HOU @ OKC,W,240,37,85,0.435,11,35,0.314,28,33,0.848,13,32,45,19,13,2,20,26,113,4,1,2017-04-23,Away
42016,1610612760,OKC,Oklahoma City Thunder,41600164,OKC vs. HOU,L,240,42,85,0.494,7,19,0.368,18,32,0.563,10,30,40,20,10,12,17,20,109,-4,1,2017-04-23,Home
42016,1610612738,BOS,Boston Celtics,41600104,BOS @ CHI,W,240,38,82,0.463,10,37,0.27,18,22,0.818,11,31,42,22,7,4,13,24,104,9,1,2017-04-23,Away
42016,1610612741,CHI,Chicago Bulls,41600104,CHI vs. BOS,L,240,32,76,0.421,5,24,0.208,26,33,0.788,12,32,44,19,5,3,12,23,95,-9,1,2017-04-23,Home
42016,1610612749,MIL,Milwaukee Bucks,41600125,MIL @ TOR,L,240,34,67,0.507,10,22,0.455,15,26,0.577,1,21,22,22,13,4,15,23,93,-25,1,2017-04-24,Away
42016,1610612764,WAS,Washington Wizards,41600134,WAS @ ATL,L,240,36,85,0.424,11,32,0.344,18,23,0.783,9,37,46,19,7,5,15,25,101,-10,1,2017-04-24,Away
42016,1610612744,GSW,Golden State Warriors,41600144,GSW @ POR,W,240,46,86,0.535,17,29,0.586,19,27,0.704,6,39,45,27,7,9,10,15,128,25,1,2017-04-24,Away
42016,1610612761,TOR,Toronto Raptors,41600125,TOR vs. MIL,W,240,41,71,0.577,12,27,0.444,24,26,0.923,5,35,40,28,10,6,18,24,118,25,1,2017-04-24,Home
42016,1610612757,POR,Portland Trail Blazers,41600144,POR vs. GSW,L,240,33,85,0.388,13,39,0.333,24,29,0.828,7,32,39,14,7,3,11,20,103,-25,1,2017-04-24,Home
42016,1610612737,ATL,Atlanta Hawks,41600134,ATL vs. WAS,W,240,40,90,0.444,12,31,0.387,19,25,0.76,12,37,49,24,7,1,12,20,111,10,1,2017-04-24,Home
42016,1610612762,UTA,Utah Jazz,41600175,UTA @ LAC,W,240,35,81,0.432,13,36,0.361,13,16,0.813,7,36,43,25,10,4,14,24,96,4,1,2017-04-25,Away
42016,1610612746,LAC,LA Clippers,41600175,LAC vs. UTA,L,240,29,69,0.42,10,23,0.435,24,29,0.828,3,31,34,16,7,2,14,20,92,-4,1,2017-04-25,Home
42016,1610612759,SAS,San Antonio Spurs,41600155,SAS vs. MEM,W,240,42,80,0.525,14,28,0.5,18,22,0.818,10,24,34,23,7,2,8,17,116,13,1,2017-04-25,Home
42016,1610612745,HOU,Houston Rockets,41600165,HOU vs. OKC,W,240,33,82,0.402,6,37,0.162,33,39,0.846,10,37,47,13,7,6,14,23,105,6,1,2017-04-25,Home
42016,1610612763,MEM,Memphis Grizzlies,41600155,MEM @ SAS,L,240,37,72,0.514,9,22,0.409,20,22,0.909,8,23,31,22,7,1,10,20,103,-13,1,2017-04-25,Away
42016,1610612760,OKC,Oklahoma City Thunder,41600165,OKC @ HOU,L,240,35,91,0.385,10,38,0.263,19,29,0.655,18,31,49,16,7,7,14,27,99,-6,1,2017-04-25,Away
42016,1610612737,ATL,Atlanta Hawks,41600135,ATL @ WAS,L,240,38,93,0.409,9,31,0.29,14,21,0.667,11,32,43,23,3,2,11,21,99,-4,1,2017-04-26,Away
42016,1610612741,CHI,Chicago Bulls,41600105,CHI @ BOS,L,240,37,74,0.5,9,26,0.346,14,17,0.824,5,37,42,24,4,5,16,21,97,-11,1,2017-04-26,Away
42016,1610612738,BOS,Boston Celtics,41600105,BOS vs. CHI,W,240,38,88,0.432,9,40,0.225,23,23,1.0,8,30,38,27,9,3,6,16,108,11,1,2017-04-26,Home
42016,1610612764,WAS,Washington Wizards,41600135,WAS vs. ATL,W,240,37,82,0.451,7,24,0.292,22,27,0.815,9,33,42,21,8,10,7,20,103,4,1,2017-04-26,Home
42016,1610612749,MIL,Milwaukee Bucks,41600126,MIL vs. TOR,L,240,32,75,0.427,7,18,0.389,18,28,0.643,11,26,37,18,11,10,14,20,89,-3,1,2017-04-27,Home
42016,1610612759,SAS,San Antonio Spurs,41600156,SAS @ MEM,W,240,37,77,0.481,7,20,0.35,22,25,0.88,16,30,46,13,4,0,12,20,103,7,1,2017-04-27,Away
42016,1610612761,TOR,Toronto Raptors,41600126,TOR @ MIL,W,240,32,70,0.457,9,22,0.409,19,23,0.826,11,32,43,14,9,4,15,20,92,3,1,2017-04-27,Away
42016,1610612763,MEM,Memphis Grizzlies,41600156,MEM vs. SAS,L,240,32,71,0.451,12,27,0.444,20,24,0.833,7,21,28,15,4,1,11,26,96,-7,1,2017-04-27,Home
42016,1610612764,WAS,Washington Wizards,41600136,WAS @ ATL,W,240,42,78,0.538,10,24,0.417,21,25,0.84,8,25,33,21,16,7,17,22,115,16,1,2017-04-28,Away
42016,1610612738,BOS,Boston Celtics,41600106,BOS @ CHI,W,240,39,80,0.488,16,39,0.41,11,18,0.611,7,36,43,28,7,5,10,14,105,22,1,2017-04-28,Away
42016,1610612746,LAC,LA Clippers,41600176,LAC @ UTA,W,240,37,75,0.493,9,21,0.429,15,26,0.577,10,31,41,17,5,2,16,24,98,5,1,2017-04-28,Away
42016,1610612762,UTA,Utah Jazz,41600176,UTA vs. LAC,L,240,32,78,0.41,7,26,0.269,22,33,0.667,10,28,38,18,8,5,8,20,93,-5,1,2017-04-28,Home
42016,1610612741,CHI,Chicago Bulls,41600106,CHI vs. BOS,L,240,32,81,0.395,4,19,0.211,15,17,0.882,11,34,45,13,5,2,15,16,83,-22,1,2017-04-28,Home
42016,1610612737,ATL,Atlanta Hawks,41600136,ATL vs. WAS,L,240,37,78,0.474,9,32,0.281,16,19,0.842,11,24,35,26,9,3,22,22,99,-16,1,2017-04-28,Home
42016,1610612764,WAS,Washington Wizards,41600201,WAS @ BOS,L,240,44,87,0.506,10,23,0.435,13,22,0.591,12,26,38,27,6,7,13,14,111,-12,1,2017-04-30,Away
42016,1610612762,UTA,Utah Jazz,41600177,UTA @ LAC,W,240,40,79,0.506,6,13,0.462,18,23,0.783,10,36,46,22,8,2,12,24,104,13,1,2017-04-30,Away
42016,1610612746,LAC,LA Clippers,41600177,LAC vs. UTA,L,240,35,80,0.438,6,25,0.24,15,26,0.577,10,28,38,17,3,2,12,19,91,-13,1,2017-04-30,Home
42016,1610612738,BOS,Boston Celtics,41600201,BOS vs. WAS,W,240,46,90,0.511,19,39,0.487,12,15,0.8,12,26,38,32,8,7,11,25,123,12,1,2017-04-30,Home
42016,1610612739,CLE,Cleveland Cavaliers,41600211,CLE vs. TOR,W,240,39,85,0.459,14,34,0.412,24,29,0.828,7,39,46,26,8,4,12,18,116,11,1,2017-05-01,Home
42016,1610612745,HOU,Houston Rockets,41600231,HOU @ SAS,W,240,40,87,0.46,22,50,0.44,24,27,0.889,7,42,49,30,13,5,15,25,126,27,1,2017-05-01,Away
42016,1610612759,SAS,San Antonio Spurs,41600231,SAS vs. HOU,L,240,31,84,0.369,9,29,0.31,28,36,0.778,11,34,45,19,10,2,15,18,99,-27,1,2017-05-01,Home
42016,1610612761,TOR,Toronto Raptors,41600211,TOR @ CLE,L,240,39,89,0.438,10,26,0.385,17,20,0.85,8,35,43,22,5,5,12,22,105,-11,1,2017-05-01,Away
42016,1610612738,BOS,Boston Celtics,41600202,BOS vs. WAS,W,265,45,88,0.511,13,36,0.361,26,34,0.765,12,29,41,26,11,7,16,21,129,10,1,2017-05-02,Home
42016,1610612764,WAS,Washington Wizards,41600202,WAS @ BOS,L,265,46,99,0.465,10,34,0.294,17,22,0.773,13,31,44,28,7,10,18,29,119,-10,1,2017-05-02,Away
42016,1610612744,GSW,Golden State Warriors,41600221,GSW vs. UTA,W,240,40,82,0.488,7,29,0.241,19,21,0.905,5,32,37,32,7,8,7,16,106,12,1,2017-05-02,Home
42016,1610612762,UTA,Utah Jazz,41600221,UTA @ GSW,L,240,38,82,0.463,9,29,0.31,9,12,0.75,8,36,44,25,7,4,14,18,94,-12,1,2017-05-02,Away
42016,1610612745,HOU,Houston Rockets,41600232,HOU @ SAS,L,240,37,83,0.446,11,34,0.324,11,15,0.733,9,23,32,22,7,3,11,18,96,-25,1,2017-05-03,Away
42016,1610612739,CLE,Cleveland Cavaliers,41600212,CLE vs. TOR,W,240,41,75,0.547,18,33,0.545,25,34,0.735,6,34,40,28,9,4,16,22,125,22,1,2017-05-03,Home
42016,1610612761,TOR,Toronto Raptors,41600212,TOR @ CLE,L,240,42,90,0.467,5,17,0.294,14,19,0.737,8,29,37,21,8,4,13,21,103,-22,1,2017-05-03,Away
42016,1610612759,SAS,San Antonio Spurs,41600232,SAS vs. HOU,W,240,48,89,0.539,9,24,0.375,16,18,0.889,16,32,48,27,5,7,8,16,121,25,1,2017-05-03,Home
42016,1610612744,GSW,Golden State Warriors,41600222,GSW vs. UTA,W,240,42,85,0.494,14,31,0.452,17,20,0.85,9,38,47,33,11,4,17,20,115,11,1,2017-05-04,Home
42016,1610612762,UTA,Utah Jazz,41600222,UTA @ GSW,L,240,38,84,0.452,12,32,0.375,16,20,0.8,5,34,39,19,9,2,15,23,104,-11,1,2017-05-04,Away
42016,1610612764,WAS,Washington Wizards,41600203,WAS vs. BOS,W,240,43,92,0.467,8,25,0.32,22,25,0.88,13,37,50,26,7,5,10,26,116,27,1,2017-05-04,Home
42016,1610612738,BOS,Boston Celtics,41600203,BOS @ WAS,L,240,27,77,0.351,10,32,0.313,25,33,0.758,8,30,38,20,4,2,16,26,89,-27,1,2017-05-04,Away
42016,1610612739,CLE,Cleveland Cavaliers,41600213,CLE @ TOR,W,240,39,76,0.513,13,23,0.565,24,28,0.857,8,41,49,15,2,7,16,20,115,21,1,2017-05-05,Away
42016,1610612745,HOU,Houston Rockets,41600233,HOU vs. SAS,L,240,32,88,0.364,12,39,0.308,16,18,0.889,14,25,39,17,12,7,15,18,92,-11,1,2017-05-05,Home
42016,1610612761,TOR,Toronto Raptors,41600213,TOR vs. CLE,L,240,38,87,0.437,2,18,0.111,16,17,0.941,1,24,25,17,9,4,6,21,94,-21,1,2017-05-05,Home
42016,1610612759,SAS,San Antonio Spurs,41600233,SAS @ HOU,W,240,39,86,0.453,9,25,0.36,16,20,0.8,12,37,49,23,7,8,21,17,103,11,1,2017-05-05,Away
42016,1610612762,UTA,Utah Jazz,41600223,UTA vs. GSW,L,240,30,77,0.39,7,22,0.318,24,34,0.706,5,37,42,19,6,3,9,22,91,-11,1,2017-05-06,Home
42016,1610612744,GSW,Golden State Warriors,41600223,GSW @ UTA,W,240,37,84,0.44,9,30,0.3,19,23,0.826,8,43,51,17,3,4,7,20,102,11,1,2017-05-06,Away
42016,1610612739,CLE,Cleveland Cavaliers,41600214,CLE @ TOR,W,240,39,82,0.476,16,41,0.39,15,16,0.938,5,32,37,24,8,5,11,11,109,7,1,2017-05-07,Away
42016,1610612738,BOS,Boston Celtics,41600204,BOS @ WAS,L,240,35,79,0.443,14,31,0.452,18,24,0.75,9,22,31,28,13,6,20,25,102,-19,1,2017-05-07,Away
42016,1610612745,HOU,Houston Rockets,41600234,HOU vs. SAS,W,240,50,95,0.526,19,43,0.442,6,10,0.6,7,34,41,28,7,3,9,17,125,21,1,2017-05-07,Home
42016,1610612759,SAS,San Antonio Spurs,41600234,SAS @ HOU,L,240,44,89,0.494,7,23,0.304,9,18,0.5,11,32,43,23,8,6,14,13,104,-21,1,2017-05-07,Away
42016,1610612761,TOR,Toronto Raptors,41600214,TOR vs. CLE,L,240,40,85,0.471,10,29,0.345,12,15,0.8,8,29,37,28,7,3,12,18,102,-7,1,2017-05-07,Home
42016,1610612764,WAS,Washington Wizards,41600204,WAS vs. BOS,W,240,44,84,0.524,9,21,0.429,24,27,0.889,12,33,45,29,13,3,20,22,121,19,1,2017-05-07,Home
42016,1610612762,UTA,Utah Jazz,41600224,UTA vs. GSW,L,240,33,89,0.371,8,27,0.296,21,28,0.75,10,32,42,13,7,4,10,23,95,-26,1,2017-05-08,Home
42016,1610612744,GSW,Golden State Warriors,41600224,GSW @ UTA,W,240,43,84,0.512,11,26,0.423,24,27,0.889,6,44,50,28,8,3,11,26,121,26,1,2017-05-08,Away
42016,1610612759,SAS,San Antonio Spurs,41600235,SAS vs. HOU,W,265,42,103,0.408,11,33,0.333,15,23,0.652,18,34,52,24,7,5,8,18,110,3,1,2017-05-09,Home
42016,1610612745,HOU,Houston Rockets,41600235,HOU @ SAS,L,265,38,86,0.442,16,48,0.333,15,21,0.714,9,38,47,21,4,5,16,23,107,-3,1,2017-05-09,Away
42016,1610612738,BOS,Boston Celtics,41600205,BOS vs. WAS,W,240,46,87,0.529,16,33,0.485,15,21,0.714,9,39,48,33,7,8,12,25,123,22,1,2017-05-10,Home
42016,1610612764,WAS,Washington Wizards,41600205,WAS @ BOS,L,240,35,91,0.385,7,29,0.241,24,29,0.828,16,29,45,21,5,5,13,18,101,-22,1,2017-05-10,Away
42016,1610612759,SAS,San Antonio Spurs,41600236,SAS @ HOU,W,240,51,96,0.531,5,22,0.227,7,13,0.538,14,46,60,32,8,9,8,21,114,39,1,2017-05-11,Away
42016,1610612745,HOU,Houston Rockets,41600236,HOU vs. SAS,L,240,22,77,0.286,13,40,0.325,18,25,0.72,10,27,37,14,5,3,14,16,75,-39,1,2017-05-11,Home
42016,1610612738,BOS,Boston Celtics,41600206,BOS @ WAS,L,240,32,79,0.405,11,35,0.314,16,18,0.889,7,30,37,25,5,3,11,19,91,-1,1,2017-05-12,Away
42016,1610612764,WAS,Washington Wizards,41600206,WAS vs. BOS,W,240,37,86,0.43,5,24,0.208,13,21,0.619,11,35,46,20,4,7,12,24,92,1,1,2017-05-12,Home
42016,1610612759,SAS,San Antonio Spurs,41600311,SAS @ GSW,L,240,40,84,0.476,7,22,0.318,24,28,0.857,14,23,37,19,13,3,19,24,111,-2,1,2017-05-14,Away
42016,1610612744,GSW,Golden State Warriors,41600311,GSW vs. SAS,W,240,39,81,0.481,11,30,0.367,24,33,0.727,17,26,43,22,13,8,19,24,113,2,1,2017-05-14,Home
42016,1610612764,WAS,Washington Wizards,41600207,WAS @ BOS,L,240,36,80,0.45,10,29,0.345,23,29,0.793,10,33,43,18,6,4,15,17,105,-10,1,2017-05-15,Away
42016,1610612738,BOS,Boston Celtics,41600207,BOS vs. WAS,W,240,42,79,0.532,11,24,0.458,20,25,0.8,4,27,31,27,7,4,8,24,115,10,1,2017-05-15,Home
42016,1610612759,SAS,San Antonio Spurs,41600312,SAS @ GSW,L,240,37,100,0.37,8,23,0.348,18,21,0.857,22,27,49,21,11,5,19,17,100,-36,1,2017-05-16,Away
42016,1610612744,GSW,Golden State Warriors,41600312,GSW vs. SAS,W,240,50,89,0.562,18,37,0.486,18,19,0.947,6,34,40,39,16,5,16,19,136,36,1,2017-05-16,Home
42016,1610612739,CLE,Cleveland Cavaliers,41600301,CLE @ BOS,W,240,39,81,0.481,11,31,0.355,28,35,0.8,12,32,44,21,9,2,8,17,117,13,1,2017-05-17,Away
42016,1610612738,BOS,Boston Celtics,41600301,BOS vs. CLE,L,240,41,88,0.466,12,38,0.316,10,18,0.556,13,27,40,33,4,1,14,26,104,-13,1,2017-05-17,Home
42016,1610612739,CLE,Cleveland Cavaliers,41600302,CLE @ BOS,W,240,48,85,0.565,19,39,0.487,15,23,0.652,9,36,45,28,10,6,12,17,130,44,1,2017-05-19,Away
42016,1610612738,BOS,Boston Celtics,41600302,BOS vs. CLE,L,240,32,86,0.372,8,27,0.296,14,15,0.933,10,29,39,23,7,4,21,19,86,-44,1,2017-05-19,Home
42016,1610612744,GSW,Golden State Warriors,41600313,GSW @ SAS,W,240,46,84,0.548,11,27,0.407,17,22,0.773,9,33,42,23,12,6,21,23,120,12,1,2017-05-20,Away
42016,1610612759,SAS,San Antonio Spurs,41600313,SAS vs. GSW,L,240,44,93,0.473,5,21,0.238,15,25,0.6,15,31,46,22,10,3,16,21,108,-12,1,2017-05-20,Home
42016,1610612738,BOS,Boston Celtics,41600303,BOS @ CLE,W,240,42,91,0.462,18,40,0.45,9,12,0.75,11,27,38,28,10,3,9,23,111,3,1,2017-05-21,Away
42016,1610612739,CLE,Cleveland Cavaliers,41600303,CLE vs. BOS,L,240,32,70,0.457,16,39,0.41,28,36,0.778,11,35,46,21,5,4,16,11,108,-3,1,2017-05-21,Home
42016,1610612744,GSW,Golden State Warriors,41600314,GSW @ SAS,W,240,48,86,0.558,14,39,0.359,19,25,0.76,5,48,53,30,7,3,17,25,129,14,1,2017-05-22,Away
42016,1610612759,SAS,San Antonio Spurs,41600314,SAS vs. GSW,L,240,41,98,0.418,8,25,0.32,25,32,0.781,12,30,42,33,14,4,8,20,115,-14,1,2017-05-22,Home
42016,1610612738,BOS,Boston Celtics,41600304,BOS @ CLE,L,240,35,79,0.443,10,31,0.323,19,20,0.95,7,22,29,26,7,2,12,15,99,-13,1,2017-05-23,Away
42016,1610612739,CLE,Cleveland Cavaliers,41600304,CLE vs. BOS,W,240,44,74,0.595,10,22,0.455,14,17,0.824,4,33,37,23,5,4,15,16,112,13,1,2017-05-23,Home
42016,1610612738,BOS,Boston Celtics,41600305,BOS vs. CLE,L,240,37,86,0.43,11,30,0.367,17,23,0.739,12,27,39,20,7,5,18,23,102,-33,1,2017-05-25,Home
42016,1610612739,CLE,Cleveland Cavaliers,41600305,CLE @ BOS,W,240,48,85,0.565,19,41,0.463,20,24,0.833,6,32,38,24,13,5,11,21,135,33,1,2017-05-25,Away
42016,1610612739,CLE,Cleveland Cavaliers,41600401,CLE @ GSW,L,240,30,86,0.349,11,31,0.355,20,25,0.8,15,44,59,15,0,6,20,23,91,-22,1,2017-06-01,Away
42016,1610612744,GSW,Golden State Warriors,41600401,GSW vs. CLE,W,240,45,106,0.425,12,33,0.364,11,16,0.688,14,36,50,31,12,3,4,24,113,22,1,2017-06-01,Home
42016,1610612744,GSW,Golden State Warriors,41600402,GSW vs. CLE,W,240,46,89,0.517,18,43,0.419,22,24,0.917,10,43,53,34,5,7,20,19,132,19,1,2017-06-04,Home
42016,1610612739,CLE,Cleveland Cavaliers,41600402,CLE @ GSW,L,240,45,100,0.45,8,29,0.276,15,19,0.789,10,31,41,27,15,1,9,18,113,-19,1,2017-06-04,Away
42016,1610612744,GSW,Golden State Warriors,41600403,GSW @ CLE,W,240,40,83,0.482,16,33,0.485,22,24,0.917,8,36,44,29,8,4,18,28,118,5,1,2017-06-07,Away
42016,1610612739,CLE,Cleveland Cavaliers,41600403,CLE vs. GSW,L,240,40,90,0.444,12,44,0.273,21,25,0.84,10,27,37,17,9,3,12,25,113,-5,1,2017-06-07,Home
42016,1610612744,GSW,Golden State Warriors,41600404,GSW @ CLE,L,240,39,87,0.448,11,39,0.282,27,36,0.75,16,24,40,26,5,6,12,27,116,-21,1,2017-06-09,Away
42016,1610612739,CLE,Cleveland Cavaliers,41600404,CLE vs. GSW,W,240,46,87,0.529,24,45,0.533,21,31,0.677,11,30,41,27,6,3,11,24,137,21,1,2017-06-09,Home
42016,1610612744,GSW,Golden State Warriors,41600405,GSW vs. CLE,W,240,46,90,0.511,14,38,0.368,23,28,0.821,13,29,42,27,8,2,13,24,129,9,1,2017-06-12,Home
42016,1610612739,CLE,Cleveland Cavaliers,41600405,CLE @ GSW,L,240,47,88,0.534,11,24,0.458,15,23,0.652,12,28,40,22,6,5,15,22,120,-9,1,2017-06-12,Away
42017,1610612764,WAS,Washington Wizards,41700101,WAS @ TOR,L,240,41,86,0.477,8,21,0.381,16,18,0.889,6,29,35,29,11,3,14,21,106,-8,1,2018-04-14,Away
42017,1610612755,PHI,Philadelphia 76ers,41700121,PHI vs. MIA,W,240,45,95,0.474,18,28,0.643,22,29,0.759,17,33,50,34,9,4,11,23,130,27,1,2018-04-14,Home
42017,1610612748,MIA,Miami Heat,41700121,MIA @ PHI,L,240,35,77,0.455,12,26,0.462,21,31,0.677,9,32,41,25,4,6,18,25,103,-27,1,2018-04-14,Away
42017,1610612744,GSW,Golden State Warriors,41700151,GSW vs. SAS,W,240,44,81,0.543,10,22,0.455,15,22,0.682,10,41,51,32,6,6,15,18,113,21,1,2018-04-14,Home
42017,1610612740,NOP,New Orleans Pelicans,41700161,NOP @ POR,W,240,41,86,0.477,8,24,0.333,7,10,0.7,7,42,49,26,8,12,15,17,97,2,1,2018-04-14,Away
42017,1610612757,POR,Portland Trail Blazers,41700161,POR vs. NOP,L,240,37,98,0.378,12,39,0.308,9,12,0.75,15,37,52,17,10,6,12,15,95,-2,1,2018-04-14,Home
42017,1610612761,TOR,Toronto Raptors,41700101,TOR vs. WAS,W,240,41,77,0.532,16,30,0.533,16,20,0.8,5,33,38,26,6,7,17,18,114,8,1,2018-04-14,Home
42017,1610612759,SAS,San Antonio Spurs,41700151,SAS @ GSW,L,240,32,80,0.4,9,22,0.409,19,24,0.792,3,27,30,19,9,4,13,20,92,-21,1,2018-04-14,Away
42017,1610612762,UTA,Utah Jazz,41700171,UTA @ OKC,L,240,41,87,0.471,11,28,0.393,15,20,0.75,9,33,42,18,10,7,14,21,108,-8,1,2018-04-15,Away
42017,1610612739,CLE,Cleveland Cavaliers,41700131,CLE vs. IND,L,240,30,78,0.385,8,34,0.235,12,20,0.6,9,37,46,21,7,4,17,23,80,-18,1,2018-04-15,Home
42017,1610612754,IND,Indiana Pacers,41700131,IND @ CLE,W,240,36,79,0.456,11,28,0.393,15,25,0.6,8,36,44,19,12,4,11,21,98,18,1,2018-04-15,Away
42017,1610612760,OKC,Oklahoma City Thunder,41700171,OKC vs. UTA,W,240,41,85,0.482,14,29,0.483,20,23,0.87,9,37,46,16,8,5,17,19,116,8,1,2018-04-15,Home
42017,1610612745,HOU,Houston Rockets,41700141,HOU vs. MIN,W,240,39,83,0.47,10,37,0.27,16,23,0.696,8,29,37,15,8,8,11,19,104,3,1,2018-04-15,Home
42017,1610612749,MIL,Milwaukee Bucks,41700111,MIL @ BOS,L,265,40,83,0.482,8,21,0.381,19,24,0.792,5,37,42,22,8,8,20,31,107,-6,1,2018-04-15,Away
42017,1610612750,MIN,Minnesota Timberwolves,41700141,MIN @ HOU,L,240,35,80,0.438,8,23,0.348,23,28,0.821,11,36,47,22,3,2,14,19,101,-3,1,2018-04-15,Away
42017,1610612738,BOS,Boston Celtics,41700111,BOS vs. MIL,W,265,39,94,0.415,11,26,0.423,24,27,0.889,11,34,45,20,8,5,15,21,113,6,1,2018-04-15,Home
42017,1610612748,MIA,Miami Heat,41700122,MIA @ PHI,W,240,40,82,0.488,9,25,0.36,24,30,0.8,11,35,46,23,8,7,15,27,113,10,1,2018-04-16,Away
42017,1610612744,GSW,Golden State Warriors,41700152,GSW vs. SAS,W,240,41,78,0.526,15,31,0.484,19,20,0.95,6,33,39,32,5,5,15,24,116,15,1,2018-04-16,Home
42017,1610612759,SAS,San Antonio Spurs,41700152,SAS @ GSW,L,240,35,85,0.412,4,28,0.143,27,30,0.9,9,26,35,16,10,2,9,21,101,-15,1,2018-04-16,Away
42017,1610612755,PHI,Philadelphia 76ers,41700122,PHI vs. MIA,L,240,40,96,0.417,7,36,0.194,16,22,0.727,17,32,49,22,7,5,15,26,103,-10,1,2018-04-16,Home
42017,1610612740,NOP,New Orleans Pelicans,41700162,NOP @ POR,W,240,43,84,0.512,12,24,0.5,13,19,0.684,10,33,43,25,4,4,14,17,111,9,1,2018-04-17,Away
42017,1610612738,BOS,Boston Celtics,41700112,BOS vs. MIL,W,240,48,90,0.533,13,31,0.419,11,18,0.611,9,29,38,24,10,6,7,16,120,14,1,2018-04-17,Home
42017,1610612764,WAS,Washington Wizards,41700102,WAS @ TOR,L,240,42,86,0.488,10,22,0.455,25,28,0.893,4,30,34,26,7,3,9,24,119,-11,1,2018-04-17,Away
42017,1610612761,TOR,Toronto Raptors,41700102,TOR vs. WAS,W,240,45,87,0.517,13,35,0.371,27,33,0.818,9,39,48,24,5,8,14,27,130,11,1,2018-04-17,Home
42017,1610612749,MIL,Milwaukee Bucks,41700112,MIL @ BOS,L,240,46,77,0.597,7,17,0.412,7,17,0.412,7,31,38,19,3,4,15,19,106,-14,1,2018-04-17,Away
42017,1610612757,POR,Portland Trail Blazers,41700162,POR vs. NOP,L,240,41,91,0.451,12,32,0.375,8,10,0.8,13,32,45,20,5,4,16,20,102,-9,1,2018-04-17,Home
42017,1610612745,HOU,Houston Rockets,41700142,HOU vs. MIN,W,240,35,96,0.365,16,52,0.308,16,21,0.762,12,42,54,22,8,9,9,17,102,20,1,2018-04-18,Home
42017,1610612760,OKC,Oklahoma City Thunder,41700172,OKC vs. UTA,L,240,36,90,0.4,11,35,0.314,12,18,0.667,10,36,46,22,11,4,13,25,95,-7,1,2018-04-18,Home
42017,1610612750,MIN,Minnesota Timberwolves,41700142,MIN @ HOU,L,240,31,80,0.388,5,18,0.278,15,21,0.714,9,43,52,15,7,7,16,16,82,-20,1,2018-04-18,Away
42017,1610612739,CLE,Cleveland Cavaliers,41700132,CLE vs. IND,W,240,37,73,0.507,11,28,0.393,15,22,0.682,6,24,30,15,8,2,15,19,100,3,1,2018-04-18,Home
42017,1610612762,UTA,Utah Jazz,41700172,UTA @ OKC,W,240,35,84,0.417,9,29,0.31,23,33,0.697,15,41,56,22,9,3,16,19,102,7,1,2018-04-18,Away
42017,1610612754,IND,Indiana Pacers,41700132,IND @ CLE,L,240,41,78,0.526,6,22,0.273,9,12,0.75,5,31,36,22,8,3,17,23,97,-3,1,2018-04-18,Away
42017,1610612744,GSW,Golden State Warriors,41700153,GSW @ SAS,W,240,42,82,0.512,10,32,0.313,16,18,0.889,4,35,39,26,8,7,10,16,110,13,1,2018-04-19,Away
42017,1610612740,NOP,New Orleans Pelicans,41700163,NOP vs. POR,W,240,46,87,0.529,11,27,0.407,16,19,0.842,6,32,38,27,16,4,13,23,119,17,1,2018-04-19,Home
42017,1610612755,PHI,Philadelphia 76ers,41700123,PHI @ MIA,W,240,41,81,0.506,18,34,0.529,28,37,0.757,6,35,41,28,10,5,12,26,128,20,1,2018-04-19,Away
42017,1610612757,POR,Portland Trail Blazers,41700163,POR @ NOP,L,240,37,80,0.463,9,31,0.29,19,25,0.76,11,33,44,19,10,3,24,19,102,-17,1,2018-04-19,Away
42017,1610612748,MIA,Miami Heat,41700123,MIA vs. PHI,L,240,33,73,0.452,16,33,0.485,26,35,0.743,5,30,35,26,7,9,15,30,108,-20,1,2018-04-19,Home
42017,1610612759,SAS,San Antonio Spurs,41700153,SAS vs. GSW,L,240,37,87,0.425,7,33,0.212,16,20,0.8,10,31,41,19,8,5,12,21,97,-13,1,2018-04-19,Home
42017,1610612738,BOS,Boston Celtics,41700113,BOS @ MIL,L,240,32,80,0.4,8,24,0.333,20,28,0.714,17,28,45,17,3,1,18,15,92,-24,1,2018-04-20,Away
42017,1610612761,TOR,Toronto Raptors,41700103,TOR @ WAS,L,240,37,82,0.451,12,28,0.429,17,19,0.895,8,26,34,20,8,4,19,19,103,-19,1,2018-04-20,Away
42017,1610612764,WAS,Washington Wizards,41700103,WAS vs. TOR,W,240,47,85,0.553,10,23,0.435,18,20,0.9,7,32,39,29,10,8,13,21,122,19,1,2018-04-20,Home
42017,1610612754,IND,Indiana Pacers,41700133,IND vs. CLE,W,240,34,73,0.466,8,26,0.308,16,20,0.8,7,30,37,17,8,3,20,22,92,2,1,2018-04-20,Home
42017,1610612749,MIL,Milwaukee Bucks,41700113,MIL vs. BOS,W,240,45,79,0.57,16,33,0.485,10,15,0.667,7,30,37,28,8,12,9,27,116,24,1,2018-04-20,Home
42017,1610612739,CLE,Cleveland Cavaliers,41700133,CLE @ IND,L,240,34,77,0.442,10,32,0.313,12,16,0.75,9,27,36,17,11,3,17,23,90,-2,1,2018-04-20,Away
42017,1610612755,PHI,Philadelphia 76ers,41700124,PHI @ MIA,W,240,36,84,0.429,7,31,0.226,27,35,0.771,17,40,57,22,12,5,27,25,106,4,1,2018-04-21,Away
42017,1610612748,MIA,Miami Heat,41700124,MIA vs. PHI,L,240,41,94,0.436,7,19,0.368,13,25,0.52,13,30,43,21,18,4,19,32,102,-4,1,2018-04-21,Home
42017,1610612760,OKC,Oklahoma City Thunder,41700173,OKC @ UTA,L,240,37,78,0.474,14,28,0.5,14,19,0.737,6,27,33,17,11,3,17,23,102,-13,1,2018-04-21,Away
42017,1610612745,HOU,Houston Rockets,41700143,HOU @ MIN,L,240,37,81,0.457,15,41,0.366,16,25,0.64,7,32,39,18,4,3,10,18,105,-16,1,2018-04-21,Away
42017,1610612740,NOP,New Orleans Pelicans,41700164,NOP vs. POR,W,240,45,78,0.577,9,25,0.36,32,39,0.821,7,36,43,28,5,6,14,21,131,8,1,2018-04-21,Home
42017,1610612757,POR,Portland Trail Blazers,41700164,POR @ NOP,L,240,50,95,0.526,10,27,0.37,13,16,0.813,6,27,33,20,8,2,6,28,123,-8,1,2018-04-21,Away
42017,1610612750,MIN,Minnesota Timberwolves,41700143,MIN vs. HOU,W,240,45,90,0.5,15,27,0.556,16,22,0.727,8,33,41,29,9,3,7,16,121,16,1,2018-04-21,Home
42017,1610612762,UTA,Utah Jazz,41700173,UTA vs. OKC,W,240,42,80,0.525,13,34,0.382,18,27,0.667,13,35,48,24,12,5,19,20,115,13,1,2018-04-21,Home
42017,1610612738,BOS,Boston Celtics,41700114,BOS @ MIL,L,240,36,87,0.414,10,29,0.345,20,25,0.8,16,27,43,22,6,3,9,21,102,-2,1,2018-04-22,Away
42017,1610612764,WAS,Washington Wizards,41700104,WAS vs. TOR,W,240,39,85,0.459,7,17,0.412,21,31,0.677,9,31,40,23,10,8,13,23,106,8,1,2018-04-22,Home
42017,1610612739,CLE,Cleveland Cavaliers,41700134,CLE @ IND,W,240,35,78,0.449,12,34,0.353,22,26,0.846,8,37,45,17,4,7,11,18,104,4,1,2018-04-22,Away
42017,1610612744,GSW,Golden State Warriors,41700154,GSW @ SAS,L,240,34,90,0.378,7,28,0.25,15,17,0.882,24,37,61,19,6,2,18,22,90,-13,1,2018-04-22,Away
42017,1610612759,SAS,San Antonio Spurs,41700154,SAS vs. GSW,W,240,37,81,0.457,15,28,0.536,14,19,0.737,7,27,34,20,6,4,8,18,103,13,1,2018-04-22,Home
42017,1610612761,TOR,Toronto Raptors,41700104,TOR @ WAS,L,240,34,79,0.43,7,18,0.389,23,30,0.767,9,32,41,19,9,7,18,26,98,-8,1,2018-04-22,Away
42017,1610612754,IND,Indiana Pacers,41700134,IND vs. CLE,L,240,40,93,0.43,12,33,0.364,8,13,0.615,11,36,47,25,7,5,9,19,100,-4,1,2018-04-22,Home
42017,1610612749,MIL,Milwaukee Bucks,41700114,MIL vs. BOS,W,240,38,73,0.521,10,23,0.435,18,24,0.75,2,34,36,24,7,14,10,24,104,2,1,2018-04-22,Home
42017,1610612762,UTA,Utah Jazz,41700174,UTA vs. OKC,W,240,41,91,0.451,12,34,0.353,19,27,0.704,10,39,49,21,7,7,12,23,113,17,1,2018-04-23,Home
42017,1610612750,MIN,Minnesota Timberwolves,41700144,MIN vs. HOU,L,240,39,84,0.464,8,22,0.364,14,23,0.609,10,38,48,23,4,1,17,22,100,-19,1,2018-04-23,Home
42017,1610612745,HOU,Houston Rockets,41700144,HOU @ MIN,W,240,40,92,0.435,16,43,0.372,23,26,0.885,10,36,46,20,11,6,7,17,119,19,1,2018-04-23,Away
42017,1610612760,OKC,Oklahoma City Thunder,41700174,OKC @ UTA,L,240,33,84,0.393,5,26,0.192,25,30,0.833,9,37,46,10,8,6,15,21,96,-17,1,2018-04-23,Away
42017,1610612738,BOS,Boston Celtics,41700115,BOS vs. MIL,W,240,29,69,0.42,10,31,0.323,24,32,0.75,5,45,50,22,7,7,18,21,92,5,1,2018-04-24,Home
42017,1610612744,GSW,Golden State Warriors,41700155,GSW vs. SAS,W,240,37,83,0.446,5,27,0.185,20,25,0.8,8,39,47,25,5,5,10,19,99,8,1,2018-04-24,Home
42017,1610612749,MIL,Milwaukee Bucks,41700115,MIL @ BOS,L,240,32,87,0.368,9,33,0.273,14,20,0.7,7,30,37,21,10,3,11,23,87,-5,1,2018-04-24,Away
42017,1610612755,PHI,Philadelphia 76ers,41700125,PHI vs. MIA,W,240,34,81,0.42,7,28,0.25,29,36,0.806,9,44,53,27,7,2,15,20,104,13,1,2018-04-24,Home
42017,1610612759,SAS,San Antonio Spurs,41700155,SAS @ GSW,L,240,32,86,0.372,7,30,0.233,20,22,0.909,13,35,48,21,5,0,13,22,91,-8,1,2018-04-24,Away
42017,1610612748,MIA,Miami Heat,41700125,MIA @ PHI,L,240,34,88,0.386,10,35,0.286,13,22,0.591,10,30,40,24,7,6,13,32,91,-13,1,2018-04-24,Away
42017,1610612762,UTA,Utah Jazz,41700175,UTA @ OKC,L,240,33,81,0.407,13,38,0.342,20,26,0.769,10,36,46,19,5,6,17,24,99,-8,1,2018-04-25,Away
42017,1610612761,TOR,Toronto Raptors,41700105,TOR vs. WAS,W,240,38,82,0.463,11,25,0.44,21,28,0.75,6,29,35,26,9,5,10,18,108,10,1,2018-04-25,Home
42017,1610612760,OKC,Oklahoma City Thunder,41700175,OKC vs. UTA,W,240,39,89,0.438,9,21,0.429,20,24,0.833,7,37,44,13,9,3,9,21,107,8,1,2018-04-25,Home
42017,1610612745,HOU,Houston Rockets,41700145,HOU vs. MIN,W,240,45,88,0.511,18,44,0.409,14,19,0.737,8,32,40,29,3,5,5,17,122,18,1,2018-04-25,Home
42017,1610612754,IND,Indiana Pacers,41700135,IND @ CLE,L,240,34,71,0.479,6,20,0.3,21,27,0.778,7,27,34,23,7,3,17,22,95,-3,1,2018-04-25,Away
42017,1610612750,MIN,Minnesota Timberwolves,41700145,MIN @ HOU,L,240,40,79,0.506,9,19,0.474,15,20,0.75,5,33,38,23,2,3,9,18,104,-18,1,2018-04-25,Away
42017,1610612764,WAS,Washington Wizards,41700105,WAS @ TOR,L,240,37,90,0.411,5,26,0.192,19,22,0.864,14,36,50,21,6,4,18,18,98,-10,1,2018-04-25,Away
42017,1610612739,CLE,Cleveland Cavaliers,41700135,CLE vs. IND,W,240,31,75,0.413,10,32,0.313,26,27,0.963,10,27,37,16,6,3,14,21,98,3,1,2018-04-25,Home
42017,1610612749,MIL,Milwaukee Bucks,41700116,MIL vs. BOS,W,240,38,75,0.507,8,26,0.308,13,21,0.619,7,41,48,19,6,3,11,16,97,11,1,2018-04-26,Home
42017,1610612738,BOS,Boston Celtics,41700116,BOS @ MIL,L,240,30,81,0.37,10,36,0.278,16,19,0.842,6,33,39,18,3,3,9,19,86,-11,1,2018-04-26,Away
42017,1610612762,UTA,Utah Jazz,41700176,UTA vs. OKC,W,240,37,82,0.451,10,26,0.385,12,23,0.522,11,29,40,16,9,5,13,17,96,5,1,2018-04-27,Home
42017,1610612764,WAS,Washington Wizards,41700106,WAS vs. TOR,L,240,32,79,0.405,8,22,0.364,20,21,0.952,11,31,42,12,3,5,14,19,92,-10,1,2018-04-27,Home
42017,1610612760,OKC,Oklahoma City Thunder,41700176,OKC @ UTA,L,240,37,93,0.398,10,34,0.294,7,13,0.538,15,34,49,20,6,4,13,21,91,-5,1,2018-04-27,Away
42017,1610612754,IND,Indiana Pacers,41700136,IND vs. CLE,W,240,49,87,0.563,15,30,0.5,8,14,0.571,9,36,45,27,9,1,7,18,121,34,1,2018-04-27,Home
42017,1610612761,TOR,Toronto Raptors,41700106,TOR @ WAS,W,240,40,90,0.444,7,25,0.28,15,19,0.789,16,31,47,18,8,6,7,20,102,10,1,2018-04-27,Away
42017,1610612739,CLE,Cleveland Cavaliers,41700136,CLE @ IND,L,240,33,79,0.418,12,38,0.316,9,16,0.563,7,26,33,16,4,2,15,17,87,-34,1,2018-04-27,Away
42017,1610612740,NOP,New Orleans Pelicans,41700231,NOP @ GSW,L,240,42,96,0.438,8,25,0.32,9,11,0.818,7,35,42,24,7,3,12,24,101,-22,1,2018-04-28,Away
42017,1610612749,MIL,Milwaukee Bucks,41700117,MIL @ BOS,L,240,35,74,0.473,9,27,0.333,17,18,0.944,4,28,32,21,4,3,16,20,96,-16,1,2018-04-28,Away
42017,1610612738,BOS,Boston Celtics,41700117,BOS vs. MIL,W,240,45,84,0.536,9,26,0.346,13,21,0.619,11,31,42,28,9,4,15,23,112,16,1,2018-04-28,Home
42017,1610612744,GSW,Golden State Warriors,41700231,GSW vs. NOP,W,240,44,91,0.484,11,27,0.407,24,32,0.75,13,44,57,33,8,10,14,16,123,22,1,2018-04-28,Home
42017,1610612745,HOU,Houston Rockets,41700221,HOU vs. UTA,W,240,37,82,0.451,17,32,0.531,19,24,0.792,8,35,43,18,10,5,15,21,110,14,1,2018-04-29,Home
42017,1610612754,IND,Indiana Pacers,41700137,IND @ CLE,L,240,36,80,0.45,10,31,0.323,19,24,0.792,10,27,37,15,6,0,11,28,101,-4,1,2018-04-29,Away
42017,1610612762,UTA,Utah Jazz,41700221,UTA @ HOU,L,240,38,76,0.5,7,22,0.318,13,22,0.591,6,31,37,20,11,3,18,20,96,-14,1,2018-04-29,Away
42017,1610612739,CLE,Cleveland Cavaliers,41700137,CLE vs. IND,W,240,32,74,0.432,10,29,0.345,31,40,0.775,15,29,44,18,6,4,12,21,105,4,1,2018-04-29,Home
42017,1610612755,PHI,Philadelphia 76ers,41700211,PHI @ BOS,L,240,35,83,0.422,5,26,0.192,26,35,0.743,11,34,45,22,7,2,12,19,101,-16,1,2018-04-30,Away
42017,1610612738,BOS,Boston Celtics,41700211,BOS vs. PHI,W,240,41,85,0.482,17,35,0.486,18,19,0.947,5,31,36,27,4,4,10,21,117,16,1,2018-04-30,Home
42017,1610612740,NOP,New Orleans Pelicans,41700232,NOP @ GSW,L,240,48,105,0.457,13,37,0.351,7,9,0.778,10,36,46,33,12,5,14,19,116,-5,1,2018-05-01,Away
42017,1610612744,GSW,Golden State Warriors,41700232,GSW vs. NOP,W,240,43,91,0.473,13,40,0.325,22,27,0.815,7,42,49,36,10,8,16,18,121,5,1,2018-05-01,Home
42017,1610612739,CLE,Cleveland Cavaliers,41700201,CLE @ TOR,W,265,42,102,0.412,14,35,0.4,15,21,0.714,13,32,45,25,5,5,6,23,113,1,1,2018-05-01,Away
42017,1610612761,TOR,Toronto Raptors,41700201,TOR vs. CLE,L,265,39,91,0.429,9,28,0.321,25,31,0.806,15,35,50,26,2,6,14,22,112,-1,1,2018-05-01,Home
42017,1610612745,HOU,Houston Rockets,41700222,HOU vs. UTA,L,240,38,95,0.4,10,37,0.27,22,27,0.815,11,38,49,22,11,7,8,21,108,-8,1,2018-05-02,Home
42017,1610612762,UTA,Utah Jazz,41700222,UTA @ HOU,W,240,43,83,0.518,15,32,0.469,15,25,0.6,5,43,48,26,4,5,17,24,116,8,1,2018-05-02,Away
42017,1610612755,PHI,Philadelphia 76ers,41700212,PHI @ BOS,L,240,40,92,0.435,13,33,0.394,10,14,0.714,16,33,49,30,7,4,12,21,103,-5,2,2018-05-03,Away
42017,1610612761,TOR,Toronto Raptors,41700202,TOR vs. CLE,L,240,44,81,0.543,12,30,0.4,10,11,0.909,5,30,35,26,2,2,11,24,110,-18,2,2018-05-03,Home
42017,1610612739,CLE,Cleveland Cavaliers,41700202,CLE @ TOR,W,240,50,84,0.595,11,26,0.423,17,23,0.739,5,29,34,25,5,3,3,14,128,18,2,2018-05-03,Away
42017,1610612738,BOS,Boston Celtics,41700212,BOS vs. PHI,W,240,37,82,0.451,15,36,0.417,19,24,0.792,5,36,41,23,7,3,9,16,108,5,2,2018-05-03,Home
42017,1610612745,HOU,Houston Rockets,41700223,HOU @ UTA,W,240,42,86,0.488,11,36,0.306,18,20,0.9,3,38,41,26,8,7,9,19,113,21,1,2018-05-04,Away
42017,1610612740,NOP,New Orleans Pelicans,41700233,NOP vs. GSW,W,240,48,96,0.5,14,31,0.452,9,12,0.75,10,44,54,36,7,3,15,20,119,19,1,2018-05-04,Home
42017,1610612762,UTA,Utah Jazz,41700223,UTA vs. HOU,L,240,35,84,0.417,11,29,0.379,11,15,0.733,5,38,43,17,3,4,16,19,92,-21,1,2018-05-04,Home
42017,1610612744,GSW,Golden State Warriors,41700233,GSW @ NOP,L,240,35,92,0.38,9,31,0.29,21,26,0.808,10,34,44,22,11,4,12,17,100,-19,1,2018-05-04,Away
42017,1610612738,BOS,Boston Celtics,41700213,BOS @ PHI,W,265,41,91,0.451,10,38,0.263,9,14,0.643,9,40,49,19,9,7,13,20,101,3,1,2018-05-05,Away
42017,1610612739,CLE,Cleveland Cavaliers,41700203,CLE vs. TOR,W,240,38,79,0.481,9,25,0.36,20,25,0.8,6,30,36,18,7,4,12,19,105,2,1,2018-05-05,Home
42017,1610612755,PHI,Philadelphia 76ers,41700213,PHI vs. BOS,L,265,38,97,0.392,9,30,0.3,13,18,0.722,13,37,50,23,8,5,15,14,98,-3,1,2018-05-05,Home
42017,1610612761,TOR,Toronto Raptors,41700203,TOR @ CLE,L,240,35,75,0.467,13,33,0.394,20,25,0.8,12,29,41,14,5,11,17,28,103,-2,1,2018-05-05,Away
42017,1610612762,UTA,Utah Jazz,41700224,UTA vs. HOU,L,240,32,83,0.386,7,29,0.241,16,20,0.8,8,37,45,16,8,5,17,21,87,-13,1,2018-05-06,Home
42017,1610612740,NOP,New Orleans Pelicans,41700234,NOP vs. GSW,L,240,32,88,0.364,4,26,0.154,24,30,0.8,10,41,51,17,7,4,19,21,92,-26,1,2018-05-06,Home
42017,1610612744,GSW,Golden State Warriors,41700234,GSW @ NOP,W,240,46,95,0.484,11,33,0.333,15,18,0.833,5,40,45,28,11,5,11,20,118,26,1,2018-05-06,Away
42017,1610612745,HOU,Houston Rockets,41700224,HOU @ UTA,W,240,37,88,0.42,10,38,0.263,16,17,0.941,9,40,49,15,11,9,13,21,100,13,1,2018-05-06,Away
42017,1610612761,TOR,Toronto Raptors,41700204,TOR @ CLE,L,240,36,79,0.456,4,15,0.267,17,23,0.739,9,23,32,19,3,5,13,24,93,-35,1,2018-05-07,Away
42017,1610612755,PHI,Philadelphia 76ers,41700214,PHI vs. BOS,W,240,38,94,0.404,7,26,0.269,20,26,0.769,16,37,53,24,6,3,10,23,103,11,1,2018-05-07,Home
42017,1610612739,CLE,Cleveland Cavaliers,41700204,CLE vs. TOR,W,240,50,84,0.595,12,26,0.462,16,20,0.8,6,31,37,29,9,5,11,21,128,35,1,2018-05-07,Home
42017,1610612738,BOS,Boston Celtics,41700214,BOS @ PHI,L,240,31,75,0.413,11,32,0.344,19,26,0.731,6,36,42,16,4,10,15,28,92,-11,1,2018-05-07,Away
42017,1610612762,UTA,Utah Jazz,41700225,UTA @ HOU,L,240,38,81,0.469,10,28,0.357,16,21,0.762,11,30,41,24,5,5,12,18,102,-10,1,2018-05-08,Away
42017,1610612744,GSW,Golden State Warriors,41700235,GSW vs. NOP,W,240,48,99,0.485,7,27,0.259,10,12,0.833,11,41,52,35,10,2,13,18,113,9,1,2018-05-08,Home
42017,1610612740,NOP,New Orleans Pelicans,41700235,NOP @ GSW,L,240,41,88,0.466,10,24,0.417,12,16,0.75,4,40,44,26,7,4,14,12,104,-9,1,2018-05-08,Away
42017,1610612745,HOU,Houston Rockets,41700225,HOU vs. UTA,W,240,40,83,0.482,18,39,0.462,14,17,0.824,6,34,40,21,10,8,10,18,112,10,1,2018-05-08,Home
42017,1610612738,BOS,Boston Celtics,41700215,BOS vs. PHI,W,240,38,85,0.447,7,20,0.35,31,41,0.756,13,26,39,18,12,3,11,24,114,2,1,2018-05-09,Home
42017,1610612755,PHI,Philadelphia 76ers,41700215,PHI @ BOS,L,240,40,82,0.488,8,21,0.381,24,31,0.774,12,36,48,26,5,6,17,31,112,-2,1,2018-05-09,Away
42017,1610612739,CLE,Cleveland Cavaliers,41700301,CLE @ BOS,L,240,31,86,0.36,4,26,0.154,17,20,0.85,9,31,40,18,4,3,10,12,83,-25,1,2018-05-13,Away
42017,1610612738,BOS,Boston Celtics,41700301,BOS vs. CLE,W,240,43,84,0.512,11,30,0.367,11,13,0.846,6,42,48,27,6,4,11,17,108,25,1,2018-05-13,Home
42017,1610612745,HOU,Houston Rockets,41700311,HOU vs. GSW,L,240,39,85,0.459,13,37,0.351,15,21,0.714,7,35,42,18,5,3,16,23,106,-13,1,2018-05-14,Home
42017,1610612744,GSW,Golden State Warriors,41700311,GSW @ HOU,W,240,42,80,0.525,13,33,0.394,22,25,0.88,3,34,37,24,9,4,9,17,119,13,1,2018-05-14,Away
42017,1610612738,BOS,Boston Celtics,41700302,BOS vs. CLE,W,240,40,92,0.435,10,31,0.323,17,20,0.85,11,35,46,24,8,2,6,18,107,13,1,2018-05-15,Home
42017,1610612739,CLE,Cleveland Cavaliers,41700302,CLE @ BOS,L,240,37,80,0.463,10,31,0.323,10,17,0.588,8,37,45,18,2,5,15,21,94,-13,1,2018-05-15,Away
42017,1610612744,GSW,Golden State Warriors,41700312,GSW @ HOU,L,240,39,85,0.459,9,30,0.3,18,22,0.818,9,27,36,21,6,4,15,22,105,-22,1,2018-05-16,Away
42017,1610612745,HOU,Houston Rockets,41700312,HOU vs. GSW,W,240,45,88,0.511,16,42,0.381,21,27,0.778,10,37,47,23,8,1,14,24,127,22,1,2018-05-16,Home
42017,1610612739,CLE,Cleveland Cavaliers,41700303,CLE vs. BOS,W,240,37,76,0.487,17,34,0.5,25,30,0.833,8,37,45,23,9,3,15,23,116,30,1,2018-05-19,Home
42017,1610612738,BOS,Boston Celtics,41700303,BOS @ CLE,L,240,29,74,0.392,6,22,0.273,22,28,0.786,6,28,34,16,4,4,15,25,86,-30,1,2018-05-19,Away
42017,1610612745,HOU,Houston Rockets,41700313,HOU @ GSW,L,240,32,81,0.395,11,34,0.324,10,13,0.769,10,31,41,19,3,5,20,19,85,-41,1,2018-05-20,Away
42017,1610612744,GSW,Golden State Warriors,41700313,GSW vs. HOU,W,240,48,92,0.522,13,32,0.406,17,18,0.944,11,38,49,20,11,7,8,16,126,41,1,2018-05-20,Home
42017,1610612739,CLE,Cleveland Cavaliers,41700304,CLE vs. BOS,W,240,41,81,0.506,8,23,0.348,21,29,0.724,9,38,47,15,6,8,19,23,111,9,1,2018-05-21,Home
42017,1610612738,BOS,Boston Celtics,41700304,BOS @ CLE,L,240,35,85,0.412,9,28,0.321,23,30,0.767,9,28,37,21,9,3,10,26,102,-9,1,2018-05-21,Away
42017,1610612744,GSW,Golden State Warriors,41700314,GSW vs. HOU,L,240,35,89,0.393,9,27,0.333,13,14,0.929,16,33,49,14,6,3,16,24,92,-3,1,2018-05-22,Home
42017,1610612745,HOU,Houston Rockets,41700314,HOU @ GSW,W,240,30,77,0.39,12,38,0.316,23,27,0.852,8,33,41,12,7,9,13,19,95,3,1,2018-05-22,Away
42017,1610612739,CLE,Cleveland Cavaliers,41700305,CLE @ BOS,L,240,31,74,0.419,9,34,0.265,12,19,0.632,3,36,39,17,3,7,15,19,83,-13,1,2018-05-23,Away
42017,1610612738,BOS,Boston Celtics,41700305,BOS vs. CLE,W,240,31,85,0.365,13,39,0.333,21,23,0.913,7,38,45,18,10,6,10,19,96,13,1,2018-05-23,Home
42017,1610612745,HOU,Houston Rockets,41700315,HOU vs. GSW,W,240,29,78,0.372,13,43,0.302,27,32,0.844,8,32,40,12,10,3,12,19,98,4,1,2018-05-24,Home
42017,1610612744,GSW,Golden State Warriors,41700315,GSW @ HOU,L,240,32,72,0.444,10,26,0.385,20,23,0.87,4,37,41,18,7,1,18,21,94,-4,1,2018-05-24,Away
42017,1610612739,CLE,Cleveland Cavaliers,41700306,CLE vs. BOS,W,240,41,87,0.471,9,23,0.391,18,22,0.818,15,29,44,16,8,9,11,19,109,10,1,2018-05-25,Home
42017,1610612738,BOS,Boston Celtics,41700306,BOS @ CLE,L,240,38,74,0.514,12,28,0.429,11,20,0.55,5,26,31,25,5,2,14,18,99,-10,1,2018-05-25,Away
42017,1610612744,GSW,Golden State Warriors,41700316,GSW vs. HOU,W,240,43,87,0.494,16,38,0.421,13,19,0.684,13,34,47,26,11,10,12,17,115,29,1,2018-05-26,Home
42017,1610612745,HOU,Houston Rockets,41700316,HOU @ GSW,L,240,31,77,0.403,15,39,0.385,9,17,0.529,7,31,38,13,8,2,21,16,86,-29,1,2018-05-26,Away
42017,1610612738,BOS,Boston Celtics,41700307,BOS vs. CLE,L,240,29,85,0.341,7,39,0.179,14,19,0.737,11,31,42,18,6,0,6,20,79,-8,1,2018-05-27,Home
42017,1610612739,CLE,Cleveland Cavaliers,41700307,CLE @ BOS,W,240,30,66,0.455,9,35,0.257,18,25,0.72,2,39,41,15,2,4,13,21,87,8,1,2018-05-27,Away
42017,1610612745,HOU,Houston Rockets,41700317,HOU vs. GSW,L,240,36,90,0.4,7,44,0.159,13,22,0.591,17,27,44,17,13,3,12,17,92,-9,1,2018-05-28,Home
42017,1610612744,GSW,Golden State Warriors,41700317,GSW @ HOU,W,240,39,80,0.488,16,39,0.41,7,14,0.5,11,31,42,25,9,7,17,22,101,9,1,2018-05-28,Away
42017,1610612739,CLE,Cleveland Cavaliers,41700401,CLE @ GSW,L,265,44,99,0.444,10,37,0.27,16,22,0.727,19,34,53,18,5,3,12,18,114,-10,1,2018-05-31,Away
42017,1610612744,GSW,Golden State Warriors,41700401,GSW vs. CLE,W,265,46,90,0.511,13,36,0.361,19,20,0.95,4,34,38,31,10,6,8,18,124,10,1,2018-05-31,Home
42017,1610612744,GSW,Golden State Warriors,41700402,GSW vs. CLE,W,240,47,82,0.573,15,36,0.417,13,21,0.619,7,34,41,28,3,8,12,25,122,19,1,2018-06-03,Home
42017,1610612739,CLE,Cleveland Cavaliers,41700402,CLE @ GSW,L,240,37,90,0.411,9,27,0.333,20,26,0.769,16,26,42,25,9,4,11,15,103,-19,1,2018-06-03,Away
42017,1610612744,GSW,Golden State Warriors,41700403,GSW @ CLE,W,240,42,81,0.519,9,26,0.346,17,19,0.895,6,31,37,27,6,5,11,20,110,8,1,2018-06-06,Away
42017,1610612739,CLE,Cleveland Cavaliers,41700403,CLE vs. GSW,L,240,40,92,0.435,9,31,0.29,13,17,0.765,15,32,47,20,6,4,14,18,102,-8,1,2018-06-06,Home
42017,1610612739,CLE,Cleveland Cavaliers,41700404,CLE vs. GSW,L,240,30,87,0.345,8,27,0.296,17,25,0.68,17,27,44,21,5,5,11,22,85,-23,1,2018-06-08,Home
42017,1610612744,GSW,Golden State Warriors,41700404,GSW @ CLE,W,240,39,86,0.453,14,38,0.368,16,16,1.0,10,34,44,25,7,13,10,24,108,23,1,2018-06-08,Away
42018,1610612743,DEN,Denver Nuggets,41800151,DEN vs. SAS,L,240,37,88,0.42,6,28,0.214,16,24,0.667,13,33,46,25,8,3,10,18,96,-5,1,2019-04-13,Home
42018,1610612759,SAS,San Antonio Spurs,41800151,SAS @ DEN,W,240,40,83,0.482,7,15,0.467,14,20,0.7,10,37,47,20,4,4,11,17,101,5,1,2019-04-13,Away
42018,1610612751,BKN,Brooklyn Nets,41800121,BKN @ PHI,W,240,38,88,0.432,11,26,0.423,24,26,0.923,10,35,45,15,9,2,12,27,111,9,1,2019-04-13,Away
42018,1610612746,LAC,LA Clippers,41800141,LAC @ GSW,L,240,38,95,0.4,11,30,0.367,17,22,0.773,7,33,40,24,10,7,18,22,104,-17,1,2019-04-13,Away
42018,1610612755,PHI,Philadelphia 76ers,41800121,PHI vs. BKN,L,240,35,86,0.407,3,25,0.12,29,42,0.69,16,34,50,20,6,11,13,24,102,-9,1,2019-04-13,Home
42018,1610612761,TOR,Toronto Raptors,41800111,TOR vs. ORL,L,240,40,88,0.455,12,36,0.333,9,14,0.643,6,39,45,23,4,4,13,19,101,-3,1,2019-04-13,Home
42018,1610612744,GSW,Golden State Warriors,41800141,GSW vs. LAC,W,240,45,92,0.489,14,30,0.467,17,20,0.85,12,42,54,31,9,14,21,22,121,17,1,2019-04-13,Home
42018,1610612753,ORL,Orlando Magic,41800111,ORL @ TOR,W,240,36,90,0.4,14,29,0.483,18,20,0.9,10,38,48,19,9,4,11,19,104,3,1,2019-04-13,Away
42018,1610612757,POR,Portland Trail Blazers,41800161,POR vs. OKC,W,240,36,86,0.419,11,25,0.44,21,27,0.778,13,35,48,14,8,9,19,17,104,5,1,2019-04-14,Home
42018,1610612738,BOS,Boston Celtics,41800131,BOS vs. IND,W,240,28,77,0.364,10,28,0.357,18,22,0.818,7,48,55,18,8,2,20,20,84,10,1,2019-04-14,Home
42018,1610612762,UTA,Utah Jazz,41800171,UTA @ HOU,L,240,30,77,0.39,7,27,0.259,23,27,0.852,7,34,41,17,6,2,19,20,90,-32,1,2019-04-14,Away
42018,1610612765,DET,Detroit Pistons,41800101,DET @ MIL,L,240,35,92,0.38,8,27,0.296,8,13,0.615,7,39,46,22,7,2,13,21,86,-35,1,2019-04-14,Away
42018,1610612745,HOU,Houston Rockets,41800171,HOU vs. UTA,W,240,48,95,0.505,15,41,0.366,11,12,0.917,8,34,42,25,6,6,12,20,122,32,1,2019-04-14,Home
42018,1610612760,OKC,Oklahoma City Thunder,41800161,OKC @ POR,L,240,37,93,0.398,5,33,0.152,20,23,0.87,18,31,49,18,10,4,16,26,99,-5,1,2019-04-14,Away
42018,1610612749,MIL,Milwaukee Bucks,41800101,MIL vs. DET,W,240,44,90,0.489,15,43,0.349,18,26,0.692,8,46,54,31,7,8,10,16,121,35,1,2019-04-14,Home
42018,1610612754,IND,Indiana Pacers,41800131,IND @ BOS,L,240,28,84,0.333,6,27,0.222,12,21,0.571,9,33,42,22,8,5,13,20,74,-10,1,2019-04-14,Away
42018,1610612751,BKN,Brooklyn Nets,41800122,BKN @ PHI,L,240,43,90,0.478,15,36,0.417,22,29,0.759,12,20,32,20,3,2,14,24,123,-22,1,2019-04-15,Away
42018,1610612744,GSW,Golden State Warriors,41800142,GSW vs. LAC,L,240,40,75,0.533,11,28,0.393,40,45,0.889,7,31,38,31,11,6,22,31,131,-4,1,2019-04-15,Home
42018,1610612755,PHI,Philadelphia 76ers,41800122,PHI vs. BKN,W,240,55,98,0.561,9,23,0.391,26,32,0.813,15,34,49,29,8,3,12,23,145,22,1,2019-04-15,Home
42018,1610612746,LAC,LA Clippers,41800142,LAC @ GSW,W,240,48,85,0.565,14,31,0.452,25,31,0.806,8,26,34,34,14,1,20,33,135,4,1,2019-04-15,Away
42018,1610612760,OKC,Oklahoma City Thunder,41800162,OKC @ POR,L,240,35,86,0.407,5,28,0.179,19,28,0.679,13,34,47,21,6,6,16,27,94,-20,1,2019-04-16,Away
42018,1610612761,TOR,Toronto Raptors,41800112,TOR vs. ORL,W,240,42,87,0.483,11,35,0.314,16,17,0.941,6,36,42,25,10,5,7,23,111,29,1,2019-04-16,Home
42018,1610612753,ORL,Orlando Magic,41800112,ORL @ TOR,L,240,30,81,0.37,9,34,0.265,13,24,0.542,12,33,45,17,2,4,17,18,82,-29,1,2019-04-16,Away
42018,1610612759,SAS,San Antonio Spurs,41800152,SAS @ DEN,L,240,39,86,0.453,5,18,0.278,22,25,0.88,11,39,50,20,3,3,10,20,105,-9,1,2019-04-16,Away
42018,1610612757,POR,Portland Trail Blazers,41800162,POR vs. OKC,W,240,42,90,0.467,13,32,0.406,17,21,0.81,7,37,44,17,9,6,12,27,114,20,1,2019-04-16,Home
42018,1610612743,DEN,Denver Nuggets,41800152,DEN vs. SAS,W,240,43,89,0.483,10,24,0.417,18,26,0.692,7,34,41,29,5,2,6,21,114,9,1,2019-04-16,Home
42018,1610612762,UTA,Utah Jazz,41800172,UTA @ HOU,L,240,39,98,0.398,8,38,0.211,12,18,0.667,15,33,48,27,16,3,12,26,98,-20,1,2019-04-17,Away
42018,1610612754,IND,Indiana Pacers,41800132,IND @ BOS,L,240,36,81,0.444,13,34,0.382,6,10,0.6,4,32,36,23,11,3,12,16,91,-8,1,2019-04-17,Away
42018,1610612765,DET,Detroit Pistons,41800102,DET @ MIL,L,240,37,99,0.374,12,36,0.333,13,17,0.765,11,32,43,23,5,7,9,21,99,-21,1,2019-04-17,Away
42018,1610612745,HOU,Houston Rockets,41800172,HOU vs. UTA,W,240,38,80,0.475,17,42,0.405,25,30,0.833,8,38,46,17,8,9,18,18,118,20,1,2019-04-17,Home
42018,1610612738,BOS,Boston Celtics,41800132,BOS vs. IND,W,240,40,84,0.476,11,28,0.393,8,9,0.889,7,41,48,22,3,5,14,16,99,8,1,2019-04-17,Home
42018,1610612749,MIL,Milwaukee Bucks,41800102,MIL vs. DET,W,240,47,90,0.522,11,26,0.423,15,21,0.714,8,46,54,32,5,11,13,21,120,21,1,2019-04-17,Home
42018,1610612746,LAC,LA Clippers,41800143,LAC vs. GSW,L,240,35,94,0.372,7,32,0.219,28,34,0.824,16,27,43,21,6,2,13,25,105,-27,1,2019-04-18,Home
42018,1610612759,SAS,San Antonio Spurs,41800153,SAS vs. DEN,W,240,44,89,0.494,7,18,0.389,23,32,0.719,15,30,45,24,9,2,6,20,118,10,1,2019-04-18,Home
42018,1610612751,BKN,Brooklyn Nets,41800123,BKN vs. PHI,L,240,39,96,0.406,8,39,0.205,29,35,0.829,13,30,43,12,6,2,16,24,115,-16,1,2019-04-18,Home
42018,1610612743,DEN,Denver Nuggets,41800153,DEN @ SAS,L,240,42,81,0.519,15,29,0.517,9,17,0.529,10,27,37,31,3,1,13,21,108,-10,1,2019-04-18,Away
42018,1610612744,GSW,Golden State Warriors,41800143,GSW @ LAC,W,240,51,93,0.548,15,35,0.429,15,18,0.833,10,40,50,35,4,11,12,28,132,27,1,2019-04-18,Away
42018,1610612755,PHI,Philadelphia 76ers,41800123,PHI @ BKN,W,240,45,94,0.479,11,27,0.407,30,35,0.857,15,39,54,26,9,5,16,29,131,16,1,2019-04-18,Away
42018,1610612760,OKC,Oklahoma City Thunder,41800163,OKC vs. POR,W,240,37,77,0.481,15,29,0.517,31,39,0.795,8,29,37,27,6,5,15,24,120,12,1,2019-04-19,Home
42018,1610612738,BOS,Boston Celtics,41800133,BOS @ IND,W,240,38,81,0.469,15,34,0.441,13,22,0.591,9,36,45,23,4,4,13,19,104,8,1,2019-04-19,Away
42018,1610612753,ORL,Orlando Magic,41800113,ORL vs. TOR,L,240,29,80,0.363,13,44,0.295,22,23,0.957,7,35,42,19,8,5,16,17,93,-5,1,2019-04-19,Home
42018,1610612757,POR,Portland Trail Blazers,41800163,POR @ OKC,L,240,39,83,0.47,12,31,0.387,18,24,0.75,12,29,41,18,5,1,18,33,108,-12,1,2019-04-19,Away
42018,1610612761,TOR,Toronto Raptors,41800113,TOR @ ORL,W,240,39,87,0.448,11,28,0.393,9,10,0.9,8,35,43,26,9,3,13,23,98,5,1,2019-04-19,Away
42018,1610612754,IND,Indiana Pacers,41800133,IND vs. BOS,L,240,34,81,0.42,11,30,0.367,17,23,0.739,8,32,40,20,9,4,11,19,96,-8,1,2019-04-19,Home
42018,1610612755,PHI,Philadelphia 76ers,41800124,PHI @ BKN,W,240,44,88,0.5,8,26,0.308,16,21,0.762,12,44,56,25,6,8,21,24,112,4,1,2019-04-20,Away
42018,1610612745,HOU,Houston Rockets,41800173,HOU @ UTA,W,240,33,86,0.384,15,45,0.333,23,34,0.676,9,43,52,19,11,4,13,25,104,3,1,2019-04-20,Away
42018,1610612765,DET,Detroit Pistons,41800103,DET vs. MIL,L,240,37,96,0.385,11,36,0.306,18,24,0.75,15,29,44,21,9,6,9,24,103,-16,1,2019-04-20,Home
42018,1610612743,DEN,Denver Nuggets,41800154,DEN @ SAS,W,240,40,89,0.449,15,31,0.484,22,24,0.917,11,34,45,25,4,2,8,22,117,14,1,2019-04-20,Away
42018,1610612762,UTA,Utah Jazz,41800173,UTA vs. HOU,L,240,32,77,0.416,12,41,0.293,25,38,0.658,7,41,48,21,9,11,14,22,101,-3,1,2019-04-20,Home
42018,1610612751,BKN,Brooklyn Nets,41800124,BKN vs. PHI,L,240,36,90,0.4,12,38,0.316,24,31,0.774,12,29,41,23,10,4,14,26,108,-4,1,2019-04-20,Home
42018,1610612749,MIL,Milwaukee Bucks,41800103,MIL @ DET,W,240,42,86,0.488,14,38,0.368,21,24,0.875,13,38,51,24,5,6,16,22,119,16,1,2019-04-20,Away
42018,1610612759,SAS,San Antonio Spurs,41800154,SAS vs. DEN,L,240,37,79,0.468,5,17,0.294,24,32,0.75,11,35,46,23,4,4,10,22,103,-14,1,2019-04-20,Home
42018,1610612754,IND,Indiana Pacers,41800134,IND vs. BOS,L,240,36,88,0.409,10,28,0.357,24,28,0.857,11,32,43,18,5,2,12,25,106,-4,1,2019-04-21,Home
42018,1610612761,TOR,Toronto Raptors,41800114,TOR @ ORL,W,240,40,75,0.533,11,28,0.393,16,18,0.889,7,38,45,23,11,6,14,20,107,22,1,2019-04-21,Away
42018,1610612738,BOS,Boston Celtics,41800134,BOS @ IND,W,240,36,78,0.462,11,28,0.393,27,34,0.794,7,36,43,18,7,1,17,23,110,4,1,2019-04-21,Away
42018,1610612744,GSW,Golden State Warriors,41800144,GSW @ LAC,W,240,42,89,0.472,12,31,0.387,17,19,0.895,11,38,49,27,5,2,13,27,113,8,1,2019-04-21,Away
42018,1610612760,OKC,Oklahoma City Thunder,41800164,OKC vs. POR,L,240,33,88,0.375,15,40,0.375,17,22,0.773,6,38,44,23,7,4,14,22,98,-13,1,2019-04-21,Home
42018,1610612753,ORL,Orlando Magic,41800114,ORL vs. TOR,L,240,34,81,0.42,7,33,0.212,10,13,0.769,7,27,34,20,7,2,17,19,85,-22,1,2019-04-21,Home
42018,1610612746,LAC,LA Clippers,41800144,LAC vs. GSW,L,240,34,80,0.425,13,31,0.419,24,32,0.75,4,29,33,22,8,4,10,21,105,-8,1,2019-04-21,Home
42018,1610612757,POR,Portland Trail Blazers,41800164,POR @ OKC,W,240,37,90,0.411,15,35,0.429,22,23,0.957,8,41,49,16,10,8,13,22,111,13,1,2019-04-21,Away
42018,1610612745,HOU,Houston Rockets,41800174,HOU @ UTA,L,240,28,79,0.354,17,46,0.37,18,24,0.75,9,26,35,14,9,4,16,23,91,-16,1,2019-04-22,Away
42018,1610612762,UTA,Utah Jazz,41800174,UTA vs. HOU,W,240,37,86,0.43,11,35,0.314,22,26,0.846,16,36,52,24,7,7,15,19,107,16,1,2019-04-22,Home
42018,1610612749,MIL,Milwaukee Bucks,41800104,MIL @ DET,W,240,43,79,0.544,10,28,0.357,31,41,0.756,10,44,54,27,6,10,19,21,127,23,1,2019-04-22,Away
42018,1610612765,DET,Detroit Pistons,41800104,DET vs. MIL,L,240,41,100,0.41,13,34,0.382,9,12,0.75,10,26,36,26,8,1,11,31,104,-23,1,2019-04-22,Home
42018,1610612760,OKC,Oklahoma City Thunder,41800165,OKC @ POR,L,240,47,86,0.547,12,27,0.444,9,15,0.6,6,33,39,24,4,8,15,22,115,-3,1,2019-04-23,Away
42018,1610612759,SAS,San Antonio Spurs,41800155,SAS @ DEN,L,240,37,90,0.411,7,24,0.292,9,15,0.6,10,32,42,17,6,3,8,20,90,-18,1,2019-04-23,Away
42018,1610612751,BKN,Brooklyn Nets,41800125,BKN @ PHI,L,240,36,93,0.387,9,31,0.29,19,25,0.76,9,32,41,26,10,4,15,13,100,-22,1,2019-04-23,Away
42018,1610612757,POR,Portland Trail Blazers,41800165,POR vs. OKC,W,240,45,96,0.469,13,35,0.371,15,23,0.652,13,32,45,22,8,5,10,18,118,3,1,2019-04-23,Home
42018,1610612743,DEN,Denver Nuggets,41800155,DEN vs. SAS,W,240,39,78,0.5,14,33,0.424,16,20,0.8,7,42,49,25,4,6,14,21,108,18,1,2019-04-23,Home
42018,1610612755,PHI,Philadelphia 76ers,41800125,PHI vs. BKN,W,240,51,100,0.51,14,33,0.424,6,9,0.667,11,45,56,35,10,3,20,21,122,22,1,2019-04-23,Home
42018,1610612753,ORL,Orlando Magic,41800115,ORL @ TOR,L,240,32,83,0.386,9,34,0.265,23,31,0.742,12,36,48,20,7,5,17,21,96,-19,1,2019-04-23,Away
42018,1610612761,TOR,Toronto Raptors,41800115,TOR vs. ORL,W,240,41,85,0.482,15,36,0.417,18,21,0.857,8,40,48,34,8,3,14,30,115,19,1,2019-04-23,Home
42018,1610612746,LAC,LA Clippers,41800145,LAC @ GSW,W,240,46,85,0.541,13,34,0.382,24,26,0.923,9,33,42,29,3,1,14,23,129,8,1,2019-04-24,Away
42018,1610612744,GSW,Golden State Warriors,41800145,GSW vs. LAC,L,240,43,96,0.448,15,39,0.385,20,22,0.909,15,24,39,31,7,3,8,23,121,-8,1,2019-04-24,Home
42018,1610612745,HOU,Houston Rockets,41800175,HOU vs. UTA,W,240,36,81,0.444,13,37,0.351,15,22,0.682,9,37,46,17,12,12,17,21,100,7,1,2019-04-24,Home
42018,1610612762,UTA,Utah Jazz,41800175,UTA @ HOU,L,240,35,94,0.372,9,38,0.237,14,19,0.737,14,33,47,26,8,4,16,22,93,-7,1,2019-04-24,Away
42018,1610612743,DEN,Denver Nuggets,41800156,DEN @ SAS,L,240,44,96,0.458,6,24,0.25,9,12,0.75,12,25,37,26,5,3,7,18,103,-17,1,2019-04-25,Away
42018,1610612759,SAS,San Antonio Spurs,41800156,SAS vs. DEN,W,240,48,84,0.571,10,24,0.417,14,17,0.824,10,31,41,25,3,7,8,17,120,17,1,2019-04-25,Home
42018,1610612744,GSW,Golden State Warriors,41800146,GSW @ LAC,W,240,47,89,0.528,10,30,0.333,25,31,0.806,7,39,46,32,6,9,10,24,129,19,1,2019-04-26,Away
42018,1610612746,LAC,LA Clippers,41800146,LAC vs. GSW,L,240,38,96,0.396,11,32,0.344,23,28,0.821,16,33,49,22,7,5,15,26,110,-19,1,2019-04-26,Home
42018,1610612759,SAS,San Antonio Spurs,41800157,SAS @ DEN,L,240,31,85,0.365,6,23,0.261,18,20,0.9,8,37,45,19,3,5,6,20,86,-4,1,2019-04-27,Away
42018,1610612743,DEN,Denver Nuggets,41800157,DEN vs. SAS,W,240,35,88,0.398,2,20,0.1,18,23,0.783,13,40,53,21,3,8,6,19,90,4,1,2019-04-27,Home
42018,1610612761,TOR,Toronto Raptors,41800211,TOR vs. PHI,W,240,41,79,0.519,9,27,0.333,17,24,0.708,2,38,40,21,3,6,10,24,108,13,1,2019-04-27,Home
42018,1610612755,PHI,Philadelphia 76ers,41800211,PHI @ TOR,L,240,35,89,0.393,11,32,0.344,14,21,0.667,13,34,47,23,5,2,16,21,95,-13,1,2019-04-27,Away
42018,1610612745,HOU,Houston Rockets,41800221,HOU @ GSW,L,240,31,74,0.419,14,47,0.298,24,29,0.828,3,23,26,14,14,3,16,21,100,-4,1,2019-04-28,Away
42018,1610612749,MIL,Milwaukee Bucks,41800201,MIL vs. BOS,L,240,31,89,0.348,13,39,0.333,15,24,0.625,7,37,44,19,6,2,11,11,90,-22,1,2019-04-28,Home
42018,1610612738,BOS,Boston Celtics,41800201,BOS @ MIL,W,240,47,87,0.54,13,31,0.419,5,8,0.625,3,48,51,25,5,11,13,21,112,22,1,2019-04-28,Away
42018,1610612744,GSW,Golden State Warriors,41800221,GSW vs. HOU,W,240,38,75,0.507,7,22,0.318,21,27,0.778,8,30,38,24,7,3,20,24,104,4,1,2019-04-28,Home
42018,1610612755,PHI,Philadelphia 76ers,41800212,PHI @ TOR,W,240,30,76,0.395,10,35,0.286,24,26,0.923,9,43,52,22,5,4,20,18,94,5,1,2019-04-29,Away
42018,1610612761,TOR,Toronto Raptors,41800212,TOR vs. PHI,L,240,33,90,0.367,10,37,0.27,13,15,0.867,9,27,36,20,10,4,13,22,89,-5,1,2019-04-29,Home
42018,1610612757,POR,Portland Trail Blazers,41800231,POR @ DEN,L,240,41,79,0.519,11,29,0.379,20,27,0.741,9,31,40,20,6,5,18,24,113,-8,1,2019-04-29,Away
42018,1610612743,DEN,Denver Nuggets,41800231,DEN vs. POR,W,240,41,81,0.506,12,29,0.414,27,31,0.871,7,27,34,22,12,7,13,22,121,8,1,2019-04-29,Home
42018,1610612738,BOS,Boston Celtics,41800202,BOS @ MIL,L,240,34,86,0.395,10,28,0.357,24,27,0.889,7,38,45,19,5,2,13,23,102,-21,1,2019-04-30,Away
42018,1610612745,HOU,Houston Rockets,41800222,HOU @ GSW,L,240,36,77,0.468,17,40,0.425,20,25,0.8,10,31,41,17,5,2,18,21,109,-6,1,2019-04-30,Away
42018,1610612749,MIL,Milwaukee Bucks,41800202,MIL vs. BOS,W,240,39,88,0.443,20,47,0.426,25,31,0.806,10,43,53,22,6,4,12,24,123,21,1,2019-04-30,Home
42018,1610612744,GSW,Golden State Warriors,41800222,GSW vs. HOU,W,240,42,91,0.462,11,36,0.306,20,24,0.833,18,27,45,24,10,5,12,23,115,6,1,2019-04-30,Home
42018,1610612743,DEN,Denver Nuggets,41800232,DEN vs. POR,L,240,34,98,0.347,6,29,0.207,16,26,0.615,23,35,58,20,6,5,9,19,90,-7,1,2019-05-01,Home
42018,1610612757,POR,Portland Trail Blazers,41800232,POR @ DEN,W,240,36,85,0.424,9,29,0.31,16,20,0.8,7,40,47,18,5,6,11,22,97,7,1,2019-05-01,Away
42018,1610612761,TOR,Toronto Raptors,41800213,TOR @ PHI,L,240,35,83,0.422,7,27,0.259,18,23,0.783,8,27,35,15,7,4,9,17,95,-21,1,2019-05-02,Away
42018,1610612755,PHI,Philadelphia 76ers,41800213,PHI vs. TOR,W,240,43,84,0.512,10,23,0.435,20,23,0.87,9,36,45,29,4,8,13,17,116,21,1,2019-05-02,Home
42018,1610612749,MIL,Milwaukee Bucks,41800203,MIL @ BOS,W,240,42,83,0.506,15,37,0.405,24,36,0.667,7,37,44,23,8,7,15,26,123,7,1,2019-05-03,Away
42018,1610612743,DEN,Denver Nuggets,41800233,DEN @ POR,L,340,54,119,0.454,15,42,0.357,14,20,0.7,24,42,66,28,11,8,21,27,137,-3,1,2019-05-03,Away
42018,1610612757,POR,Portland Trail Blazers,41800233,POR vs. DEN,W,340,52,124,0.419,12,42,0.286,24,28,0.857,24,38,62,23,13,5,14,24,140,3,1,2019-05-03,Home
42018,1610612738,BOS,Boston Celtics,41800203,BOS vs. MIL,L,240,35,81,0.432,16,40,0.4,30,32,0.938,6,38,44,24,9,3,18,27,116,-7,1,2019-05-03,Home
42018,1610612745,HOU,Houston Rockets,41800223,HOU vs. GSW,W,265,45,93,0.484,18,42,0.429,18,26,0.692,17,38,55,20,4,6,16,24,126,5,1,2019-05-04,Home
42018,1610612744,GSW,Golden State Warriors,41800223,GSW @ HOU,L,265,42,95,0.442,14,33,0.424,23,29,0.793,7,28,35,27,6,6,8,22,121,-5,1,2019-05-04,Away
42018,1610612743,DEN,Denver Nuggets,41800234,DEN @ POR,W,240,40,92,0.435,11,25,0.44,25,28,0.893,17,28,45,21,7,4,10,22,116,4,1,2019-05-05,Away
42018,1610612761,TOR,Toronto Raptors,41800214,TOR @ PHI,W,240,35,76,0.461,10,31,0.323,21,26,0.808,8,35,43,19,6,3,14,24,101,5,1,2019-05-05,Away
42018,1610612755,PHI,Philadelphia 76ers,41800214,PHI vs. TOR,L,240,33,82,0.402,12,38,0.316,18,25,0.72,11,32,43,22,8,6,13,23,96,-5,1,2019-05-05,Home
42018,1610612757,POR,Portland Trail Blazers,41800234,POR vs. DEN,L,240,39,82,0.476,12,28,0.429,22,28,0.786,12,31,43,18,4,5,14,27,112,-4,1,2019-05-05,Home
42018,1610612744,GSW,Golden State Warriors,41800224,GSW @ HOU,L,240,42,90,0.467,8,33,0.242,16,23,0.696,8,35,43,24,6,2,11,21,108,-4,1,2019-05-06,Away
42018,1610612738,BOS,Boston Celtics,41800204,BOS vs. MIL,L,240,34,90,0.378,9,41,0.22,24,30,0.8,9,42,51,25,3,5,11,20,101,-12,1,2019-05-06,Home
42018,1610612745,HOU,Houston Rockets,41800224,HOU vs. GSW,W,240,39,89,0.438,17,50,0.34,17,24,0.708,13,37,50,18,6,6,14,23,112,4,1,2019-05-06,Home
42018,1610612749,MIL,Milwaukee Bucks,41800204,MIL @ BOS,W,240,44,100,0.44,8,37,0.216,17,25,0.68,11,45,56,25,4,5,7,25,113,12,1,2019-05-06,Away
42018,1610612761,TOR,Toronto Raptors,41800215,TOR vs. PHI,W,240,40,82,0.488,16,40,0.4,29,33,0.879,6,36,42,22,12,2,13,18,125,36,1,2019-05-07,Home
42018,1610612755,PHI,Philadelphia 76ers,41800215,PHI @ TOR,L,240,33,79,0.418,6,24,0.25,17,20,0.85,5,32,37,19,6,5,19,26,89,-36,1,2019-05-07,Away
42018,1610612757,POR,Portland Trail Blazers,41800235,POR @ DEN,L,240,36,98,0.367,10,37,0.27,16,30,0.533,13,30,43,19,6,5,6,23,98,-26,1,2019-05-07,Away
42018,1610612743,DEN,Denver Nuggets,41800235,DEN vs. POR,W,240,44,89,0.494,8,24,0.333,28,31,0.903,10,52,62,26,4,4,8,22,124,26,1,2019-05-07,Home
42018,1610612738,BOS,Boston Celtics,41800205,BOS @ MIL,L,240,29,93,0.312,7,39,0.179,26,34,0.765,12,36,48,19,9,1,14,18,91,-25,2,2019-05-08,Away
42018,1610612749,MIL,Milwaukee Bucks,41800205,MIL vs. BOS,W,240,42,94,0.447,15,47,0.319,17,22,0.773,12,46,58,27,8,7,17,23,116,25,2,2019-05-08,Home
42018,1610612744,GSW,Golden State Warriors,41800225,GSW vs. HOU,W,240,39,85,0.459,13,37,0.351,13,18,0.722,12,30,42,28,6,1,15,19,104,5,1,2019-05-08,Home
42018,1610612745,HOU,Houston Rockets,41800225,HOU @ GSW,L,240,33,79,0.418,12,41,0.293,21,24,0.875,8,31,39,19,10,3,17,20,99,-5,1,2019-05-08,Away
42018,1610612755,PHI,Philadelphia 76ers,41800216,PHI vs. TOR,W,240,41,89,0.461,10,28,0.357,20,26,0.769,16,36,52,27,5,3,18,22,112,11,1,2019-05-09,Home
42018,1610612743,DEN,Denver Nuggets,41800236,DEN @ POR,L,240,33,86,0.384,12,32,0.375,30,32,0.938,16,28,44,22,7,3,7,23,108,-11,1,2019-05-09,Away
42018,1610612761,TOR,Toronto Raptors,41800216,TOR @ PHI,L,240,35,81,0.432,9,36,0.25,22,29,0.759,9,25,34,25,9,4,12,24,101,-11,1,2019-05-09,Away
42018,1610612757,POR,Portland Trail Blazers,41800236,POR vs. DEN,W,240,41,89,0.461,15,33,0.455,22,30,0.733,11,32,43,18,4,5,9,20,119,11,1,2019-05-09,Home
42018,1610612745,HOU,Houston Rockets,41800226,HOU vs. GSW,L,240,42,89,0.472,17,39,0.436,12,17,0.706,12,28,40,21,9,1,17,22,113,-5,1,2019-05-10,Home
42018,1610612744,GSW,Golden State Warriors,41800226,GSW @ HOU,W,240,42,85,0.494,16,38,0.421,18,23,0.783,10,25,35,25,9,7,17,19,118,5,1,2019-05-10,Away
42018,1610612761,TOR,Toronto Raptors,41800217,TOR vs. PHI,W,240,34,89,0.382,7,30,0.233,17,19,0.895,16,33,49,15,10,4,10,22,92,2,1,2019-05-12,Home
42018,1610612755,PHI,Philadelphia 76ers,41800217,PHI @ TOR,L,240,28,65,0.431,9,27,0.333,25,30,0.833,5,36,41,16,4,7,17,21,90,-2,1,2019-05-12,Away
42018,1610612757,POR,Portland Trail Blazers,41800237,POR @ DEN,W,240,38,93,0.409,4,26,0.154,20,24,0.833,12,43,55,16,5,7,4,31,100,4,1,2019-05-12,Away
42018,1610612743,DEN,Denver Nuggets,41800237,DEN vs. POR,L,240,33,89,0.371,2,19,0.105,28,39,0.718,13,38,51,15,1,9,5,23,96,-4,1,2019-05-12,Home
42018,1610612744,GSW,Golden State Warriors,41800311,GSW vs. POR,W,240,42,84,0.5,17,33,0.515,15,18,0.833,11,31,42,30,13,8,14,24,116,22,1,2019-05-14,Home
42018,1610612757,POR,Portland Trail Blazers,41800311,POR @ GSW,L,240,30,83,0.361,7,28,0.25,27,31,0.871,16,31,47,21,5,5,21,16,94,-22,1,2019-05-14,Away
42018,1610612749,MIL,Milwaukee Bucks,41800301,MIL vs. TOR,W,240,37,93,0.398,11,44,0.25,23,27,0.852,15,45,60,21,8,11,13,16,108,8,1,2019-05-15,Home
42018,1610612761,TOR,Toronto Raptors,41800301,TOR @ MIL,L,240,34,92,0.37,15,42,0.357,17,20,0.85,8,38,46,17,9,4,12,21,100,-8,1,2019-05-15,Away
42018,1610612757,POR,Portland Trail Blazers,41800312,POR @ GSW,L,240,38,86,0.442,18,39,0.462,17,18,0.944,10,27,37,23,8,1,13,22,111,-3,1,2019-05-16,Away
42018,1610612744,GSW,Golden State Warriors,41800312,GSW vs. POR,W,240,42,82,0.512,9,29,0.31,21,27,0.778,12,38,50,30,4,9,16,21,114,3,1,2019-05-16,Home
42018,1610612761,TOR,Toronto Raptors,41800302,TOR @ MIL,L,240,37,87,0.425,10,32,0.313,19,25,0.76,6,34,40,19,3,6,14,30,103,-22,1,2019-05-17,Away
42018,1610612749,MIL,Milwaukee Bucks,41800302,MIL vs. TOR,W,240,43,92,0.467,13,41,0.317,26,35,0.743,11,42,53,27,6,4,7,26,125,22,1,2019-05-17,Home
42018,1610612744,GSW,Golden State Warriors,41800313,GSW @ POR,W,240,41,84,0.488,8,26,0.308,20,23,0.87,7,42,49,27,9,5,14,24,110,11,1,2019-05-18,Away
42018,1610612757,POR,Portland Trail Blazers,41800313,POR vs. GSW,L,240,34,85,0.4,11,35,0.314,20,33,0.606,10,31,41,22,9,3,11,23,99,-11,1,2019-05-18,Home
42018,1610612761,TOR,Toronto Raptors,41800303,TOR vs. MIL,W,290,40,102,0.392,17,45,0.378,21,26,0.808,8,47,55,28,11,10,17,30,118,6,1,2019-05-19,Home
42018,1610612749,MIL,Milwaukee Bucks,41800303,MIL @ TOR,L,290,38,102,0.373,14,44,0.318,22,33,0.667,13,50,63,22,14,5,20,30,112,-6,1,2019-05-19,Away
42018,1610612744,GSW,Golden State Warriors,41800314,GSW @ POR,W,265,46,99,0.465,12,39,0.308,15,19,0.789,15,41,56,30,10,5,15,17,119,2,1,2019-05-20,Away
42018,1610612757,POR,Portland Trail Blazers,41800314,POR vs. GSW,L,265,47,98,0.48,16,41,0.39,7,10,0.7,6,32,38,31,5,6,13,15,117,-2,1,2019-05-20,Home
42018,1610612761,TOR,Toronto Raptors,41800304,TOR vs. MIL,W,240,41,87,0.471,14,41,0.341,24,27,0.889,10,34,44,32,9,5,11,23,120,18,1,2019-05-21,Home
42018,1610612749,MIL,Milwaukee Bucks,41800304,MIL @ TOR,L,240,37,80,0.463,11,35,0.314,17,26,0.654,7,33,40,30,8,7,13,22,102,-18,1,2019-05-21,Away
42018,1610612761,TOR,Toronto Raptors,41800305,TOR @ MIL,W,240,31,84,0.369,18,43,0.419,25,31,0.806,10,35,45,19,6,4,6,16,105,6,1,2019-05-23,Away
42018,1610612749,MIL,Milwaukee Bucks,41800305,MIL vs. TOR,L,240,38,84,0.452,10,31,0.323,13,18,0.722,8,45,53,26,2,2,11,22,99,-6,1,2019-05-23,Home
42018,1610612749,MIL,Milwaukee Bucks,41800306,MIL @ TOR,L,240,30,75,0.4,12,34,0.353,22,31,0.71,12,30,42,19,7,7,11,22,94,-6,1,2019-05-25,Away
42018,1610612761,TOR,Toronto Raptors,41800306,TOR vs. MIL,W,240,36,74,0.486,12,27,0.444,16,22,0.727,6,32,38,20,7,4,11,24,100,6,1,2019-05-25,Home
42018,1610612761,TOR,Toronto Raptors,41800401,TOR vs. GSW,W,240,39,77,0.506,13,33,0.394,27,32,0.844,7,29,36,25,6,6,10,26,118,9,1,2019-05-30,Home
42018,1610612744,GSW,Golden State Warriors,41800401,GSW @ TOR,L,240,34,78,0.436,12,31,0.387,29,31,0.935,9,29,38,29,6,2,17,27,109,-9,1,2019-05-30,Away
42018,1610612744,GSW,Golden State Warriors,41800402,GSW @ TOR,W,240,38,82,0.463,13,34,0.382,20,23,0.87,6,36,42,34,7,5,16,26,109,5,1,2019-06-02,Away
42018,1610612761,TOR,Toronto Raptors,41800402,TOR vs. GSW,L,240,35,94,0.372,11,38,0.289,23,26,0.885,15,34,49,17,8,2,15,22,104,-5,1,2019-06-02,Home
42018,1610612744,GSW,Golden State Warriors,41800403,GSW vs. TOR,L,240,36,91,0.396,12,36,0.333,25,30,0.833,13,28,41,25,8,3,15,21,109,-14,1,2019-06-05,Home
42018,1610612761,TOR,Toronto Raptors,41800403,TOR @ GSW,W,240,43,82,0.524,17,38,0.447,20,21,0.952,5,35,40,30,9,10,16,22,123,14,1,2019-06-05,Away
42018,1610612761,TOR,Toronto Raptors,41800404,TOR @ GSW,W,240,36,86,0.419,10,32,0.313,23,24,0.958,7,32,39,22,12,4,11,21,105,13,1,2019-06-07,Away
42018,1610612744,GSW,Golden State Warriors,41800404,GSW vs. TOR,L,240,35,78,0.449,8,27,0.296,14,21,0.667,8,34,42,26,6,6,19,23,92,-13,1,2019-06-07,Home
42018,1610612761,TOR,Toronto Raptors,41800405,TOR vs. GSW,L,240,38,85,0.447,8,32,0.25,21,27,0.778,13,30,43,19,6,5,13,19,105,-1,1,2019-06-10,Home
42018,1610612744,GSW,Golden State Warriors,41800405,GSW @ TOR,W,240,38,82,0.463,20,42,0.476,10,14,0.714,6,31,37,27,5,7,16,22,106,1,1,2019-06-10,Away
42018,1610612744,GSW,Golden State Warriors,41800406,GSW vs. TOR,L,240,39,80,0.488,11,31,0.355,21,30,0.7,11,31,42,28,9,6,17,23,110,-4,1,2019-06-13,Home
42018,1610612761,TOR,Toronto Raptors,41800406,TOR @ GSW,W,240,39,82,0.476,13,33,0.394,23,29,0.793,11,28,39,25,8,2,12,23,114,4,1,2019-06-13,Away
42019,1610612762,UTA,Utah Jazz,41900161,UTA @ DEN,L,265,46,97,0.474,16,47,0.34,17,23,0.739,16,36,52,18,6,4,16,22,125,-10,1,2020-08-17,Away
42019,1610612746,LAC,LA Clippers,41900151,LAC vs. DAL,W,240,45,95,0.474,13,38,0.342,15,20,0.75,11,34,45,18,12,3,12,24,118,8,1,2020-08-17,Home
42019,1610612743,DEN,Denver Nuggets,41900161,DEN vs. UTA,W,265,49,95,0.516,22,41,0.537,15,18,0.833,8,33,41,23,10,6,12,22,135,10,1,2020-08-17,Home
42019,1610612742,DAL,Dallas Mavericks,41900151,DAL @ LAC,L,240,37,81,0.457,15,43,0.349,21,24,0.875,5,36,41,18,9,2,21,21,110,-8,1,2020-08-17,Away
42019,1610612755,PHI,Philadelphia 76ers,41900121,PHI @ BOS,L,240,37,80,0.463,9,27,0.333,18,23,0.783,15,35,50,23,5,3,18,24,101,-8,1,2020-08-17,Away
42019,1610612751,BKN,Brooklyn Nets,41900111,BKN @ TOR,L,240,43,92,0.467,13,42,0.31,11,16,0.688,9,36,45,33,4,2,14,29,110,-24,1,2020-08-17,Away
42019,1610612761,TOR,Toronto Raptors,41900111,TOR vs. BKN,W,240,40,85,0.471,22,44,0.5,32,33,0.97,9,38,47,26,4,6,12,22,134,24,1,2020-08-17,Home
42019,1610612738,BOS,Boston Celtics,41900121,BOS vs. PHI,W,240,38,90,0.422,10,31,0.323,23,26,0.885,16,27,43,22,12,4,7,21,109,8,1,2020-08-17,Home
42019,1610612749,MIL,Milwaukee Bucks,41900101,MIL vs. ORL,L,240,39,90,0.433,14,42,0.333,18,28,0.643,11,36,47,28,6,3,16,19,110,-12,1,2020-08-18,Home
42019,1610612754,IND,Indiana Pacers,41900131,IND vs. MIA,L,240,36,76,0.474,10,24,0.417,19,22,0.864,7,30,37,22,7,4,15,23,101,-12,1,2020-08-18,Home
42019,1610612760,OKC,Oklahoma City Thunder,41900171,OKC @ HOU,L,240,37,84,0.44,13,35,0.371,21,25,0.84,7,39,46,22,2,3,13,20,108,-15,1,2020-08-18,Away
42019,1610612747,LAL,Los Angeles Lakers,41900141,LAL vs. POR,L,240,34,97,0.351,5,32,0.156,20,31,0.645,17,38,55,22,11,4,10,23,93,-7,1,2020-08-18,Home
42019,1610612748,MIA,Miami Heat,41900131,MIA @ IND,W,240,40,81,0.494,13,35,0.371,20,25,0.8,6,29,35,22,8,7,9,17,113,12,1,2020-08-18,Away
42019,1610612757,POR,Portland Trail Blazers,41900141,POR @ LAL,W,240,31,79,0.392,13,34,0.382,25,33,0.758,5,45,50,18,3,8,16,28,100,7,1,2020-08-18,Away
42019,1610612753,ORL,Orlando Magic,41900101,ORL @ MIL,W,240,44,89,0.494,16,41,0.39,18,19,0.947,4,44,48,29,6,2,15,26,122,12,1,2020-08-18,Away
42019,1610612745,HOU,Houston Rockets,41900171,HOU vs. OKC,W,240,43,89,0.483,20,52,0.385,17,19,0.895,4,32,36,25,4,1,7,26,123,15,1,2020-08-18,Home
42019,1610612746,LAC,LA Clippers,41900152,LAC vs. DAL,L,240,37,84,0.44,10,34,0.294,30,39,0.769,9,38,47,16,4,2,15,29,114,-13,1,2020-08-19,Home
42019,1610612762,UTA,Utah Jazz,41900162,UTA @ DEN,W,240,45,87,0.517,20,44,0.455,14,17,0.824,11,25,36,32,5,7,8,18,124,19,1,2020-08-19,Away
42019,1610612743,DEN,Denver Nuggets,41900162,DEN vs. UTA,L,240,37,81,0.457,13,27,0.481,18,23,0.783,13,28,41,22,1,4,12,19,105,-19,1,2020-08-19,Home
42019,1610612761,TOR,Toronto Raptors,41900112,TOR vs. BKN,W,240,38,87,0.437,9,35,0.257,19,28,0.679,8,36,44,22,7,6,9,21,104,5,1,2020-08-19,Home
42019,1610612742,DAL,Dallas Mavericks,41900152,DAL @ LAC,W,240,44,88,0.5,13,29,0.448,26,37,0.703,8,41,49,25,5,4,9,29,127,13,1,2020-08-19,Away
42019,1610612751,BKN,Brooklyn Nets,41900112,BKN @ TOR,L,240,33,85,0.388,14,41,0.341,19,27,0.704,7,39,46,25,3,6,17,25,99,-5,1,2020-08-19,Away
42019,1610612755,PHI,Philadelphia 76ers,41900122,PHI @ BOS,L,240,33,79,0.418,5,21,0.238,30,37,0.811,6,32,38,21,2,3,9,21,101,-27,1,2020-08-19,Away
42019,1610612738,BOS,Boston Celtics,41900122,BOS vs. PHI,W,240,44,86,0.512,19,43,0.442,21,29,0.724,10,33,43,20,4,5,7,28,128,27,1,2020-08-19,Home
42019,1610612757,POR,Portland Trail Blazers,41900142,POR @ LAL,L,240,34,85,0.4,8,29,0.276,12,16,0.75,10,31,41,14,6,3,17,17,88,-23,1,2020-08-20,Away
42019,1610612749,MIL,Milwaukee Bucks,41900102,MIL vs. ORL,W,240,42,89,0.472,15,41,0.366,12,16,0.75,11,46,57,26,5,4,21,26,111,15,1,2020-08-20,Home
42019,1610612753,ORL,Orlando Magic,41900102,ORL @ MIL,L,240,31,89,0.348,7,33,0.212,27,31,0.871,10,32,42,18,9,5,12,18,96,-15,1,2020-08-20,Away
42019,1610612748,MIA,Miami Heat,41900132,MIA @ IND,W,240,36,76,0.474,18,35,0.514,19,28,0.679,7,34,41,27,9,4,17,15,109,9,1,2020-08-20,Away
42019,1610612760,OKC,Oklahoma City Thunder,41900172,OKC @ HOU,L,240,35,79,0.443,11,32,0.344,17,19,0.895,8,40,48,15,2,4,14,19,98,-13,1,2020-08-20,Away
42019,1610612747,LAL,Los Angeles Lakers,41900142,LAL vs. POR,W,240,44,92,0.478,14,38,0.368,9,10,0.9,14,36,50,26,9,3,14,22,111,23,1,2020-08-20,Home
42019,1610612754,IND,Indiana Pacers,41900132,IND vs. MIA,L,240,36,81,0.444,12,34,0.353,16,20,0.8,4,34,38,25,12,7,17,23,100,-9,1,2020-08-20,Home
42019,1610612745,HOU,Houston Rockets,41900172,HOU vs. OKC,W,240,38,91,0.418,19,56,0.339,16,18,0.889,11,30,41,21,8,3,7,19,111,13,1,2020-08-20,Home
42019,1610612738,BOS,Boston Celtics,41900123,BOS @ PHI,W,240,36,87,0.414,8,31,0.258,22,24,0.917,3,42,45,15,7,8,13,23,102,8,1,2020-08-21,Away
42019,1610612742,DAL,Dallas Mavericks,41900153,DAL vs. LAC,L,240,44,87,0.506,17,43,0.395,17,24,0.708,7,35,42,27,5,2,9,24,122,-8,1,2020-08-21,Home
42019,1610612755,PHI,Philadelphia 76ers,41900123,PHI vs. BOS,L,240,28,95,0.295,9,39,0.231,29,34,0.853,20,37,57,14,6,7,13,19,94,-8,1,2020-08-21,Home
42019,1610612746,LAC,LA Clippers,41900153,LAC @ DAL,W,240,47,90,0.522,14,34,0.412,22,27,0.815,8,36,44,24,7,4,7,24,130,8,1,2020-08-21,Away
42019,1610612751,BKN,Brooklyn Nets,41900113,BKN vs. TOR,L,240,30,90,0.333,16,51,0.314,16,22,0.727,9,33,42,24,8,4,13,14,92,-25,1,2020-08-21,Home
42019,1610612761,TOR,Toronto Raptors,41900113,TOR @ BKN,W,240,46,91,0.505,18,38,0.474,7,11,0.636,8,48,56,35,8,4,16,21,117,25,1,2020-08-21,Away
42019,1610612762,UTA,Utah Jazz,41900163,UTA vs. DEN,W,240,43,84,0.512,18,37,0.486,20,26,0.769,13,37,50,27,9,2,11,20,124,37,1,2020-08-21,Home
42019,1610612743,DEN,Denver Nuggets,41900163,DEN @ UTA,L,240,33,88,0.375,12,38,0.316,9,11,0.818,16,29,45,20,2,5,17,24,87,-37,1,2020-08-21,Away
42019,1610612760,OKC,Oklahoma City Thunder,41900173,OKC vs. HOU,W,265,41,92,0.446,14,41,0.341,23,34,0.676,7,47,54,20,8,6,18,21,119,12,1,2020-08-22,Home
42019,1610612753,ORL,Orlando Magic,41900103,ORL vs. MIL,L,240,38,84,0.452,19,39,0.487,12,14,0.857,6,29,35,24,9,1,19,15,107,-14,1,2020-08-22,Home
42019,1610612757,POR,Portland Trail Blazers,41900143,POR vs. LAL,L,240,39,95,0.411,12,35,0.343,18,19,0.947,7,31,38,17,7,4,11,25,108,-8,1,2020-08-22,Home
42019,1610612748,MIA,Miami Heat,41900133,MIA vs. IND,W,240,34,75,0.453,13,33,0.394,43,52,0.827,7,39,46,23,10,2,17,19,124,9,1,2020-08-22,Home
42019,1610612749,MIL,Milwaukee Bucks,41900103,MIL @ ORL,W,240,46,82,0.561,17,37,0.459,12,17,0.706,3,40,43,27,12,3,19,20,121,14,1,2020-08-22,Away
42019,1610612747,LAL,Los Angeles Lakers,41900143,LAL @ POR,W,240,39,78,0.5,10,30,0.333,28,43,0.651,12,43,55,26,6,8,18,21,116,8,1,2020-08-22,Away
42019,1610612754,IND,Indiana Pacers,41900133,IND @ MIA,L,240,41,84,0.488,12,33,0.364,21,28,0.75,7,30,37,23,10,5,14,31,115,-9,1,2020-08-22,Away
42019,1610612745,HOU,Houston Rockets,41900173,HOU @ OKC,L,265,38,92,0.413,15,50,0.3,16,23,0.696,4,42,46,14,9,6,16,27,107,-12,1,2020-08-22,Away
42019,1610612755,PHI,Philadelphia 76ers,41900124,PHI vs. BOS,L,240,35,82,0.427,9,34,0.265,27,34,0.794,8,31,39,12,7,5,8,25,106,-4,1,2020-08-23,Home
42019,1610612751,BKN,Brooklyn Nets,41900114,BKN vs. TOR,L,240,39,98,0.398,19,50,0.38,25,33,0.758,12,32,44,21,5,6,14,17,122,-28,1,2020-08-23,Home
42019,1610612743,DEN,Denver Nuggets,41900164,DEN @ UTA,L,240,49,100,0.49,17,44,0.386,12,13,0.923,17,23,40,25,2,4,6,24,127,-2,1,2020-08-23,Away
42019,1610612742,DAL,Dallas Mavericks,41900154,DAL vs. LAC,W,265,52,104,0.5,13,36,0.361,18,24,0.75,11,43,54,20,7,5,12,24,135,2,1,2020-08-23,Home
42019,1610612746,LAC,LA Clippers,41900154,LAC @ DAL,L,265,45,97,0.464,14,38,0.368,29,32,0.906,8,33,41,19,7,5,9,23,133,-2,1,2020-08-23,Away
42019,1610612761,TOR,Toronto Raptors,41900114,TOR @ BKN,W,240,56,101,0.554,22,47,0.468,16,22,0.727,12,45,57,39,9,6,11,26,150,28,1,2020-08-23,Away
42019,1610612738,BOS,Boston Celtics,41900124,BOS @ PHI,W,240,38,82,0.463,12,35,0.343,22,29,0.759,10,32,42,19,4,5,15,25,110,4,1,2020-08-23,Away
42019,1610612762,UTA,Utah Jazz,41900164,UTA vs. DEN,W,240,42,73,0.575,14,29,0.483,31,36,0.861,6,31,37,14,2,0,10,19,129,2,1,2020-08-23,Home
42019,1610612745,HOU,Houston Rockets,41900174,HOU @ OKC,L,240,41,91,0.451,23,58,0.397,9,10,0.9,8,32,40,25,7,2,14,23,114,-3,1,2020-08-24,Away
42019,1610612757,POR,Portland Trail Blazers,41900144,POR vs. LAL,L,240,40,89,0.449,12,28,0.429,23,31,0.742,17,25,42,20,9,2,17,27,115,-20,1,2020-08-24,Home
42019,1610612754,IND,Indiana Pacers,41900134,IND @ MIA,L,240,33,80,0.413,14,37,0.378,7,11,0.636,5,29,34,20,8,6,15,16,87,-12,1,2020-08-24,Away
42019,1610612749,MIL,Milwaukee Bucks,41900104,MIL @ ORL,W,240,45,91,0.495,17,41,0.415,14,21,0.667,8,41,49,29,7,5,12,19,121,15,1,2020-08-24,Away
42019,1610612753,ORL,Orlando Magic,41900104,ORL vs. MIL,L,240,36,87,0.414,18,45,0.4,16,20,0.8,5,38,43,26,7,6,16,23,106,-15,1,2020-08-24,Home
42019,1610612748,MIA,Miami Heat,41900134,MIA vs. IND,W,240,40,91,0.44,8,30,0.267,11,14,0.786,17,43,60,24,8,4,14,12,99,12,1,2020-08-24,Home
42019,1610612747,LAL,Los Angeles Lakers,41900144,LAL @ POR,W,240,49,87,0.563,17,39,0.436,20,30,0.667,12,29,41,29,7,9,15,28,135,20,1,2020-08-24,Away
42019,1610612760,OKC,Oklahoma City Thunder,41900174,OKC vs. HOU,W,240,42,86,0.488,11,32,0.344,22,28,0.786,9,37,46,16,6,0,15,16,117,3,1,2020-08-24,Home
42019,1610612742,DAL,Dallas Mavericks,41900155,DAL @ LAC,L,240,38,85,0.447,12,37,0.324,23,33,0.697,7,24,31,19,8,6,13,22,111,-43,1,2020-08-25,Away
42019,1610612743,DEN,Denver Nuggets,41900165,DEN vs. UTA,W,240,43,85,0.506,16,35,0.457,15,16,0.938,5,33,38,22,4,5,10,18,117,10,1,2020-08-25,Home
42019,1610612746,LAC,LA Clippers,41900155,LAC vs. DAL,W,240,53,84,0.631,22,35,0.629,26,34,0.765,8,41,49,28,5,4,16,26,154,43,1,2020-08-25,Home
42019,1610612762,UTA,Utah Jazz,41900165,UTA @ DEN,L,240,39,78,0.5,16,34,0.471,13,16,0.813,4,31,35,23,7,3,15,20,107,-10,1,2020-08-25,Away
42019,1610612760,OKC,Oklahoma City Thunder,41900175,OKC @ HOU,L,240,29,92,0.315,7,46,0.152,15,23,0.652,15,43,58,11,3,8,18,12,80,-34,1,2020-08-29,Away
42019,1610612757,POR,Portland Trail Blazers,41900145,POR @ LAL,L,240,44,93,0.473,13,27,0.481,21,26,0.808,10,33,43,20,12,1,19,28,122,-9,1,2020-08-29,Away
42019,1610612747,LAL,Los Angeles Lakers,41900145,LAL vs. POR,W,240,48,88,0.545,14,36,0.389,21,26,0.808,7,34,41,27,11,5,18,20,131,9,1,2020-08-29,Home
42019,1610612745,HOU,Houston Rockets,41900175,HOU vs. OKC,W,240,43,100,0.43,19,48,0.396,9,14,0.643,10,45,55,28,12,3,11,23,114,34,1,2020-08-29,Home
42019,1610612753,ORL,Orlando Magic,41900105,ORL @ MIL,L,240,37,94,0.394,15,41,0.366,15,21,0.714,8,39,47,22,3,2,11,23,104,-14,1,2020-08-29,Away
42019,1610612749,MIL,Milwaukee Bucks,41900105,MIL vs. ORL,W,240,40,88,0.455,16,45,0.356,22,27,0.815,7,49,56,27,5,4,15,19,118,14,1,2020-08-29,Home
42019,1610612738,BOS,Boston Celtics,41900211,BOS @ TOR,W,240,39,83,0.47,17,39,0.436,17,21,0.81,5,45,50,25,8,4,23,22,112,18,1,2020-08-30,Away
42019,1610612746,LAC,LA Clippers,41900156,LAC @ DAL,W,240,44,91,0.484,11,29,0.379,12,13,0.923,8,44,52,22,8,2,13,21,111,14,1,2020-08-30,Away
42019,1610612743,DEN,Denver Nuggets,41900166,DEN @ UTA,W,240,39,71,0.549,18,36,0.5,23,26,0.885,7,36,43,22,8,4,16,24,119,12,1,2020-08-30,Away
42019,1610612761,TOR,Toronto Raptors,41900211,TOR vs. BOS,L,240,31,84,0.369,10,40,0.25,22,29,0.759,7,33,40,22,10,2,14,24,94,-18,1,2020-08-30,Home
42019,1610612742,DAL,Dallas Mavericks,41900156,DAL vs. LAC,L,240,38,90,0.422,11,37,0.297,10,17,0.588,8,34,42,20,5,3,12,15,97,-14,1,2020-08-30,Home
42019,1610612762,UTA,Utah Jazz,41900166,UTA vs. DEN,L,240,34,75,0.453,18,36,0.5,21,30,0.7,5,25,30,20,8,3,10,20,107,-12,1,2020-08-30,Home
42019,1610612760,OKC,Oklahoma City Thunder,41900176,OKC vs. HOU,W,240,38,89,0.427,12,36,0.333,16,18,0.889,10,41,51,17,10,3,19,16,104,4,1,2020-08-31,Home
42019,1610612745,HOU,Houston Rockets,41900176,HOU @ OKC,L,240,38,84,0.452,15,44,0.341,9,12,0.75,4,37,41,19,14,5,22,19,100,-4,1,2020-08-31,Away
42019,1610612748,MIA,Miami Heat,41900201,MIA @ MIL,W,240,39,84,0.464,12,31,0.387,25,27,0.926,12,34,46,21,8,2,16,23,115,11,1,2020-08-31,Away
42019,1610612749,MIL,Milwaukee Bucks,41900201,MIL vs. MIA,L,240,37,75,0.493,16,35,0.457,14,26,0.538,7,27,34,22,6,7,19,24,104,-11,1,2020-08-31,Home
42019,1610612762,UTA,Utah Jazz,41900167,UTA @ DEN,L,240,30,79,0.38,8,34,0.235,10,15,0.667,10,38,48,16,6,3,14,14,78,-2,1,2020-09-01,Away
42019,1610612738,BOS,Boston Celtics,41900212,BOS @ TOR,W,240,32,76,0.421,15,38,0.395,23,25,0.92,4,40,44,18,6,9,17,20,102,3,1,2020-09-01,Away
42019,1610612761,TOR,Toronto Raptors,41900212,TOR vs. BOS,L,240,36,90,0.4,11,40,0.275,16,19,0.842,7,34,41,25,10,7,12,19,99,-3,1,2020-09-01,Home
42019,1610612743,DEN,Denver Nuggets,41900167,DEN vs. UTA,W,240,31,83,0.373,8,31,0.258,10,13,0.769,8,38,46,21,7,4,11,18,80,2,1,2020-09-01,Home
42019,1610612748,MIA,Miami Heat,41900202,MIA @ MIL,W,240,37,81,0.457,17,45,0.378,25,32,0.781,7,31,38,22,12,4,10,26,116,2,1,2020-09-02,Away
42019,1610612760,OKC,Oklahoma City Thunder,41900177,OKC @ HOU,L,240,35,76,0.461,16,34,0.471,16,21,0.762,7,39,46,24,6,4,22,16,102,-2,1,2020-09-02,Away
42019,1610612749,MIL,Milwaukee Bucks,41900202,MIL vs. MIA,L,240,37,85,0.435,7,25,0.28,33,39,0.846,17,33,50,16,6,2,14,25,114,-2,1,2020-09-02,Home
42019,1610612745,HOU,Houston Rockets,41900177,HOU vs. OKC,W,240,35,88,0.398,17,49,0.347,17,19,0.895,11,33,44,18,11,7,12,24,104,2,1,2020-09-02,Home
42019,1610612743,DEN,Denver Nuggets,41900231,DEN @ LAC,L,240,35,83,0.422,9,36,0.25,18,27,0.667,12,28,40,20,9,5,15,21,97,-23,1,2020-09-03,Away
42019,1610612738,BOS,Boston Celtics,41900213,BOS vs. TOR,L,240,39,83,0.47,9,29,0.31,16,21,0.762,7,37,44,21,6,7,15,16,103,-1,1,2020-09-03,Home
42019,1610612761,TOR,Toronto Raptors,41900213,TOR @ BOS,W,240,41,88,0.466,13,40,0.325,9,16,0.563,6,33,39,23,7,5,13,20,104,1,1,2020-09-03,Away
42019,1610612746,LAC,LA Clippers,41900231,LAC vs. DEN,W,240,48,84,0.571,10,24,0.417,14,17,0.824,9,36,45,23,7,3,15,24,120,23,1,2020-09-03,Home
42019,1610612748,MIA,Miami Heat,41900203,MIA vs. MIL,W,240,35,78,0.449,18,47,0.383,27,34,0.794,9,40,49,27,3,6,12,19,115,15,1,2020-09-04,Home
42019,1610612749,MIL,Milwaukee Bucks,41900203,MIL @ MIA,L,240,37,88,0.42,11,37,0.297,15,21,0.714,8,36,44,23,8,5,10,22,100,-15,1,2020-09-04,Away
42019,1610612747,LAL,Los Angeles Lakers,41900221,LAL vs. HOU,L,240,35,83,0.422,11,38,0.289,16,19,0.842,10,31,41,18,8,9,17,20,97,-15,1,2020-09-04,Home
42019,1610612745,HOU,Houston Rockets,41900221,HOU @ LAL,W,240,39,81,0.481,14,39,0.359,20,27,0.741,4,37,41,19,13,3,16,19,112,15,1,2020-09-04,Away
42019,1610612743,DEN,Denver Nuggets,41900232,DEN @ LAC,W,240,41,91,0.451,15,40,0.375,13,17,0.765,14,31,45,18,9,8,12,23,110,9,1,2020-09-05,Away
42019,1610612761,TOR,Toronto Raptors,41900214,TOR @ BOS,W,240,34,86,0.395,17,44,0.386,15,19,0.789,8,33,41,23,4,5,12,21,100,7,1,2020-09-05,Away
42019,1610612746,LAC,LA Clippers,41900232,LAC vs. DEN,L,240,36,88,0.409,9,32,0.281,20,29,0.69,19,33,52,20,9,4,17,17,101,-9,1,2020-09-05,Home
42019,1610612738,BOS,Boston Celtics,41900214,BOS vs. TOR,L,240,33,75,0.44,7,35,0.2,20,27,0.741,6,39,45,18,6,2,14,20,93,-7,1,2020-09-05,Home
42019,1610612749,MIL,Milwaukee Bucks,41900204,MIL @ MIA,W,265,45,92,0.489,11,35,0.314,17,22,0.773,9,37,46,25,10,4,12,20,118,3,1,2020-09-06,Away
42019,1610612748,MIA,Miami Heat,41900204,MIA vs. MIL,L,265,40,90,0.444,17,47,0.362,18,20,0.9,6,35,41,33,8,1,16,18,115,-3,1,2020-09-06,Home
42019,1610612745,HOU,Houston Rockets,41900222,HOU @ LAL,L,240,35,78,0.449,22,53,0.415,17,23,0.739,8,27,35,22,7,2,17,21,109,-8,1,2020-09-06,Away
42019,1610612747,LAL,Los Angeles Lakers,41900222,LAL vs. HOU,W,240,47,83,0.566,12,27,0.444,11,18,0.611,9,32,41,30,11,5,16,17,117,8,1,2020-09-06,Home
42019,1610612746,LAC,LA Clippers,41900233,LAC @ DEN,W,240,41,75,0.547,11,31,0.355,20,26,0.769,3,38,41,23,7,4,17,20,113,6,1,2020-09-07,Away
42019,1610612761,TOR,Toronto Raptors,41900215,TOR vs. BOS,L,240,33,85,0.388,12,40,0.3,11,13,0.846,10,26,36,19,8,5,14,24,89,-22,1,2020-09-07,Home
42019,1610612738,BOS,Boston Celtics,41900215,BOS @ TOR,W,240,38,77,0.494,11,34,0.324,24,27,0.889,4,41,45,23,5,6,13,19,111,22,1,2020-09-07,Away
42019,1610612743,DEN,Denver Nuggets,41900233,DEN vs. LAC,L,240,44,94,0.468,11,34,0.324,8,10,0.8,8,28,36,32,10,0,12,26,107,-6,1,2020-09-07,Home
42019,1610612749,MIL,Milwaukee Bucks,41900205,MIL vs. MIA,L,240,33,91,0.363,9,33,0.273,19,26,0.731,13,28,41,20,7,5,11,23,94,-9,1,2020-09-08,Home
42019,1610612745,HOU,Houston Rockets,41900223,HOU vs. LAL,L,240,38,81,0.469,12,30,0.4,14,14,1.0,6,24,30,23,8,1,10,18,102,-10,1,2020-09-08,Home
42019,1610612747,LAL,Los Angeles Lakers,41900223,LAL @ HOU,W,240,43,78,0.551,10,30,0.333,16,23,0.696,9,34,43,25,6,6,15,15,112,10,1,2020-09-08,Away
42019,1610612748,MIA,Miami Heat,41900205,MIA @ MIL,W,240,35,73,0.479,11,31,0.355,22,24,0.917,5,43,48,21,6,7,22,21,103,9,1,2020-09-08,Away
42019,1610612761,TOR,Toronto Raptors,41900216,TOR @ BOS,W,290,44,101,0.436,19,47,0.404,18,25,0.72,8,38,46,22,10,8,13,26,125,3,1,2020-09-09,Away
42019,1610612738,BOS,Boston Celtics,41900216,BOS vs. TOR,L,290,44,100,0.44,19,46,0.413,15,18,0.833,14,44,58,32,5,4,16,25,122,-3,1,2020-09-09,Home
42019,1610612746,LAC,LA Clippers,41900234,LAC @ DEN,W,240,33,79,0.418,8,28,0.286,22,30,0.733,9,32,41,19,7,5,11,26,96,11,1,2020-09-09,Away
42019,1610612743,DEN,Denver Nuggets,41900234,DEN vs. LAC,L,240,27,68,0.397,9,27,0.333,22,26,0.846,5,33,38,19,4,5,17,25,85,-11,1,2020-09-09,Home
42019,1610612745,HOU,Houston Rockets,41900224,HOU vs. LAL,L,240,28,65,0.431,14,33,0.424,30,39,0.769,1,25,26,24,10,6,17,21,100,-10,1,2020-09-10,Home
42019,1610612747,LAL,Los Angeles Lakers,41900224,LAL @ HOU,W,240,43,88,0.489,9,30,0.3,15,16,0.938,12,40,52,30,9,4,18,27,110,10,1,2020-09-10,Away
42019,1610612738,BOS,Boston Celtics,41900217,BOS @ TOR,W,240,35,86,0.407,9,38,0.237,13,23,0.565,10,34,44,19,12,5,12,16,92,5,1,2020-09-11,Away
42019,1610612746,LAC,LA Clippers,41900235,LAC vs. DEN,L,240,37,88,0.42,16,42,0.381,15,17,0.882,10,31,41,22,6,5,11,22,105,-6,1,2020-09-11,Home
42019,1610612761,TOR,Toronto Raptors,41900217,TOR vs. BOS,L,240,31,75,0.413,8,28,0.286,17,19,0.895,7,37,44,17,1,6,18,23,87,-5,1,2020-09-11,Home
42019,1610612743,DEN,Denver Nuggets,41900235,DEN @ LAC,W,240,39,81,0.481,12,27,0.444,21,25,0.84,6,38,44,20,7,5,11,22,111,6,1,2020-09-11,Away
42019,1610612747,LAL,Los Angeles Lakers,41900225,LAL vs. HOU,W,240,39,74,0.527,19,37,0.514,22,29,0.759,6,44,50,25,5,7,20,24,119,23,1,2020-09-12,Home
42019,1610612745,HOU,Houston Rockets,41900225,HOU @ LAL,L,240,33,89,0.371,13,49,0.265,17,24,0.708,9,22,31,18,6,3,12,26,96,-23,1,2020-09-12,Away
42019,1610612746,LAC,LA Clippers,41900236,LAC @ DEN,L,240,32,78,0.41,10,27,0.37,24,27,0.889,9,28,37,20,10,4,16,22,98,-13,1,2020-09-13,Away
42019,1610612743,DEN,Denver Nuggets,41900236,DEN vs. LAC,W,240,40,74,0.541,12,25,0.48,19,27,0.704,6,35,41,26,8,3,15,18,111,13,1,2020-09-13,Home
42019,1610612748,MIA,Miami Heat,41900301,MIA @ BOS,W,265,40,85,0.471,16,36,0.444,21,28,0.75,7,34,41,32,6,6,13,23,117,3,1,2020-09-15,Away
42019,1610612743,DEN,Denver Nuggets,41900237,DEN @ LAC,W,240,38,77,0.494,13,37,0.351,15,16,0.938,11,42,53,22,4,5,20,20,104,15,1,2020-09-15,Away
42019,1610612738,BOS,Boston Celtics,41900301,BOS vs. MIA,L,265,39,88,0.443,15,42,0.357,21,23,0.913,6,31,37,24,9,6,11,25,114,-3,1,2020-09-15,Home
42019,1610612746,LAC,LA Clippers,41900237,LAC vs. DEN,L,240,34,90,0.378,9,35,0.257,12,16,0.75,12,25,37,21,8,3,10,20,89,-15,1,2020-09-15,Home
42019,1610612738,BOS,Boston Celtics,41900302,BOS vs. MIA,L,240,36,72,0.5,10,28,0.357,19,24,0.792,6,35,41,19,5,3,20,22,101,-5,1,2020-09-17,Home
42019,1610612748,MIA,Miami Heat,41900302,MIA @ BOS,W,240,40,90,0.444,14,43,0.326,12,14,0.857,11,27,38,27,11,2,11,19,106,5,1,2020-09-17,Away
42019,1610612743,DEN,Denver Nuggets,41900311,DEN @ LAL,L,240,41,83,0.494,9,26,0.346,23,28,0.821,9,28,37,23,3,2,16,26,114,-12,1,2020-09-18,Away
42019,1610612747,LAL,Los Angeles Lakers,41900311,LAL vs. DEN,W,240,44,83,0.53,11,26,0.423,27,37,0.73,10,24,34,33,10,6,12,28,126,12,1,2020-09-18,Home
42019,1610612738,BOS,Boston Celtics,41900303,BOS @ MIA,W,240,41,85,0.482,9,26,0.346,26,30,0.867,10,40,50,27,8,3,14,29,117,11,1,2020-09-19,Away
42019,1610612748,MIA,Miami Heat,41900303,MIA vs. BOS,L,240,33,85,0.388,12,44,0.273,28,34,0.824,12,30,42,21,5,8,13,24,106,-11,1,2020-09-19,Home
42019,1610612743,DEN,Denver Nuggets,41900312,DEN @ LAL,L,240,35,74,0.473,8,24,0.333,25,33,0.758,7,24,31,22,12,4,21,22,103,-2,1,2020-09-20,Away
42019,1610612747,LAL,Los Angeles Lakers,41900312,LAL vs. DEN,W,240,37,83,0.446,13,36,0.361,18,19,0.947,13,31,44,23,9,7,24,30,105,2,1,2020-09-20,Home
42019,1610612743,DEN,Denver Nuggets,41900313,DEN vs. LAL,W,240,40,73,0.548,11,29,0.379,23,29,0.793,9,35,44,26,8,2,20,21,114,8,1,2020-09-22,Home
42019,1610612747,LAL,Los Angeles Lakers,41900313,LAL @ DEN,L,240,43,83,0.518,6,26,0.231,14,22,0.636,4,21,25,27,11,3,16,26,106,-8,1,2020-09-22,Away
42019,1610612748,MIA,Miami Heat,41900304,MIA vs. BOS,W,240,39,91,0.429,10,37,0.27,24,27,0.889,10,30,40,20,9,2,8,20,112,3,1,2020-09-23,Home
42019,1610612738,BOS,Boston Celtics,41900304,BOS @ MIA,L,240,39,82,0.476,14,40,0.35,17,21,0.81,12,34,46,28,3,5,19,24,109,-3,1,2020-09-23,Away
42019,1610612743,DEN,Denver Nuggets,41900314,DEN vs. LAL,L,240,39,77,0.506,10,28,0.357,20,23,0.87,6,27,33,22,4,3,11,28,108,-6,1,2020-09-24,Home
42019,1610612747,LAL,Los Angeles Lakers,41900314,LAL @ DEN,W,240,38,80,0.475,10,30,0.333,28,35,0.8,12,29,41,23,9,2,11,25,114,6,1,2020-09-24,Away
42019,1610612748,MIA,Miami Heat,41900305,MIA @ BOS,L,240,39,86,0.453,7,36,0.194,23,29,0.793,6,32,38,27,3,5,13,29,108,-13,1,2020-09-25,Away
42019,1610612738,BOS,Boston Celtics,41900305,BOS vs. MIA,W,240,42,93,0.452,12,38,0.316,25,29,0.862,13,37,50,29,7,4,11,23,121,13,1,2020-09-25,Home
42019,1610612747,LAL,Los Angeles Lakers,41900315,LAL vs. DEN,W,240,42,77,0.545,9,24,0.375,24,29,0.828,5,38,43,24,6,8,14,26,117,10,1,2020-09-26,Home
42019,1610612743,DEN,Denver Nuggets,41900315,DEN @ LAL,L,240,38,90,0.422,8,30,0.267,23,26,0.885,9,27,36,23,5,2,11,25,107,-10,1,2020-09-26,Away
42019,1610612748,MIA,Miami Heat,41900306,MIA vs. BOS,W,240,45,80,0.563,13,27,0.481,22,26,0.846,2,38,40,30,6,2,12,13,125,12,1,2020-09-27,Home
42019,1610612738,BOS,Boston Celtics,41900306,BOS @ MIA,L,240,43,99,0.434,15,46,0.326,12,15,0.8,13,29,42,26,7,2,10,21,113,-12,1,2020-09-27,Away
42019,1610612748,MIA,Miami Heat,41900401,MIA @ LAL,L,240,38,89,0.427,11,35,0.314,11,14,0.786,5,31,36,23,4,5,8,15,98,-18,1,2020-09-30,Away
42019,1610612747,LAL,Los Angeles Lakers,41900401,LAL vs. MIA,W,240,38,84,0.452,15,38,0.395,25,27,0.926,9,45,54,26,7,8,12,19,116,18,1,2020-09-30,Home
42019,1610612748,MIA,Miami Heat,41900402,MIA @ LAL,L,240,36,71,0.507,11,27,0.407,31,34,0.912,6,31,37,29,2,1,10,23,114,-10,1,2020-10-02,Away
42019,1610612747,LAL,Los Angeles Lakers,41900402,LAL vs. MIA,W,240,49,97,0.505,16,47,0.34,10,17,0.588,16,28,44,32,6,3,9,26,124,10,1,2020-10-02,Home
42019,1610612747,LAL,Los Angeles Lakers,41900403,LAL @ MIA,L,240,34,79,0.43,14,42,0.333,22,29,0.759,11,32,43,23,8,2,20,22,104,-11,1,2020-10-04,Away
42019,1610612748,MIA,Miami Heat,41900403,MIA vs. LAL,W,240,41,80,0.513,12,34,0.353,21,23,0.913,3,34,37,25,8,3,13,23,115,11,1,2020-10-04,Home
42019,1610612747,LAL,Los Angeles Lakers,41900404,LAL @ MIA,W,240,35,79,0.443,14,39,0.359,18,21,0.857,10,32,42,25,5,4,15,14,102,6,1,2020-10-06,Away
42019,1610612748,MIA,Miami Heat,41900404,MIA vs. LAL,L,240,32,75,0.427,11,32,0.344,21,26,0.808,7,32,39,18,8,3,15,21,96,-6,1,2020-10-06,Home
42019,1610612748,MIA,Miami Heat,41900405,MIA @ LAL,W,240,38,83,0.458,14,33,0.424,21,22,0.955,9,26,35,26,7,3,13,19,111,3,1,2020-10-09,Away
42019,1610612747,LAL,Los Angeles Lakers,41900405,LAL vs. MIA,L,240,38,82,0.463,14,38,0.368,18,21,0.857,12,29,41,21,10,5,15,21,108,-3,1,2020-10-09,Home
42019,1610612748,MIA,Miami Heat,41900406,MIA vs. LAL,L,240,35,79,0.443,10,28,0.357,13,22,0.591,9,32,41,25,4,4,15,18,93,-13,1,2020-10-11,Home
42019,1610612747,LAL,Los Angeles Lakers,41900406,LAL @ MIA,W,240,43,89,0.483,11,35,0.314,9,14,0.643,12,34,46,23,5,4,14,22,106,13,1,2020-10-11,Away
42020,1610612743,DEN,Denver Nuggets,42000161,DEN vs. POR,L,240,47,93,0.505,11,36,0.306,4,8,0.5,11,37,48,22,3,7,8,18,109,-14,1,2021-05-22,Home
42020,1610612738,BOS,Boston Celtics,42000111,BOS @ BKN,L,240,31,84,0.369,11,30,0.367,20,26,0.769,11,29,40,19,6,12,12,18,93,-11,1,2021-05-22,Away
42020,1610612746,LAC,LA Clippers,42000171,LAC vs. DAL,L,240,37,84,0.44,11,40,0.275,18,24,0.75,13,26,39,22,7,7,5,21,103,-10,1,2021-05-22,Home
42020,1610612742,DAL,Dallas Mavericks,42000171,DAL @ LAC,W,240,38,76,0.5,17,36,0.472,20,26,0.769,10,32,42,22,2,3,13,21,113,10,1,2021-05-22,Away
42020,1610612751,BKN,Brooklyn Nets,42000111,BKN vs. BOS,W,240,35,84,0.417,8,34,0.235,26,29,0.897,14,36,50,18,7,7,11,22,104,11,1,2021-05-22,Home
42020,1610612748,MIA,Miami Heat,42000121,MIA @ MIL,L,265,36,99,0.364,20,50,0.4,15,19,0.789,12,39,51,22,8,3,17,23,107,-2,1,2021-05-22,Away
42020,1610612749,MIL,Milwaukee Bucks,42000121,MIL vs. MIA,W,265,42,96,0.438,5,31,0.161,20,33,0.606,15,49,64,19,11,1,17,18,109,2,1,2021-05-22,Home
42020,1610612757,POR,Portland Trail Blazers,42000161,POR @ DEN,W,240,43,91,0.473,19,40,0.475,18,19,0.947,10,29,39,29,3,2,6,14,123,14,1,2021-05-22,Away
42020,1610612737,ATL,Atlanta Hawks,42000131,ATL @ NYK,W,240,42,90,0.467,12,34,0.353,11,12,0.917,7,35,42,17,6,7,6,13,107,2,1,2021-05-23,Away
42020,1610612752,NYK,New York Knicks,42000131,NYK vs. ATL,L,240,42,94,0.447,10,30,0.333,11,15,0.733,13,36,49,21,3,4,11,16,105,-2,1,2021-05-23,Home
42020,1610612755,PHI,Philadelphia 76ers,42000101,PHI vs. WAS,W,240,46,93,0.495,10,32,0.313,23,33,0.697,13,27,40,27,10,5,11,18,125,7,1,2021-05-23,Home
42020,1610612747,LAL,Los Angeles Lakers,42000151,LAL @ PHX,L,240,33,76,0.434,7,26,0.269,17,28,0.607,10,23,33,19,10,5,14,18,90,-9,1,2021-05-23,Away
42020,1610612764,WAS,Washington Wizards,42000101,WAS @ PHI,L,240,49,88,0.557,8,20,0.4,12,15,0.8,7,34,41,26,4,4,16,24,118,-7,1,2021-05-23,Away
42020,1610612756,PHX,Phoenix Suns,42000151,PHX vs. LAL,W,240,40,86,0.465,9,28,0.321,10,12,0.833,16,31,47,24,7,4,16,20,99,9,1,2021-05-23,Home
42020,1610612762,UTA,Utah Jazz,42000141,UTA vs. MEM,L,240,34,81,0.42,12,47,0.255,29,33,0.879,12,38,50,20,3,11,16,21,109,-3,1,2021-05-23,Home
42020,1610612763,MEM,Memphis Grizzlies,42000141,MEM @ UTA,W,240,45,100,0.45,7,20,0.35,15,21,0.714,16,26,42,18,12,5,9,23,112,3,1,2021-05-23,Away
42020,1610612748,MIA,Miami Heat,42000122,MIA @ MIL,L,240,33,82,0.402,8,28,0.286,24,35,0.686,9,27,36,20,6,2,11,13,98,-34,1,2021-05-24,Away
42020,1610612749,MIL,Milwaukee Bucks,42000122,MIL vs. MIA,W,240,46,94,0.489,22,53,0.415,18,20,0.9,21,40,61,34,8,5,17,25,132,34,1,2021-05-24,Home
42020,1610612757,POR,Portland Trail Blazers,42000162,POR @ DEN,L,240,35,73,0.479,16,33,0.485,23,28,0.821,10,30,40,15,3,7,21,27,109,-19,1,2021-05-24,Away
42020,1610612743,DEN,Denver Nuggets,42000162,DEN vs. POR,W,240,46,86,0.535,12,28,0.429,24,30,0.8,10,25,35,29,12,3,13,25,128,19,1,2021-05-24,Home
42020,1610612738,BOS,Boston Celtics,42000112,BOS @ BKN,L,240,39,92,0.424,12,34,0.353,18,23,0.783,15,28,43,23,10,4,17,20,108,-22,1,2021-05-25,Away
42020,1610612747,LAL,Los Angeles Lakers,42000152,LAL @ PHX,W,240,36,80,0.45,10,33,0.303,27,31,0.871,8,31,39,24,9,6,9,23,109,7,1,2021-05-25,Away
42020,1610612746,LAC,LA Clippers,42000172,LAC vs. DAL,L,240,45,84,0.536,13,33,0.394,18,20,0.9,9,30,39,23,7,3,14,22,121,-6,1,2021-05-25,Home
42020,1610612751,BKN,Brooklyn Nets,42000112,BKN vs. BOS,W,240,46,88,0.523,17,38,0.447,21,22,0.955,12,34,46,31,7,7,17,23,130,22,1,2021-05-25,Home
42020,1610612742,DAL,Dallas Mavericks,42000172,DAL @ LAC,W,240,48,82,0.585,18,34,0.529,13,24,0.542,4,30,34,25,8,4,11,19,127,6,1,2021-05-25,Away
42020,1610612756,PHX,Phoenix Suns,42000152,PHX vs. LAL,L,240,33,71,0.465,8,26,0.308,28,30,0.933,4,27,31,21,4,3,13,23,102,-7,1,2021-05-25,Home
42020,1610612764,WAS,Washington Wizards,42000102,WAS @ PHI,L,240,37,92,0.402,2,22,0.091,19,30,0.633,13,27,40,22,3,2,14,21,95,-25,1,2021-05-26,Away
42020,1610612763,MEM,Memphis Grizzlies,42000142,MEM @ UTA,L,240,46,85,0.541,8,23,0.348,29,38,0.763,9,24,33,20,6,4,11,25,129,-12,1,2021-05-26,Away
42020,1610612762,UTA,Utah Jazz,42000142,UTA vs. MEM,W,240,49,90,0.544,19,39,0.487,24,31,0.774,12,30,42,28,2,4,13,25,141,12,1,2021-05-26,Home
42020,1610612752,NYK,New York Knicks,42000132,NYK vs. ATL,W,240,36,94,0.383,12,33,0.364,17,23,0.739,13,41,54,15,8,2,11,20,101,9,1,2021-05-26,Home
42020,1610612755,PHI,Philadelphia 76ers,42000102,PHI vs. WAS,W,240,49,88,0.557,9,21,0.429,13,19,0.684,8,37,45,26,10,14,12,21,120,25,1,2021-05-26,Home
42020,1610612737,ATL,Atlanta Hawks,42000132,ATL @ NYK,L,240,31,84,0.369,12,44,0.273,18,22,0.818,6,35,41,17,5,12,14,21,92,-9,1,2021-05-26,Away
42020,1610612748,MIA,Miami Heat,42000123,MIA vs. MIL,L,240,32,85,0.376,9,32,0.281,11,13,0.846,7,35,42,19,9,6,16,26,84,-29,1,2021-05-27,Home
42020,1610612749,MIL,Milwaukee Bucks,42000123,MIL @ MIA,W,240,43,89,0.483,13,36,0.361,14,18,0.778,10,45,55,25,6,2,15,19,113,29,1,2021-05-27,Away
42020,1610612757,POR,Portland Trail Blazers,42000163,POR vs. DEN,L,240,45,100,0.45,14,45,0.311,11,13,0.846,14,31,45,20,6,4,7,24,115,-5,1,2021-05-27,Home
42020,1610612756,PHX,Phoenix Suns,42000153,PHX @ LAL,L,240,35,82,0.427,11,29,0.379,14,18,0.778,8,27,35,24,8,6,18,24,95,-14,1,2021-05-27,Away
42020,1610612747,LAL,Los Angeles Lakers,42000153,LAL vs. PHX,W,240,38,86,0.442,7,28,0.25,26,30,0.867,15,36,51,19,10,4,20,19,109,14,1,2021-05-27,Home
42020,1610612743,DEN,Denver Nuggets,42000163,DEN @ POR,W,240,39,84,0.464,20,38,0.526,22,27,0.815,12,33,45,24,4,4,14,18,120,5,1,2021-05-27,Away
42020,1610612738,BOS,Boston Celtics,42000113,BOS vs. BKN,W,240,45,89,0.506,16,39,0.41,19,23,0.826,13,33,46,21,5,3,14,25,125,6,1,2021-05-28,Home
42020,1610612746,LAC,LA Clippers,42000173,LAC @ DAL,W,240,44,76,0.579,13,31,0.419,17,18,0.944,7,32,39,24,4,4,11,21,118,10,1,2021-05-28,Away
42020,1610612737,ATL,Atlanta Hawks,42000133,ATL vs. NYK,W,240,42,81,0.519,16,27,0.593,5,8,0.625,4,38,42,28,2,5,12,23,105,11,1,2021-05-28,Home
42020,1610612742,DAL,Dallas Mavericks,42000173,DAL vs. LAC,L,240,38,86,0.442,20,39,0.513,12,18,0.667,13,20,33,17,4,2,10,17,108,-10,1,2021-05-28,Home
42020,1610612752,NYK,New York Knicks,42000133,NYK @ ATL,L,240,29,81,0.358,9,30,0.3,27,30,0.9,13,32,45,14,6,2,13,21,94,-11,1,2021-05-28,Away
42020,1610612751,BKN,Brooklyn Nets,42000113,BKN @ BOS,L,240,38,84,0.452,16,38,0.421,27,31,0.871,10,27,37,16,8,3,10,23,119,-6,1,2021-05-28,Away
42020,1610612763,MEM,Memphis Grizzlies,42000143,MEM vs. UTA,L,240,43,100,0.43,13,41,0.317,12,14,0.857,16,34,50,23,7,1,9,22,111,-10,1,2021-05-29,Home
42020,1610612748,MIA,Miami Heat,42000124,MIA vs. MIL,L,240,40,91,0.44,11,33,0.333,12,14,0.857,8,32,40,25,6,3,12,20,103,-17,1,2021-05-29,Home
42020,1610612755,PHI,Philadelphia 76ers,42000103,PHI @ WAS,W,240,51,87,0.586,17,33,0.515,13,20,0.65,7,44,51,31,7,5,16,25,132,29,1,2021-05-29,Away
42020,1610612749,MIL,Milwaukee Bucks,42000124,MIL @ MIA,W,240,46,99,0.465,13,42,0.31,15,18,0.833,15,41,56,29,5,4,11,18,120,17,1,2021-05-29,Away
42020,1610612762,UTA,Utah Jazz,42000143,UTA @ MEM,W,240,40,81,0.494,19,43,0.442,22,27,0.815,7,36,43,17,4,7,13,18,121,10,1,2021-05-29,Away
42020,1610612757,POR,Portland Trail Blazers,42000164,POR vs. DEN,W,240,42,84,0.5,12,33,0.364,19,25,0.76,4,40,44,24,6,7,6,21,115,20,1,2021-05-29,Home
42020,1610612764,WAS,Washington Wizards,42000103,WAS vs. PHI,L,240,38,96,0.396,8,35,0.229,19,25,0.76,13,28,41,18,5,3,8,18,103,-29,1,2021-05-29,Home
42020,1610612743,DEN,Denver Nuggets,42000164,DEN @ POR,L,240,32,94,0.34,13,44,0.295,18,22,0.818,14,33,47,20,5,5,9,18,95,-20,1,2021-05-29,Away
42020,1610612738,BOS,Boston Celtics,42000114,BOS vs. BKN,L,240,37,84,0.44,14,40,0.35,38,42,0.905,11,23,34,24,8,4,11,21,126,-15,1,2021-05-30,Home
42020,1610612737,ATL,Atlanta Hawks,42000134,ATL vs. NYK,W,240,36,82,0.439,15,39,0.385,26,28,0.929,9,39,48,24,4,2,11,22,113,17,1,2021-05-30,Home
42020,1610612747,LAL,Los Angeles Lakers,42000154,LAL vs. PHX,L,240,32,81,0.395,13,40,0.325,15,21,0.714,9,41,50,19,3,5,16,18,92,-8,1,2021-05-30,Home
42020,1610612752,NYK,New York Knicks,42000134,NYK @ ATL,L,240,34,81,0.42,9,29,0.31,19,23,0.826,6,33,39,24,7,2,9,20,96,-17,1,2021-05-30,Away
42020,1610612751,BKN,Brooklyn Nets,42000114,BKN @ BOS,W,240,48,83,0.578,16,27,0.593,29,30,0.967,9,27,36,29,8,9,10,28,141,15,1,2021-05-30,Away
42020,1610612746,LAC,LA Clippers,42000174,LAC @ DAL,W,240,37,77,0.481,13,33,0.394,19,25,0.76,9,44,53,16,7,6,12,25,106,25,1,2021-05-30,Away
42020,1610612742,DAL,Dallas Mavericks,42000174,DAL vs. LAC,L,240,31,89,0.348,5,30,0.167,14,22,0.636,10,31,41,15,3,1,8,20,81,-25,1,2021-05-30,Home
42020,1610612756,PHX,Phoenix Suns,42000154,PHX @ LAL,W,240,37,85,0.435,10,35,0.286,16,21,0.762,9,40,49,24,12,4,10,20,100,8,1,2021-05-30,Away
42020,1610612764,WAS,Washington Wizards,42000104,WAS vs. PHI,W,240,40,88,0.455,9,24,0.375,33,42,0.786,13,44,57,24,8,12,14,27,122,8,1,2021-05-31,Home
42020,1610612762,UTA,Utah Jazz,42000144,UTA @ MEM,W,240,39,85,0.459,17,34,0.5,25,28,0.893,7,35,42,23,7,4,11,16,120,7,1,2021-05-31,Away
42020,1610612755,PHI,Philadelphia 76ers,42000104,PHI @ WAS,L,240,40,96,0.417,12,38,0.316,22,34,0.647,12,36,48,21,7,6,11,30,114,-8,1,2021-05-31,Away
42020,1610612763,MEM,Memphis Grizzlies,42000144,MEM vs. UTA,L,240,43,92,0.467,10,35,0.286,17,20,0.85,7,35,42,26,8,4,9,21,113,-7,1,2021-05-31,Home
42020,1610612751,BKN,Brooklyn Nets,42000115,BKN vs. BOS,W,240,43,84,0.512,15,32,0.469,22,25,0.88,7,32,39,26,6,7,9,21,123,14,1,2021-06-01,Home
42020,1610612743,DEN,Denver Nuggets,42000165,DEN vs. POR,W,290,50,104,0.481,20,44,0.455,27,32,0.844,13,39,52,33,5,5,11,24,147,7,1,2021-06-01,Home
42020,1610612738,BOS,Boston Celtics,42000115,BOS @ BKN,L,240,40,92,0.435,11,40,0.275,18,23,0.783,13,31,44,18,3,12,11,21,109,-14,1,2021-06-01,Away
42020,1610612757,POR,Portland Trail Blazers,42000165,POR @ DEN,L,290,47,103,0.456,21,48,0.438,25,29,0.862,10,35,45,25,6,6,14,31,140,-7,1,2021-06-01,Away
42020,1610612747,LAL,Los Angeles Lakers,42000155,LAL @ PHX,L,240,29,84,0.345,12,35,0.343,15,21,0.714,10,41,51,14,3,1,17,25,85,-30,1,2021-06-01,Away
42020,1610612756,PHX,Phoenix Suns,42000155,PHX vs. LAL,W,240,43,94,0.457,14,42,0.333,15,21,0.714,3,44,47,29,7,4,4,22,115,30,1,2021-06-01,Home
42020,1610612746,LAC,LA Clippers,42000175,LAC vs. DAL,L,240,33,80,0.413,14,38,0.368,20,25,0.8,10,37,47,25,5,10,12,20,100,-5,1,2021-06-02,Home
42020,1610612737,ATL,Atlanta Hawks,42000135,ATL @ NYK,W,240,37,87,0.425,9,34,0.265,20,26,0.769,14,34,48,17,7,8,11,16,103,14,1,2021-06-02,Away
42020,1610612764,WAS,Washington Wizards,42000105,WAS @ PHI,L,240,39,79,0.494,8,20,0.4,26,33,0.788,7,31,38,22,4,3,15,30,112,-17,1,2021-06-02,Away
42020,1610612752,NYK,New York Knicks,42000135,NYK vs. ATL,L,240,31,82,0.378,12,30,0.4,15,18,0.833,14,31,45,19,5,4,17,22,89,-14,1,2021-06-02,Home
42020,1610612762,UTA,Utah Jazz,42000145,UTA vs. MEM,W,240,49,95,0.516,17,44,0.386,11,12,0.917,11,40,51,27,10,5,15,16,126,16,1,2021-06-02,Home
42020,1610612742,DAL,Dallas Mavericks,42000175,DAL @ LAC,W,240,37,89,0.416,14,36,0.389,17,19,0.895,11,34,45,21,9,2,9,23,105,5,1,2021-06-02,Away
42020,1610612755,PHI,Philadelphia 76ers,42000105,PHI vs. WAS,W,240,43,84,0.512,9,27,0.333,34,43,0.791,8,32,40,28,9,6,9,25,129,17,1,2021-06-02,Home
42020,1610612763,MEM,Memphis Grizzlies,42000145,MEM @ UTA,L,240,44,95,0.463,14,39,0.359,8,9,0.889,8,31,39,23,7,6,14,12,110,-16,1,2021-06-02,Away
42020,1610612757,POR,Portland Trail Blazers,42000166,POR vs. DEN,L,240,40,79,0.506,15,36,0.417,20,22,0.909,8,29,37,24,7,7,17,22,115,-11,1,2021-06-03,Home
42020,1610612747,LAL,Los Angeles Lakers,42000156,LAL vs. PHX,L,240,38,91,0.418,10,35,0.286,14,16,0.875,11,24,35,21,5,3,7,20,100,-13,1,2021-06-03,Home
42020,1610612756,PHX,Phoenix Suns,42000156,PHX @ LAL,W,240,37,73,0.507,18,35,0.514,21,22,0.955,8,34,42,24,5,9,14,17,113,13,1,2021-06-03,Away
42020,1610612743,DEN,Denver Nuggets,42000166,DEN @ POR,W,240,44,86,0.512,15,34,0.441,23,27,0.852,10,29,39,28,8,3,12,18,126,11,1,2021-06-03,Away
42020,1610612742,DAL,Dallas Mavericks,42000176,DAL vs. LAC,L,240,37,89,0.416,11,34,0.324,12,14,0.857,8,34,42,23,9,2,12,21,97,-7,1,2021-06-04,Home
42020,1610612746,LAC,LA Clippers,42000176,LAC @ DAL,W,240,36,77,0.468,10,34,0.294,22,28,0.786,6,36,42,18,7,3,14,14,104,7,1,2021-06-04,Away
42020,1610612749,MIL,Milwaukee Bucks,42000211,MIL @ BKN,L,240,45,101,0.446,6,30,0.2,11,19,0.579,15,43,58,21,4,3,14,15,107,-8,1,2021-06-05,Away
42020,1610612751,BKN,Brooklyn Nets,42000211,BKN vs. MIL,W,240,46,98,0.469,15,39,0.385,8,9,0.889,6,41,47,25,7,6,9,21,115,8,1,2021-06-05,Home
42020,1610612737,ATL,Atlanta Hawks,42000201,ATL @ PHI,W,240,44,86,0.512,20,47,0.426,20,21,0.952,3,32,35,23,10,3,17,26,128,4,1,2021-06-06,Away
42020,1610612755,PHI,Philadelphia 76ers,42000201,PHI vs. ATL,L,240,45,82,0.549,10,29,0.345,24,35,0.686,8,33,41,25,12,5,19,22,124,-4,1,2021-06-06,Home
42020,1610612746,LAC,LA Clippers,42000177,LAC vs. DAL,W,240,41,82,0.5,20,43,0.465,24,24,1.0,8,27,35,30,11,2,9,21,126,15,1,2021-06-06,Home
42020,1610612742,DAL,Dallas Mavericks,42000177,DAL @ LAC,L,240,45,91,0.495,10,36,0.278,11,17,0.647,16,31,47,22,4,1,14,21,111,-15,1,2021-06-06,Away
42020,1610612749,MIL,Milwaukee Bucks,42000212,MIL @ BKN,L,240,37,84,0.44,8,27,0.296,4,9,0.444,11,33,44,14,2,3,16,12,86,-39,1,2021-06-07,Away
42020,1610612743,DEN,Denver Nuggets,42000231,DEN @ PHX,L,240,43,92,0.467,14,40,0.35,5,6,0.833,11,30,41,26,10,4,12,17,105,-17,1,2021-06-07,Away
42020,1610612756,PHX,Phoenix Suns,42000231,PHX vs. DEN,W,240,46,85,0.541,13,34,0.382,17,20,0.85,7,37,44,30,8,4,10,12,122,17,1,2021-06-07,Home
42020,1610612751,BKN,Brooklyn Nets,42000212,BKN vs. MIL,W,240,49,94,0.521,21,42,0.5,6,7,0.857,9,33,42,27,8,3,9,17,125,39,1,2021-06-07,Home
42020,1610612737,ATL,Atlanta Hawks,42000202,ATL @ PHI,L,240,38,83,0.458,11,30,0.367,15,18,0.833,12,33,45,20,2,5,18,21,102,-16,1,2021-06-08,Away
42020,1610612762,UTA,Utah Jazz,42000221,UTA vs. LAC,W,240,37,91,0.407,17,50,0.34,21,26,0.808,12,34,46,18,5,6,7,24,112,3,1,2021-06-08,Home
42020,1610612755,PHI,Philadelphia 76ers,42000202,PHI vs. ATL,W,240,46,87,0.529,12,26,0.462,14,22,0.636,6,31,37,29,10,8,9,18,118,16,1,2021-06-08,Home
42020,1610612746,LAC,LA Clippers,42000221,LAC @ UTA,L,240,36,85,0.424,16,42,0.381,21,24,0.875,9,33,42,22,3,6,9,24,109,-3,1,2021-06-08,Away
42020,1610612756,PHX,Phoenix Suns,42000232,PHX vs. DEN,W,240,45,94,0.479,18,38,0.474,15,17,0.882,8,44,52,27,3,4,7,18,123,25,1,2021-06-09,Home
42020,1610612743,DEN,Denver Nuggets,42000232,DEN @ PHX,L,240,36,90,0.4,14,43,0.326,12,20,0.6,11,35,46,24,4,6,11,21,98,-25,1,2021-06-09,Away
42020,1610612749,MIL,Milwaukee Bucks,42000213,MIL vs. BKN,W,240,34,90,0.378,6,31,0.194,12,19,0.632,7,49,56,12,3,8,11,12,86,3,1,2021-06-10,Home
42020,1610612746,LAC,LA Clippers,42000222,LAC @ UTA,L,240,40,85,0.471,11,30,0.367,20,23,0.87,7,30,37,19,6,3,12,25,111,-6,1,2021-06-10,Away
42020,1610612762,UTA,Utah Jazz,42000222,UTA vs. LAC,W,240,42,76,0.553,20,39,0.513,13,21,0.619,2,34,36,15,4,3,16,23,117,6,1,2021-06-10,Home
42020,1610612751,BKN,Brooklyn Nets,42000213,BKN @ MIL,L,240,34,94,0.362,8,32,0.25,7,8,0.875,7,43,50,15,8,5,8,22,83,-3,1,2021-06-10,Away
42020,1610612755,PHI,Philadelphia 76ers,42000203,PHI @ ATL,W,240,46,79,0.582,10,21,0.476,25,39,0.641,10,26,36,28,8,4,11,26,127,16,1,2021-06-11,Away
42020,1610612737,ATL,Atlanta Hawks,42000203,ATL vs. PHI,L,240,39,82,0.476,6,23,0.261,27,32,0.844,11,25,36,15,6,1,11,28,111,-16,1,2021-06-11,Home
42020,1610612743,DEN,Denver Nuggets,42000233,DEN vs. PHX,L,240,39,95,0.411,14,41,0.341,10,16,0.625,18,28,46,21,4,3,14,21,102,-14,1,2021-06-11,Home
42020,1610612756,PHX,Phoenix Suns,42000233,PHX @ DEN,W,240,43,81,0.531,12,26,0.462,18,20,0.9,4,34,38,26,10,2,12,13,116,14,1,2021-06-11,Away
42020,1610612762,UTA,Utah Jazz,42000223,UTA @ LAC,L,240,36,84,0.429,19,44,0.432,15,17,0.882,9,29,38,15,7,1,16,22,106,-26,1,2021-06-12,Away
42020,1610612746,LAC,LA Clippers,42000223,LAC vs. UTA,W,240,50,89,0.562,19,36,0.528,13,16,0.813,10,31,41,21,6,2,9,18,132,26,1,2021-06-12,Home
42020,1610612756,PHX,Phoenix Suns,42000234,PHX @ DEN,W,240,44,85,0.518,8,22,0.364,29,31,0.935,7,41,48,18,6,6,15,21,125,7,1,2021-06-13,Away
42020,1610612751,BKN,Brooklyn Nets,42000214,BKN @ MIL,L,240,36,83,0.434,10,33,0.303,14,18,0.778,3,40,43,20,7,3,17,20,96,-11,1,2021-06-13,Away
42020,1610612743,DEN,Denver Nuggets,42000234,DEN vs. PHX,L,240,45,98,0.459,14,37,0.378,14,21,0.667,7,30,37,22,6,3,8,24,118,-7,1,2021-06-13,Home
42020,1610612749,MIL,Milwaukee Bucks,42000214,MIL vs. BKN,W,240,39,88,0.443,16,47,0.34,13,20,0.65,4,38,42,27,10,7,14,22,107,11,1,2021-06-13,Home
42020,1610612746,LAC,LA Clippers,42000224,LAC vs. UTA,W,240,36,77,0.468,15,37,0.405,31,38,0.816,10,34,44,19,8,7,11,24,118,14,1,2021-06-14,Home
42020,1610612762,UTA,Utah Jazz,42000224,UTA @ LAC,L,240,33,77,0.429,17,42,0.405,21,26,0.808,8,31,39,19,4,3,11,32,104,-14,1,2021-06-14,Away
42020,1610612755,PHI,Philadelphia 76ers,42000204,PHI @ ATL,L,240,37,85,0.435,11,27,0.407,15,21,0.714,8,47,55,23,2,6,12,18,100,-3,1,2021-06-14,Away
42020,1610612737,ATL,Atlanta Hawks,42000204,ATL vs. PHI,W,240,37,101,0.366,12,40,0.3,17,21,0.81,12,37,49,24,5,4,4,18,103,3,1,2021-06-14,Home
42020,1610612749,MIL,Milwaukee Bucks,42000215,MIL @ BKN,L,240,41,83,0.494,13,32,0.406,13,17,0.765,4,31,35,18,6,5,12,24,108,-6,1,2021-06-15,Away
42020,1610612751,BKN,Brooklyn Nets,42000215,BKN vs. MIL,W,240,38,77,0.494,16,43,0.372,22,25,0.88,2,34,36,27,4,4,10,19,114,6,1,2021-06-15,Home
42020,1610612737,ATL,Atlanta Hawks,42000205,ATL @ PHI,W,240,39,85,0.459,9,26,0.346,22,28,0.786,10,30,40,14,10,4,11,28,109,3,1,2021-06-16,Away
42020,1610612755,PHI,Philadelphia 76ers,42000205,PHI vs. ATL,L,240,35,75,0.467,13,30,0.433,23,38,0.605,7,37,44,20,7,6,16,21,106,-3,1,2021-06-16,Home
42020,1610612746,LAC,LA Clippers,42000225,LAC @ UTA,W,240,41,80,0.513,16,40,0.4,21,25,0.84,8,31,39,17,11,3,14,22,119,8,1,2021-06-16,Away
42020,1610612762,UTA,Utah Jazz,42000225,UTA vs. LAC,L,240,36,80,0.45,20,54,0.37,19,27,0.704,7,29,36,15,7,1,14,21,111,-8,1,2021-06-16,Home
42020,1610612749,MIL,Milwaukee Bucks,42000216,MIL vs. BKN,W,240,37,82,0.451,7,33,0.212,23,28,0.821,15,36,51,14,12,6,15,13,104,15,1,2021-06-17,Home
42020,1610612751,BKN,Brooklyn Nets,42000216,BKN @ MIL,L,240,36,81,0.444,9,30,0.3,8,14,0.571,9,30,39,14,11,1,16,18,89,-15,1,2021-06-17,Away
42020,1610612737,ATL,Atlanta Hawks,42000206,ATL vs. PHI,L,240,38,92,0.413,10,31,0.323,13,24,0.542,8,39,47,19,6,3,12,22,99,-5,1,2021-06-18,Home
42020,1610612746,LAC,LA Clippers,42000226,LAC vs. UTA,W,240,48,85,0.565,20,39,0.513,15,17,0.882,10,23,33,27,13,6,8,16,131,12,1,2021-06-18,Home
42020,1610612762,UTA,Utah Jazz,42000226,UTA @ LAC,L,240,42,86,0.488,21,44,0.477,14,19,0.737,16,27,43,19,4,0,16,19,119,-12,1,2021-06-18,Away
42020,1610612755,PHI,Philadelphia 76ers,42000206,PHI @ ATL,W,240,38,93,0.409,12,29,0.414,16,23,0.696,14,37,51,15,7,5,11,24,104,5,1,2021-06-18,Away
42020,1610612751,BKN,Brooklyn Nets,42000217,BKN vs. MIL,L,265,39,84,0.464,12,39,0.308,21,25,0.84,11,35,46,23,4,3,13,20,111,-4,1,2021-06-19,Home
42020,1610612749,MIL,Milwaukee Bucks,42000217,MIL @ BKN,W,265,43,98,0.439,15,36,0.417,14,21,0.667,18,30,48,20,9,7,8,20,115,4,1,2021-06-19,Away
42020,1610612755,PHI,Philadelphia 76ers,42000207,PHI vs. ATL,L,240,34,80,0.425,9,28,0.321,19,25,0.76,7,41,48,26,7,4,17,28,96,-7,1,2021-06-20,Home
42020,1610612746,LAC,LA Clippers,42000311,LAC @ PHX,L,240,40,88,0.455,20,47,0.426,14,17,0.824,10,29,39,23,6,3,9,17,114,-6,1,2021-06-20,Away
42020,1610612756,PHX,Phoenix Suns,42000311,PHX vs. LAC,W,240,49,89,0.551,13,32,0.406,9,9,1.0,7,36,43,31,5,3,7,16,120,6,1,2021-06-20,Home
42020,1610612737,ATL,Atlanta Hawks,42000207,ATL @ PHI,W,240,36,81,0.444,7,27,0.259,24,32,0.75,6,38,44,22,9,1,10,23,103,7,1,2021-06-20,Away
42020,1610612746,LAC,LA Clippers,42000312,LAC @ PHX,L,240,36,80,0.45,13,34,0.382,18,24,0.75,7,32,39,18,3,4,10,19,103,-1,1,2021-06-22,Away
42020,1610612756,PHX,Phoenix Suns,42000312,PHX vs. LAC,W,240,41,82,0.5,6,26,0.231,16,18,0.889,7,32,39,24,5,3,9,20,104,1,1,2021-06-22,Home
42020,1610612749,MIL,Milwaukee Bucks,42000301,MIL vs. ATL,L,240,47,102,0.461,8,36,0.222,11,14,0.786,12,33,45,27,6,4,8,14,113,-3,1,2021-06-23,Home
42020,1610612737,ATL,Atlanta Hawks,42000301,ATL @ MIL,W,240,47,95,0.495,8,32,0.25,14,16,0.875,12,39,51,19,5,2,13,17,116,3,1,2021-06-23,Away
42020,1610612756,PHX,Phoenix Suns,42000313,PHX @ LAC,L,240,35,90,0.389,10,32,0.313,12,13,0.923,11,32,43,24,5,3,11,19,92,-14,1,2021-06-24,Away
42020,1610612746,LAC,LA Clippers,42000313,LAC vs. PHX,W,240,37,82,0.451,12,34,0.353,20,24,0.833,10,41,51,20,8,5,12,15,106,14,1,2021-06-24,Home
42020,1610612737,ATL,Atlanta Hawks,42000302,ATL @ MIL,L,240,34,82,0.415,9,36,0.25,14,17,0.824,7,27,34,13,8,4,20,22,91,-34,1,2021-06-25,Away
42020,1610612749,MIL,Milwaukee Bucks,42000302,MIL vs. ATL,W,240,50,96,0.521,15,41,0.366,10,16,0.625,16,31,47,29,14,3,16,20,125,34,1,2021-06-25,Home
42020,1610612756,PHX,Phoenix Suns,42000314,PHX @ LAC,W,240,31,86,0.36,4,20,0.2,18,21,0.857,17,42,59,16,4,8,14,27,84,4,1,2021-06-26,Away
42020,1610612746,LAC,LA Clippers,42000314,LAC vs. PHX,L,240,27,83,0.325,5,31,0.161,21,32,0.656,15,36,51,13,4,2,12,19,80,-4,1,2021-06-26,Home
42020,1610612749,MIL,Milwaukee Bucks,42000303,MIL @ ATL,W,240,45,88,0.511,11,29,0.379,12,21,0.571,15,35,50,27,8,5,12,18,113,11,1,2021-06-27,Away
42020,1610612737,ATL,Atlanta Hawks,42000303,ATL vs. MIL,L,240,39,84,0.464,15,37,0.405,9,16,0.563,9,26,35,20,8,7,12,22,102,-11,1,2021-06-27,Home
42020,1610612746,LAC,LA Clippers,42000315,LAC @ PHX,W,240,46,84,0.548,10,30,0.333,14,15,0.933,2,38,40,20,8,2,10,16,116,14,1,2021-06-28,Away
42020,1610612756,PHX,Phoenix Suns,42000315,PHX vs. LAC,L,240,38,84,0.452,9,26,0.346,17,20,0.85,7,34,41,22,6,1,14,19,102,-14,1,2021-06-28,Home
42020,1610612749,MIL,Milwaukee Bucks,42000304,MIL @ ATL,L,240,33,84,0.393,8,39,0.205,14,19,0.737,12,31,43,19,6,3,15,18,88,-22,1,2021-06-29,Away
42020,1610612737,ATL,Atlanta Hawks,42000304,ATL vs. MIL,W,240,43,85,0.506,13,38,0.342,11,13,0.846,8,35,43,26,11,4,12,22,110,22,1,2021-06-29,Home
42020,1610612756,PHX,Phoenix Suns,42000316,PHX @ LAC,W,240,53,94,0.564,17,31,0.548,7,11,0.636,10,37,47,27,5,4,10,21,130,27,1,2021-06-30,Away
42020,1610612746,LAC,LA Clippers,42000316,LAC vs. PHX,L,240,33,79,0.418,12,39,0.308,25,32,0.781,7,25,32,18,5,3,10,11,103,-27,1,2021-06-30,Home
42020,1610612737,ATL,Atlanta Hawks,42000305,ATL @ MIL,L,240,41,90,0.456,15,38,0.395,15,19,0.789,13,27,40,24,6,5,14,22,112,-11,1,2021-07-01,Away
42020,1610612749,MIL,Milwaukee Bucks,42000305,MIL vs. ATL,W,240,48,95,0.505,9,29,0.31,18,25,0.72,14,33,47,28,11,5,9,17,123,11,1,2021-07-01,Home
42020,1610612749,MIL,Milwaukee Bucks,42000306,MIL @ ATL,W,240,41,89,0.461,17,45,0.378,19,21,0.905,12,34,46,24,11,5,15,23,118,11,1,2021-07-03,Away
42020,1610612737,ATL,Atlanta Hawks,42000306,ATL vs. MIL,L,240,38,92,0.413,12,32,0.375,19,23,0.826,13,30,43,22,11,2,16,16,107,-11,1,2021-07-03,Home
42020,1610612756,PHX,Phoenix Suns,42000401,PHX vs. MIL,W,240,41,88,0.466,11,34,0.324,25,26,0.962,6,37,43,18,9,1,9,14,118,13,1,2021-07-06,Home
42020,1610612749,MIL,Milwaukee Bucks,42000401,MIL @ PHX,L,240,40,88,0.455,16,36,0.444,9,16,0.563,9,38,47,21,4,2,14,18,105,-13,1,2021-07-06,Away
42020,1610612756,PHX,Phoenix Suns,42000402,PHX vs. MIL,W,240,43,88,0.489,20,40,0.5,12,14,0.857,11,32,43,26,7,2,13,19,118,10,1,2021-07-08,Home
42020,1610612749,MIL,Milwaukee Bucks,42000402,MIL @ PHX,L,240,42,93,0.452,9,31,0.29,15,23,0.652,18,28,46,21,8,7,9,17,108,-10,1,2021-07-08,Away
42020,1610612749,MIL,Milwaukee Bucks,42000403,MIL vs. PHX,W,240,43,90,0.478,14,36,0.389,20,26,0.769,13,34,47,28,8,2,9,18,120,20,1,2021-07-11,Home
42020,1610612756,PHX,Phoenix Suns,42000403,PHX @ MIL,L,240,40,83,0.482,9,31,0.29,11,16,0.688,6,30,36,21,3,3,15,24,100,-20,1,2021-07-11,Away
42020,1610612749,MIL,Milwaukee Bucks,42000404,MIL vs. PHX,W,240,39,97,0.402,7,29,0.241,24,29,0.828,17,31,48,22,11,3,5,18,109,6,1,2021-07-14,Home
42020,1610612756,PHX,Phoenix Suns,42000404,PHX @ MIL,L,240,40,78,0.513,7,23,0.304,16,19,0.842,5,35,40,18,3,9,17,24,103,-6,1,2021-07-14,Away
42020,1610612749,MIL,Milwaukee Bucks,42000405,MIL @ PHX,W,240,50,87,0.575,14,28,0.5,9,17,0.529,11,26,37,26,7,1,12,17,123,4,1,2021-07-17,Away
42020,1610612756,PHX,Phoenix Suns,42000405,PHX vs. MIL,L,240,48,87,0.552,13,19,0.684,10,11,0.909,8,27,35,23,9,5,9,20,119,-4,1,2021-07-17,Home
42020,1610612756,PHX,Phoenix Suns,42000406,PHX @ MIL,L,240,38,86,0.442,6,25,0.24,16,19,0.842,6,31,37,14,11,4,15,21,98,-7,1,2021-07-20,Away
42020,1610612749,MIL,Milwaukee Bucks,42000406,MIL vs. PHX,W,240,37,82,0.451,6,27,0.222,25,29,0.862,11,42,53,20,10,6,19,17,105,7,1,2021-07-20,Home
42021,1610612762,UTA,Utah Jazz,42100171,UTA @ DAL,W,240,36,83,0.434,7,22,0.318,20,23,0.87,13,40,53,15,3,5,14,25,99,6,1,2022-04-16,Away
42021,1610612743,DEN,Denver Nuggets,42100161,DEN @ GSW,L,240,43,93,0.462,11,35,0.314,10,13,0.769,9,26,35,26,8,3,11,22,107,-16,1,2022-04-16,Away
42021,1610612763,MEM,Memphis Grizzlies,42100151,MEM vs. MIN,L,240,39,86,0.453,7,27,0.259,32,43,0.744,8,27,35,25,7,8,12,24,117,-13,1,2022-04-16,Home
42021,1610612750,MIN,Minnesota Timberwolves,42100151,MIN @ MEM,W,240,45,90,0.5,16,41,0.39,24,27,0.889,11,35,46,32,5,7,19,32,130,13,1,2022-04-16,Away
42021,1610612742,DAL,Dallas Mavericks,42100171,DAL vs. UTA,L,240,29,76,0.382,9,32,0.281,26,34,0.765,7,27,34,17,8,4,7,22,93,-6,1,2022-04-16,Home
42021,1610612755,PHI,Philadelphia 76ers,42100131,PHI vs. TOR,W,240,43,84,0.512,16,32,0.5,29,34,0.853,10,29,39,29,6,4,4,18,131,20,1,2022-04-16,Home
42021,1610612761,TOR,Toronto Raptors,42100131,TOR @ PHI,L,240,40,82,0.488,12,30,0.4,19,23,0.826,7,28,35,27,1,8,8,26,111,-20,1,2022-04-16,Away
42021,1610612744,GSW,Golden State Warriors,42100161,GSW vs. DEN,W,240,43,82,0.524,16,35,0.457,21,29,0.724,10,31,41,33,5,8,13,22,123,16,1,2022-04-16,Home
42021,1610612751,BKN,Brooklyn Nets,42100111,BKN @ BOS,L,240,42,78,0.538,11,24,0.458,19,24,0.792,5,24,29,20,12,6,16,26,114,-1,1,2022-04-17,Away
42021,1610612738,BOS,Boston Celtics,42100111,BOS vs. BKN,W,240,42,89,0.472,12,33,0.364,19,24,0.792,14,29,43,24,12,5,15,24,115,1,1,2022-04-17,Home
42021,1610612740,NOP,New Orleans Pelicans,42100141,NOP @ PHX,L,240,36,95,0.379,9,23,0.391,18,26,0.692,25,30,55,20,4,2,14,18,99,-11,1,2022-04-17,Away
42021,1610612737,ATL,Atlanta Hawks,42100101,ATL @ MIA,L,240,29,75,0.387,10,36,0.278,23,27,0.852,8,30,38,16,8,2,18,19,91,-24,1,2022-04-17,Away
42021,1610612749,MIL,Milwaukee Bucks,42100121,MIL vs. CHI,W,240,34,84,0.405,10,38,0.263,15,23,0.652,11,47,58,19,4,6,21,21,93,7,1,2022-04-17,Home
42021,1610612748,MIA,Miami Heat,42100101,MIA vs. ATL,W,240,43,82,0.524,18,38,0.474,11,18,0.611,4,36,40,35,12,3,15,22,115,24,1,2022-04-17,Home
42021,1610612756,PHX,Phoenix Suns,42100141,PHX vs. NOP,W,240,42,78,0.538,10,28,0.357,16,21,0.762,5,30,35,25,6,9,10,23,110,11,1,2022-04-17,Home
42021,1610612741,CHI,Chicago Bulls,42100121,CHI @ MIL,L,240,31,96,0.323,7,37,0.189,17,19,0.895,16,37,53,17,10,3,11,22,86,-7,1,2022-04-17,Away
42021,1610612742,DAL,Dallas Mavericks,42100172,DAL vs. UTA,W,240,39,83,0.47,22,47,0.468,10,13,0.769,2,29,31,22,5,2,3,19,110,6,1,2022-04-18,Home
42021,1610612755,PHI,Philadelphia 76ers,42100132,PHI vs. TOR,W,240,36,69,0.522,14,30,0.467,26,30,0.867,7,34,41,20,5,12,16,18,112,15,1,2022-04-18,Home
42021,1610612761,TOR,Toronto Raptors,42100132,TOR @ PHI,L,240,38,89,0.427,11,32,0.344,10,12,0.833,13,22,35,16,7,4,11,24,97,-15,1,2022-04-18,Away
42021,1610612743,DEN,Denver Nuggets,42100162,DEN @ GSW,L,240,37,87,0.425,13,36,0.361,19,21,0.905,17,30,47,20,4,4,18,25,106,-20,1,2022-04-18,Away
42021,1610612762,UTA,Utah Jazz,42100172,UTA @ DAL,L,240,38,82,0.463,11,29,0.379,17,20,0.85,11,39,50,19,2,4,10,19,104,-6,1,2022-04-18,Away
42021,1610612744,GSW,Golden State Warriors,42100162,GSW vs. DEN,W,240,46,84,0.548,17,40,0.425,17,24,0.708,6,29,35,27,10,8,9,20,126,20,1,2022-04-18,Home
42021,1610612750,MIN,Minnesota Timberwolves,42100152,MIN @ MEM,L,240,30,76,0.395,11,38,0.289,25,28,0.893,4,36,40,16,5,9,20,28,96,-28,1,2022-04-19,Away
42021,1610612756,PHX,Phoenix Suns,42100142,PHX vs. NOP,L,240,43,86,0.5,13,35,0.371,15,18,0.833,8,25,33,26,9,3,13,18,114,-11,1,2022-04-19,Home
42021,1610612737,ATL,Atlanta Hawks,42100102,ATL @ MIA,L,240,41,87,0.471,12,40,0.3,11,14,0.786,7,33,40,21,6,2,19,26,105,-10,1,2022-04-19,Away
42021,1610612740,NOP,New Orleans Pelicans,42100142,NOP @ PHX,W,240,46,84,0.548,17,30,0.567,16,20,0.8,11,32,43,32,7,6,17,20,125,11,1,2022-04-19,Away
42021,1610612763,MEM,Memphis Grizzlies,42100152,MEM vs. MIN,W,240,44,92,0.478,11,34,0.324,25,32,0.781,14,34,48,29,9,1,12,22,124,28,1,2022-04-19,Home
42021,1610612748,MIA,Miami Heat,42100102,MIA vs. ATL,W,240,38,79,0.481,14,36,0.389,25,29,0.862,4,30,34,21,9,6,15,24,115,10,1,2022-04-19,Home
42021,1610612751,BKN,Brooklyn Nets,42100112,BKN @ BOS,L,240,35,76,0.461,10,21,0.476,27,34,0.794,9,27,36,16,8,8,14,28,107,-7,1,2022-04-20,Away
42021,1610612741,CHI,Chicago Bulls,42100122,CHI @ MIL,W,240,44,89,0.494,12,25,0.48,14,15,0.933,6,37,43,25,7,5,13,20,114,4,1,2022-04-20,Away
42021,1610612755,PHI,Philadelphia 76ers,42100133,PHI @ TOR,W,265,38,74,0.514,13,31,0.419,15,20,0.75,9,37,46,18,5,3,24,21,104,3,1,2022-04-20,Away
42021,1610612761,TOR,Toronto Raptors,42100133,TOR vs. PHI,L,265,38,86,0.442,13,35,0.371,12,18,0.667,9,23,32,23,9,4,11,21,101,-3,1,2022-04-20,Home
42021,1610612738,BOS,Boston Celtics,42100112,BOS vs. BKN,W,240,39,75,0.52,11,31,0.355,25,31,0.806,7,29,36,27,7,4,14,27,114,7,1,2022-04-20,Home
42021,1610612749,MIL,Milwaukee Bucks,42100122,MIL vs. CHI,L,240,38,82,0.463,14,36,0.389,20,31,0.645,9,35,44,27,4,6,15,17,110,-4,1,2022-04-20,Home
42021,1610612744,GSW,Golden State Warriors,42100163,GSW @ DEN,W,240,41,74,0.554,18,40,0.45,18,28,0.643,4,26,30,29,7,6,16,25,118,5,1,2022-04-21,Away
42021,1610612743,DEN,Denver Nuggets,42100163,DEN vs. GSW,L,240,40,80,0.5,11,26,0.423,22,27,0.815,11,33,44,25,9,3,18,26,113,-5,1,2022-04-21,Home
42021,1610612750,MIN,Minnesota Timberwolves,42100153,MIN vs. MEM,L,240,33,85,0.388,12,35,0.343,17,23,0.739,9,32,41,21,11,11,17,28,95,-9,1,2022-04-21,Home
42021,1610612762,UTA,Utah Jazz,42100173,UTA vs. DAL,L,240,39,69,0.565,9,28,0.321,31,33,0.939,1,31,32,20,2,4,14,28,118,-8,1,2022-04-21,Home
42021,1610612763,MEM,Memphis Grizzlies,42100153,MEM @ MIN,W,240,35,83,0.422,14,37,0.378,20,31,0.645,13,35,48,22,7,9,18,20,104,9,1,2022-04-21,Away
42021,1610612742,DAL,Dallas Mavericks,42100173,DAL @ UTA,W,240,41,83,0.494,18,42,0.429,26,31,0.839,6,26,32,24,10,1,9,32,126,8,1,2022-04-21,Away
42021,1610612737,ATL,Atlanta Hawks,42100103,ATL vs. MIA,W,240,41,80,0.513,12,32,0.375,17,21,0.81,5,31,36,23,5,3,11,20,111,1,1,2022-04-22,Home
42021,1610612741,CHI,Chicago Bulls,42100123,CHI vs. MIL,L,240,33,84,0.393,9,34,0.265,6,10,0.6,5,38,43,22,5,2,13,15,81,-30,1,2022-04-22,Home
42021,1610612748,MIA,Miami Heat,42100103,MIA @ ATL,L,240,41,93,0.441,14,45,0.311,14,17,0.824,11,34,45,30,6,3,15,23,110,-1,1,2022-04-22,Away
42021,1610612740,NOP,New Orleans Pelicans,42100143,NOP vs. PHX,L,240,38,79,0.481,11,32,0.344,24,31,0.774,11,34,45,17,4,5,15,28,111,-3,1,2022-04-22,Home
42021,1610612756,PHX,Phoenix Suns,42100143,PHX @ NOP,W,240,44,87,0.506,4,26,0.154,22,27,0.815,9,26,35,26,8,3,6,21,114,3,1,2022-04-22,Away
42021,1610612749,MIL,Milwaukee Bucks,42100123,MIL @ CHI,W,240,43,91,0.473,15,41,0.366,10,14,0.714,9,46,55,27,8,6,10,15,111,30,1,2022-04-22,Away
42021,1610612761,TOR,Toronto Raptors,42100134,TOR vs. PHI,W,240,37,88,0.42,8,34,0.235,28,35,0.8,13,33,46,19,9,6,11,20,110,8,1,2022-04-23,Home
42021,1610612742,DAL,Dallas Mavericks,42100174,DAL @ UTA,L,240,33,77,0.429,15,44,0.341,18,23,0.783,7,36,43,15,4,2,12,29,99,-1,1,2022-04-23,Away
42021,1610612755,PHI,Philadelphia 76ers,42100134,PHI @ TOR,L,240,34,80,0.425,13,31,0.419,21,25,0.84,6,35,41,24,4,5,16,26,102,-8,1,2022-04-23,Away
42021,1610612762,UTA,Utah Jazz,42100174,UTA vs. DAL,W,240,32,79,0.405,10,35,0.286,26,42,0.619,13,33,46,17,4,3,8,21,100,1,1,2022-04-23,Home
42021,1610612738,BOS,Boston Celtics,42100113,BOS @ BKN,W,240,42,84,0.5,12,39,0.308,13,14,0.929,13,21,34,26,13,3,14,19,109,6,1,2022-04-23,Away
42021,1610612763,MEM,Memphis Grizzlies,42100154,MEM @ MIN,L,240,42,86,0.488,15,32,0.469,19,25,0.76,6,33,39,31,9,4,19,33,118,-1,1,2022-04-23,Away
42021,1610612750,MIN,Minnesota Timberwolves,42100154,MIN vs. MEM,W,240,35,74,0.473,18,36,0.5,31,40,0.775,6,28,34,23,7,8,16,23,119,1,1,2022-04-23,Home
42021,1610612751,BKN,Brooklyn Nets,42100113,BKN vs. BOS,L,240,39,77,0.506,12,29,0.414,13,16,0.813,12,21,33,25,7,5,21,22,103,-6,1,2022-04-23,Home
42021,1610612737,ATL,Atlanta Hawks,42100104,ATL vs. MIA,L,240,30,75,0.4,15,42,0.357,11,20,0.55,11,30,41,18,2,3,15,21,86,-24,1,2022-04-24,Home
42021,1610612741,CHI,Chicago Bulls,42100124,CHI vs. MIL,L,240,35,90,0.389,9,36,0.25,16,17,0.941,8,36,44,27,5,3,12,18,95,-24,1,2022-04-24,Home
42021,1610612743,DEN,Denver Nuggets,42100164,DEN vs. GSW,W,240,41,73,0.562,15,31,0.484,29,36,0.806,5,28,33,28,9,2,20,31,126,5,1,2022-04-24,Home
42021,1610612744,GSW,Golden State Warriors,42100164,GSW @ DEN,L,240,43,86,0.5,12,34,0.353,23,32,0.719,9,27,36,26,15,3,17,27,121,-5,1,2022-04-24,Away
42021,1610612740,NOP,New Orleans Pelicans,42100144,NOP vs. PHX,W,240,40,85,0.471,6,24,0.25,32,42,0.762,19,29,48,20,8,3,9,16,118,15,1,2022-04-24,Home
42021,1610612748,MIA,Miami Heat,42100104,MIA @ ATL,W,240,40,92,0.435,13,42,0.31,17,21,0.81,15,33,48,22,8,1,7,23,110,24,1,2022-04-24,Away
42021,1610612749,MIL,Milwaukee Bucks,42100124,MIL @ CHI,W,240,45,86,0.523,17,33,0.515,12,18,0.667,5,46,51,21,6,4,15,23,119,24,1,2022-04-24,Away
42021,1610612756,PHX,Phoenix Suns,42100144,PHX @ NOP,L,240,43,85,0.506,7,27,0.259,10,15,0.667,12,27,39,33,6,3,13,28,103,-15,1,2022-04-24,Away
42021,1610612755,PHI,Philadelphia 76ers,42100135,PHI vs. TOR,L,240,31,81,0.383,10,37,0.27,16,20,0.8,8,29,37,21,7,1,16,17,88,-15,1,2022-04-25,Home
42021,1610612738,BOS,Boston Celtics,42100114,BOS @ BKN,W,240,42,89,0.472,14,35,0.4,18,22,0.818,10,35,45,26,3,4,13,28,116,4,1,2022-04-25,Away
42021,1610612761,TOR,Toronto Raptors,42100135,TOR @ PHI,W,240,42,82,0.512,8,31,0.258,11,13,0.846,3,37,40,24,8,6,9,20,103,15,1,2022-04-25,Away
42021,1610612751,BKN,Brooklyn Nets,42100114,BKN vs. BOS,L,240,41,81,0.506,13,35,0.371,17,29,0.586,8,30,38,28,5,7,10,23,112,-4,1,2022-04-25,Home
42021,1610612762,UTA,Utah Jazz,42100175,UTA @ DAL,L,240,29,77,0.377,3,30,0.1,16,21,0.762,7,33,40,12,8,2,13,24,77,-25,1,2022-04-25,Away
42021,1610612742,DAL,Dallas Mavericks,42100175,DAL vs. UTA,W,240,37,85,0.435,12,43,0.279,16,21,0.762,11,38,49,16,6,1,11,18,102,25,1,2022-04-25,Home
42021,1610612737,ATL,Atlanta Hawks,42100105,ATL @ MIA,L,240,31,74,0.419,8,25,0.32,24,28,0.857,12,30,42,15,8,2,19,22,94,-3,1,2022-04-26,Away
42021,1610612750,MIN,Minnesota Timberwolves,42100155,MIN @ MEM,L,240,37,83,0.446,14,33,0.424,21,24,0.875,6,36,42,23,9,7,23,29,109,-2,1,2022-04-26,Away
42021,1610612740,NOP,New Orleans Pelicans,42100145,NOP @ PHX,L,240,32,80,0.4,5,25,0.2,28,35,0.8,13,34,47,14,6,5,15,20,97,-15,1,2022-04-26,Away
42021,1610612756,PHX,Phoenix Suns,42100145,PHX vs. NOP,W,240,43,86,0.5,10,27,0.37,16,20,0.8,6,34,40,28,10,4,10,25,112,15,1,2022-04-26,Home
42021,1610612763,MEM,Memphis Grizzlies,42100155,MEM vs. MIN,W,240,39,94,0.415,7,28,0.25,26,39,0.667,18,35,53,24,10,7,16,19,111,2,1,2022-04-26,Home
42021,1610612748,MIA,Miami Heat,42100105,MIA vs. ATL,W,240,37,82,0.451,7,31,0.226,16,21,0.762,7,26,33,19,12,2,14,25,97,3,1,2022-04-26,Home
42021,1610612749,MIL,Milwaukee Bucks,42100125,MIL vs. CHI,W,240,43,87,0.494,14,36,0.389,16,20,0.8,7,44,51,23,10,2,16,13,116,16,1,2022-04-27,Home
42021,1610612744,GSW,Golden State Warriors,42100165,GSW vs. DEN,W,240,37,82,0.451,13,31,0.419,15,21,0.714,6,31,37,28,10,6,10,22,102,4,1,2022-04-27,Home
42021,1610612741,CHI,Chicago Bulls,42100125,CHI @ MIL,L,240,39,92,0.424,15,52,0.288,7,11,0.636,6,31,37,24,12,3,16,18,100,-16,1,2022-04-27,Away
42021,1610612743,DEN,Denver Nuggets,42100165,DEN @ GSW,L,240,36,81,0.444,6,29,0.207,20,29,0.69,14,36,50,26,5,5,15,21,98,-4,1,2022-04-27,Away
42021,1610612755,PHI,Philadelphia 76ers,42100136,PHI @ TOR,W,240,47,81,0.58,16,40,0.4,22,23,0.957,10,37,47,32,4,4,11,22,132,35,1,2022-04-28,Away
42021,1610612756,PHX,Phoenix Suns,42100146,PHX @ NOP,W,240,45,75,0.6,8,20,0.4,17,18,0.944,5,27,32,23,8,2,14,21,115,6,1,2022-04-28,Away
42021,1610612761,TOR,Toronto Raptors,42100136,TOR vs. PHI,L,240,35,89,0.393,7,35,0.2,20,25,0.8,15,22,37,15,6,1,10,22,97,-35,1,2022-04-28,Home
42021,1610612740,NOP,New Orleans Pelicans,42100146,NOP vs. PHX,L,240,42,83,0.506,8,24,0.333,17,19,0.895,12,24,36,25,9,0,17,25,109,-6,1,2022-04-28,Home
42021,1610612742,DAL,Dallas Mavericks,42100176,DAL @ UTA,W,240,36,80,0.45,17,43,0.395,9,11,0.818,3,34,37,22,6,4,10,19,98,2,1,2022-04-28,Away
42021,1610612762,UTA,Utah Jazz,42100176,UTA vs. DAL,L,240,36,84,0.429,9,35,0.257,15,20,0.75,11,37,48,20,5,4,11,15,96,-2,1,2022-04-28,Home
42021,1610612763,MEM,Memphis Grizzlies,42100156,MEM @ MIN,W,240,40,86,0.465,15,32,0.469,19,24,0.792,16,39,55,24,7,8,19,21,114,8,1,2022-04-29,Away
42021,1610612750,MIN,Minnesota Timberwolves,42100156,MIN vs. MEM,L,240,38,84,0.452,12,31,0.387,18,26,0.692,6,31,37,22,12,5,11,21,106,-8,1,2022-04-29,Home
42021,1610612749,MIL,Milwaukee Bucks,42100211,MIL @ BOS,W,240,37,90,0.411,12,34,0.353,15,21,0.714,10,44,54,22,11,5,14,21,101,12,1,2022-05-01,Away
42021,1610612738,BOS,Boston Celtics,42100211,BOS vs. MIL,L,240,28,84,0.333,18,50,0.36,15,20,0.75,10,38,48,21,8,7,18,25,89,-12,1,2022-05-01,Home
42021,1610612763,MEM,Memphis Grizzlies,42100231,MEM vs. GSW,L,240,41,95,0.432,16,40,0.4,18,24,0.75,16,30,46,26,11,6,16,19,116,-1,1,2022-05-01,Home
42021,1610612744,GSW,Golden State Warriors,42100231,GSW @ MEM,W,240,45,93,0.484,14,38,0.368,13,20,0.65,16,36,52,31,10,6,18,25,117,1,1,2022-05-01,Away
42021,1610612755,PHI,Philadelphia 76ers,42100201,PHI @ MIA,L,240,34,79,0.43,6,34,0.176,18,20,0.9,9,28,37,18,4,6,15,17,92,-14,1,2022-05-02,Away
42021,1610612748,MIA,Miami Heat,42100201,MIA vs. PHI,W,240,40,92,0.435,9,36,0.25,17,18,0.944,15,32,47,21,5,2,13,18,106,14,1,2022-05-02,Home
42021,1610612756,PHX,Phoenix Suns,42100221,PHX vs. DAL,W,240,46,91,0.505,11,28,0.393,18,18,1.0,13,38,51,27,3,6,10,21,121,7,1,2022-05-02,Home
42021,1610612742,DAL,Dallas Mavericks,42100221,DAL @ PHX,L,240,40,85,0.471,16,39,0.41,18,25,0.72,7,29,36,16,6,2,9,22,114,-7,1,2022-05-02,Away
42021,1610612738,BOS,Boston Celtics,42100212,BOS vs. MIL,W,240,38,80,0.475,20,43,0.465,13,15,0.867,7,33,40,28,10,5,16,23,109,23,1,2022-05-03,Home
42021,1610612744,GSW,Golden State Warriors,42100232,GSW @ MEM,L,240,40,95,0.421,7,38,0.184,14,18,0.778,14,38,52,27,6,2,18,20,101,-5,1,2022-05-03,Away
42021,1610612749,MIL,Milwaukee Bucks,42100212,MIL @ BOS,L,240,34,73,0.466,3,18,0.167,15,23,0.652,5,32,37,16,4,5,17,19,86,-23,1,2022-05-03,Away
42021,1610612763,MEM,Memphis Grizzlies,42100232,MEM vs. GSW,W,240,36,91,0.396,14,45,0.311,20,21,0.952,13,36,49,17,13,6,15,23,106,5,1,2022-05-03,Home
42021,1610612756,PHX,Phoenix Suns,42100222,PHX vs. DAL,W,240,49,76,0.645,13,25,0.52,18,21,0.857,4,30,34,28,6,6,17,28,129,20,1,2022-05-04,Home
42021,1610612748,MIA,Miami Heat,42100202,MIA vs. PHI,W,240,40,78,0.513,14,29,0.483,25,31,0.806,8,36,44,25,5,3,14,22,119,16,1,2022-05-04,Home
42021,1610612755,PHI,Philadelphia 76ers,42100202,PHI @ MIA,L,240,38,84,0.452,8,30,0.267,19,22,0.864,5,29,34,17,10,4,10,25,103,-16,1,2022-05-04,Away
42021,1610612742,DAL,Dallas Mavericks,42100222,DAL @ PHX,L,240,36,79,0.456,17,41,0.415,20,24,0.833,7,18,25,19,7,1,17,26,109,-20,1,2022-05-04,Away
42021,1610612748,MIA,Miami Heat,42100203,MIA @ PHI,L,240,27,77,0.351,7,30,0.233,18,24,0.75,11,25,36,14,11,1,13,22,79,-20,1,2022-05-06,Away
42021,1610612756,PHX,Phoenix Suns,42100223,PHX @ DAL,L,240,34,76,0.447,13,28,0.464,13,15,0.867,9,36,45,23,5,1,17,14,94,-9,1,2022-05-06,Away
42021,1610612742,DAL,Dallas Mavericks,42100223,DAL vs. PHX,W,240,40,90,0.444,13,39,0.333,10,13,0.769,8,28,36,25,12,4,8,19,103,9,1,2022-05-06,Home
42021,1610612755,PHI,Philadelphia 76ers,42100203,PHI vs. MIA,W,240,32,67,0.478,16,33,0.485,19,22,0.864,8,35,43,22,7,3,19,24,99,20,1,2022-05-06,Home
42021,1610612744,GSW,Golden State Warriors,42100233,GSW vs. MEM,W,240,53,85,0.624,17,32,0.531,19,21,0.905,4,34,38,34,5,4,16,24,142,30,1,2022-05-07,Home
42021,1610612749,MIL,Milwaukee Bucks,42100213,MIL vs. BOS,W,240,40,99,0.404,9,34,0.265,14,17,0.824,13,40,53,20,8,4,12,26,103,2,1,2022-05-07,Home
42021,1610612738,BOS,Boston Celtics,42100213,BOS @ MIL,L,240,32,87,0.368,9,33,0.273,28,34,0.824,11,36,47,23,5,13,12,21,101,-2,1,2022-05-07,Away
42021,1610612763,MEM,Memphis Grizzlies,42100233,MEM @ GSW,L,240,40,92,0.435,16,43,0.372,16,21,0.762,7,23,30,21,7,4,12,20,112,-30,1,2022-05-07,Away
42021,1610612755,PHI,Philadelphia 76ers,42100204,PHI vs. MIA,W,240,37,68,0.544,16,33,0.485,26,34,0.765,4,28,32,25,5,2,17,24,116,8,1,2022-05-08,Home
42021,1610612748,MIA,Miami Heat,42100204,MIA @ PHI,L,240,38,82,0.463,7,35,0.2,25,28,0.893,5,28,33,24,9,5,13,26,108,-8,1,2022-05-08,Away
42021,1610612742,DAL,Dallas Mavericks,42100224,DAL vs. PHX,W,240,38,85,0.447,20,44,0.455,15,19,0.789,10,27,37,22,5,1,11,21,111,10,1,2022-05-08,Home
42021,1610612756,PHX,Phoenix Suns,42100224,PHX @ DAL,L,240,39,84,0.464,9,25,0.36,14,18,0.778,12,32,44,27,4,4,17,25,101,-10,1,2022-05-08,Away
42021,1610612738,BOS,Boston Celtics,42100214,BOS @ MIL,W,240,42,84,0.5,14,37,0.378,18,20,0.9,4,34,38,25,2,4,11,25,116,8,1,2022-05-09,Away
42021,1610612744,GSW,Golden State Warriors,42100234,GSW vs. MEM,W,240,36,90,0.4,9,37,0.243,20,22,0.909,10,44,54,25,6,7,16,15,101,3,1,2022-05-09,Home
42021,1610612749,MIL,Milwaukee Bucks,42100214,MIL vs. BOS,L,240,39,94,0.415,9,27,0.333,21,27,0.778,13,35,48,18,6,3,8,17,108,-8,1,2022-05-09,Home
42021,1610612763,MEM,Memphis Grizzlies,42100234,MEM @ GSW,L,240,40,96,0.417,9,35,0.257,9,15,0.6,10,38,48,25,10,10,12,19,98,-3,1,2022-05-09,Away
42021,1610612748,MIA,Miami Heat,42100205,MIA vs. PHI,W,240,45,84,0.536,13,33,0.394,17,23,0.739,8,38,46,26,8,4,11,13,120,35,1,2022-05-10,Home
42021,1610612755,PHI,Philadelphia 76ers,42100205,PHI @ MIA,L,240,31,85,0.365,9,32,0.281,14,15,0.933,10,26,36,14,8,2,16,19,85,-35,1,2022-05-10,Away
42021,1610612742,DAL,Dallas Mavericks,42100225,DAL @ PHX,L,240,27,71,0.38,8,32,0.25,18,27,0.667,6,32,38,9,7,0,18,21,80,-30,1,2022-05-10,Away
42021,1610612756,PHX,Phoenix Suns,42100225,PHX vs. DAL,W,240,43,87,0.494,12,32,0.375,12,16,0.75,12,38,50,28,10,2,12,23,110,30,1,2022-05-10,Home
42021,1610612763,MEM,Memphis Grizzlies,42100235,MEM vs. GSW,W,240,47,99,0.475,18,41,0.439,22,30,0.733,18,37,55,37,12,4,10,17,134,39,1,2022-05-11,Home
42021,1610612749,MIL,Milwaukee Bucks,42100215,MIL @ BOS,W,240,40,92,0.435,13,29,0.448,17,21,0.81,17,32,49,22,5,5,13,14,110,3,1,2022-05-11,Away
42021,1610612744,GSW,Golden State Warriors,42100235,GSW @ MEM,L,240,36,80,0.45,14,39,0.359,9,13,0.692,4,33,37,22,3,5,22,23,95,-39,1,2022-05-11,Away
42021,1610612738,BOS,Boston Celtics,42100215,BOS vs. MIL,L,240,42,82,0.512,10,31,0.323,13,15,0.867,5,31,36,25,6,7,10,19,107,-3,1,2022-05-11,Home
42021,1610612742,DAL,Dallas Mavericks,42100226,DAL vs. PHX,W,240,35,77,0.455,16,39,0.41,27,36,0.75,7,32,39,18,16,4,7,23,113,27,1,2022-05-12,Home
42021,1610612755,PHI,Philadelphia 76ers,42100206,PHI vs. MIA,L,240,36,87,0.414,12,37,0.324,6,7,0.857,6,29,35,21,8,6,13,16,90,-9,1,2022-05-12,Home
42021,1610612756,PHX,Phoenix Suns,42100226,PHX @ DAL,L,240,31,78,0.397,6,18,0.333,18,21,0.857,13,32,45,18,3,2,22,27,86,-27,1,2022-05-12,Away
42021,1610612748,MIA,Miami Heat,42100206,MIA @ PHI,W,240,42,87,0.483,7,28,0.25,8,11,0.727,13,36,49,19,7,6,16,12,99,9,1,2022-05-12,Away
42021,1610612738,BOS,Boston Celtics,42100216,BOS @ MIL,W,240,38,87,0.437,17,43,0.395,15,23,0.652,8,34,42,22,5,7,8,17,108,13,1,2022-05-13,Away
42021,1610612763,MEM,Memphis Grizzlies,42100236,MEM @ GSW,L,240,34,96,0.354,15,36,0.417,13,20,0.65,10,34,44,21,8,6,7,12,96,-14,1,2022-05-13,Away
42021,1610612749,MIL,Milwaukee Bucks,42100216,MIL vs. BOS,L,240,36,88,0.409,7,29,0.241,16,18,0.889,7,42,49,15,5,3,11,25,95,-13,1,2022-05-13,Home
42021,1610612744,GSW,Golden State Warriors,42100236,GSW vs. MEM,W,240,41,104,0.394,20,53,0.377,8,11,0.727,25,45,70,24,3,10,19,17,110,14,1,2022-05-13,Home
42021,1610612749,MIL,Milwaukee Bucks,42100217,MIL @ BOS,L,240,33,90,0.367,4,33,0.121,11,16,0.688,11,45,56,20,5,5,13,18,81,-28,1,2022-05-15,Away
42021,1610612756,PHX,Phoenix Suns,42100227,PHX vs. DAL,L,240,33,87,0.379,12,34,0.353,12,18,0.667,15,24,39,22,8,4,12,18,90,-33,1,2022-05-15,Home
42021,1610612738,BOS,Boston Celtics,42100217,BOS vs. MIL,W,240,37,88,0.42,22,55,0.4,13,18,0.722,8,40,48,29,5,7,14,19,109,28,1,2022-05-15,Home
42021,1610612742,DAL,Dallas Mavericks,42100227,DAL @ PHX,W,240,46,81,0.568,19,39,0.487,12,12,1.0,6,37,43,14,9,6,12,17,123,33,1,2022-05-15,Away
42021,1610612738,BOS,Boston Celtics,42100301,BOS @ MIA,L,240,36,79,0.456,11,34,0.324,24,32,0.75,8,30,38,22,8,8,16,23,107,-11,1,2022-05-17,Away
42021,1610612748,MIA,Miami Heat,42100301,MIA vs. BOS,W,240,39,80,0.488,10,30,0.333,30,34,0.882,9,30,39,18,10,12,13,24,118,11,1,2022-05-17,Home
42021,1610612744,GSW,Golden State Warriors,42100311,GSW vs. DAL,W,240,46,82,0.561,10,29,0.345,10,16,0.625,7,44,51,24,8,7,15,22,112,25,1,2022-05-18,Home
42021,1610612742,DAL,Dallas Mavericks,42100311,DAL @ GSW,L,240,31,86,0.36,11,48,0.229,14,21,0.667,9,26,35,14,7,1,13,17,87,-25,1,2022-05-18,Away
42021,1610612738,BOS,Boston Celtics,42100302,BOS @ MIA,W,240,43,84,0.512,20,40,0.5,21,23,0.913,8,33,41,28,8,5,10,21,127,25,1,2022-05-19,Away
42021,1610612748,MIA,Miami Heat,42100302,MIA vs. BOS,L,240,38,86,0.442,10,34,0.294,16,22,0.727,12,30,42,21,4,3,15,18,102,-25,1,2022-05-19,Home
42021,1610612744,GSW,Golden State Warriors,42100312,GSW vs. DAL,W,240,46,82,0.561,14,28,0.5,20,25,0.8,8,35,43,33,4,2,16,26,126,9,1,2022-05-20,Home
42021,1610612742,DAL,Dallas Mavericks,42100312,DAL @ GSW,L,240,37,78,0.474,21,45,0.467,22,29,0.759,4,26,30,22,7,5,12,20,117,-9,1,2022-05-20,Away
42021,1610612748,MIA,Miami Heat,42100303,MIA @ BOS,W,240,43,92,0.467,11,33,0.333,12,14,0.857,8,26,34,22,19,4,9,24,109,6,1,2022-05-21,Away
42021,1610612738,BOS,Boston Celtics,42100303,BOS vs. MIA,L,240,34,70,0.486,12,32,0.375,23,30,0.767,9,35,44,21,2,7,24,21,103,-6,1,2022-05-21,Home
42021,1610612742,DAL,Dallas Mavericks,42100313,DAL vs. GSW,L,240,30,75,0.4,13,45,0.289,27,34,0.794,7,26,33,18,4,2,9,18,100,-9,1,2022-05-22,Home
42021,1610612744,GSW,Golden State Warriors,42100313,GSW @ DAL,W,240,38,81,0.469,11,32,0.344,22,25,0.88,14,33,47,28,5,1,13,23,109,9,1,2022-05-22,Away
42021,1610612748,MIA,Miami Heat,42100304,MIA @ BOS,L,240,30,90,0.333,14,36,0.389,8,14,0.571,10,29,39,22,4,2,9,26,82,-20,1,2022-05-23,Away
42021,1610612738,BOS,Boston Celtics,42100304,BOS vs. MIA,W,240,31,78,0.397,8,34,0.235,32,38,0.842,14,46,60,21,4,11,11,15,102,20,1,2022-05-23,Home
42021,1610612744,GSW,Golden State Warriors,42100314,GSW @ DAL,L,240,41,84,0.488,10,28,0.357,17,26,0.654,6,36,42,26,5,4,8,18,109,-10,1,2022-05-24,Away
42021,1610612742,DAL,Dallas Mavericks,42100314,DAL vs. GSW,W,240,41,82,0.5,20,43,0.465,17,22,0.773,4,41,45,30,4,6,8,19,119,10,1,2022-05-24,Home
42021,1610612738,BOS,Boston Celtics,42100305,BOS @ MIA,W,240,33,71,0.465,10,33,0.303,17,23,0.739,6,40,46,24,5,7,15,19,93,13,1,2022-05-25,Away
42021,1610612748,MIA,Miami Heat,42100305,MIA vs. BOS,L,240,30,94,0.319,7,45,0.156,13,14,0.929,19,30,49,14,7,2,12,19,80,-13,1,2022-05-25,Home
42021,1610612742,DAL,Dallas Mavericks,42100315,DAL @ GSW,L,240,37,82,0.451,17,42,0.405,19,25,0.76,6,28,34,22,6,4,8,18,110,-10,1,2022-05-26,Away
42021,1610612744,GSW,Golden State Warriors,42100315,GSW vs. DAL,W,240,45,88,0.511,14,36,0.389,16,16,1.0,14,37,51,36,6,3,11,20,120,10,1,2022-05-26,Home
42021,1610612738,BOS,Boston Celtics,42100306,BOS vs. MIA,L,240,32,72,0.444,11,33,0.333,28,31,0.903,6,28,34,22,10,4,18,28,103,-8,1,2022-05-27,Home
42021,1610612748,MIA,Miami Heat,42100306,MIA @ BOS,W,240,36,78,0.462,15,35,0.429,24,25,0.96,11,26,37,25,10,2,19,27,111,8,1,2022-05-27,Away
42021,1610612748,MIA,Miami Heat,42100307,MIA vs. BOS,L,240,37,88,0.42,6,30,0.2,16,24,0.667,7,37,44,16,4,5,10,18,96,-4,1,2022-05-29,Home
42021,1610612738,BOS,Boston Celtics,42100307,BOS @ MIA,W,240,35,85,0.412,11,32,0.344,19,24,0.792,10,41,51,22,4,6,13,26,100,4,1,2022-05-29,Away
42021,1610612744,GSW,Golden State Warriors,42100401,GSW vs. BOS,L,240,39,88,0.443,19,45,0.422,11,15,0.733,12,27,39,24,8,6,14,16,108,-12,1,2022-06-02,Home
42021,1610612738,BOS,Boston Celtics,42100401,BOS @ GSW,W,240,43,85,0.506,21,41,0.512,13,16,0.813,7,32,39,33,7,6,13,13,120,12,1,2022-06-02,Away
42021,1610612738,BOS,Boston Celtics,42100402,BOS @ GSW,L,240,30,80,0.375,15,37,0.405,13,17,0.765,6,37,43,24,5,7,19,18,88,-19,1,2022-06-05,Away
42021,1610612744,GSW,Golden State Warriors,42100402,GSW vs. BOS,W,240,39,86,0.453,15,37,0.405,14,20,0.7,6,36,42,25,15,2,12,17,107,19,1,2022-06-05,Home
42021,1610612738,BOS,Boston Celtics,42100403,BOS vs. GSW,W,240,43,89,0.483,13,35,0.371,17,24,0.708,15,32,47,28,7,7,12,17,116,16,1,2022-06-08,Home
42021,1610612744,GSW,Golden State Warriors,42100403,GSW @ BOS,L,240,36,78,0.462,15,40,0.375,13,15,0.867,6,25,31,22,7,5,17,23,100,-16,1,2022-06-08,Away
42021,1610612738,BOS,Boston Celtics,42100404,BOS vs. GSW,L,240,34,85,0.4,15,38,0.395,14,19,0.737,11,31,42,22,8,6,16,17,97,-10,1,2022-06-10,Home
42021,1610612744,GSW,Golden State Warriors,42100404,GSW @ BOS,W,240,40,91,0.44,15,43,0.349,12,15,0.8,16,39,55,20,10,5,16,21,107,10,1,2022-06-10,Away
42021,1610612744,GSW,Golden State Warriors,42100405,GSW vs. BOS,W,240,41,88,0.466,9,40,0.225,13,15,0.867,4,35,39,23,9,2,7,28,104,10,1,2022-06-13,Home
42021,1610612738,BOS,Boston Celtics,42100405,BOS @ GSW,L,240,31,75,0.413,11,32,0.344,21,31,0.677,8,39,47,18,2,2,18,16,94,-10,1,2022-06-13,Away
42021,1610612744,GSW,Golden State Warriors,42100406,GSW @ BOS,W,240,38,92,0.413,19,46,0.413,8,8,1.0,15,29,44,27,13,7,17,20,103,13,1,2022-06-16,Away
42021,1610612738,BOS,Boston Celtics,42100406,BOS vs. GSW,L,240,34,80,0.425,11,28,0.393,11,12,0.917,11,30,41,27,8,8,23,16,90,-13,1,2022-06-16,Home
42022,1610612737,ATL,Atlanta Hawks,42200111,ATL @ BOS,L,240,38,98,0.388,5,29,0.172,18,22,0.818,14,31,45,23,13,4,11,17,99,-13,1,2023-04-15,Away
42022,1610612758,SAC,Sacramento Kings,42200161,SAC vs. GSW,W,240,44,98,0.449,12,32,0.375,26,32,0.813,17,33,50,18,10,3,13,23,126,3,1,2023-04-15,Home
42022,1610612755,PHI,Philadelphia 76ers,42200121,PHI vs. BKN,W,240,42,89,0.472,21,43,0.488,16,16,1.0,14,24,38,32,14,3,9,17,121,20,1,2023-04-15,Home
42022,1610612751,BKN,Brooklyn Nets,42200121,BKN @ PHI,L,240,39,70,0.557,13,29,0.448,10,15,0.667,5,30,35,23,3,5,20,15,101,-20,1,2023-04-15,Away
42022,1610612739,CLE,Cleveland Cavaliers,42200131,CLE vs. NYK,L,240,36,83,0.434,10,31,0.323,15,21,0.714,11,27,38,20,9,2,14,17,97,-4,1,2023-04-15,Home
42022,1610612744,GSW,Golden State Warriors,42200161,GSW @ SAC,L,240,43,90,0.478,16,50,0.32,21,27,0.778,9,32,41,31,7,7,15,25,123,-3,1,2023-04-15,Away
42022,1610612752,NYK,New York Knicks,42200131,NYK @ CLE,W,240,37,88,0.42,8,29,0.276,19,22,0.864,17,34,51,18,11,1,16,20,101,4,1,2023-04-15,Away
42022,1610612738,BOS,Boston Celtics,42200111,BOS vs. ATL,W,240,42,88,0.477,13,33,0.394,15,18,0.833,12,46,58,25,6,7,17,15,112,13,1,2023-04-15,Home
42022,1610612756,PHX,Phoenix Suns,42200171,PHX vs. LAC,L,240,39,82,0.476,6,19,0.316,26,33,0.788,6,36,42,27,8,9,10,25,110,-5,1,2023-04-16,Home
42022,1610612763,MEM,Memphis Grizzlies,42200151,MEM vs. LAL,L,240,42,89,0.472,13,36,0.361,15,16,0.938,6,28,34,24,6,2,12,19,112,-16,1,2023-04-16,Home
42022,1610612746,LAC,LA Clippers,42200171,LAC @ PHX,W,240,41,93,0.441,10,31,0.323,23,29,0.793,15,34,49,23,6,4,14,21,115,5,1,2023-04-16,Away
42022,1610612747,LAL,Los Angeles Lakers,42200151,LAL @ MEM,W,240,49,92,0.533,16,37,0.432,14,16,0.875,10,35,45,25,7,11,16,18,128,16,1,2023-04-16,Away
42022,1610612749,MIL,Milwaukee Bucks,42200101,MIL vs. MIA,L,240,45,91,0.495,11,45,0.244,16,22,0.727,8,30,38,29,3,4,13,22,117,-13,1,2023-04-16,Home
42022,1610612748,MIA,Miami Heat,42200101,MIA @ MIL,W,240,50,84,0.595,15,25,0.6,15,21,0.714,4,32,36,32,6,1,16,24,130,13,1,2023-04-16,Away
42022,1610612750,MIN,Minnesota Timberwolves,42200141,MIN @ DEN,L,240,30,81,0.37,11,36,0.306,9,16,0.563,5,33,38,18,6,6,12,16,80,-29,1,2023-04-16,Away
42022,1610612743,DEN,Denver Nuggets,42200141,DEN vs. MIN,W,240,41,90,0.456,16,39,0.41,11,17,0.647,11,43,54,24,6,4,11,20,109,29,1,2023-04-16,Home
42022,1610612758,SAC,Sacramento Kings,42200162,SAC vs. GSW,W,240,42,92,0.457,9,38,0.237,21,29,0.724,12,29,41,22,11,5,14,25,114,8,1,2023-04-17,Home
42022,1610612751,BKN,Brooklyn Nets,42200122,BKN @ PHI,L,240,30,80,0.375,13,42,0.31,11,17,0.647,5,28,33,24,10,1,9,20,84,-12,1,2023-04-17,Away
42022,1610612755,PHI,Philadelphia 76ers,42200122,PHI vs. BKN,W,240,36,80,0.45,11,35,0.314,13,16,0.813,13,43,56,21,8,7,19,22,96,12,1,2023-04-17,Home
42022,1610612744,GSW,Golden State Warriors,42200162,GSW @ SAC,L,240,39,82,0.476,13,40,0.325,15,18,0.833,9,32,41,18,6,2,22,26,106,-8,1,2023-04-17,Away
42022,1610612737,ATL,Atlanta Hawks,42200112,ATL @ BOS,L,240,43,101,0.426,16,48,0.333,4,8,0.5,19,30,49,21,10,4,16,11,106,-13,1,2023-04-18,Away
42022,1610612752,NYK,New York Knicks,42200132,NYK @ CLE,L,240,29,79,0.367,7,29,0.241,25,30,0.833,13,23,36,16,14,5,18,18,90,-17,1,2023-04-18,Away
42022,1610612739,CLE,Cleveland Cavaliers,42200132,CLE vs. NYK,W,240,38,77,0.494,14,33,0.424,17,21,0.81,11,32,43,26,10,7,18,22,107,17,1,2023-04-18,Home
42022,1610612756,PHX,Phoenix Suns,42200172,PHX vs. LAC,W,240,50,85,0.588,10,24,0.417,13,14,0.929,7,28,35,30,6,6,11,22,123,14,1,2023-04-18,Home
42022,1610612746,LAC,LA Clippers,42200172,LAC @ PHX,L,240,35,80,0.438,11,30,0.367,28,31,0.903,12,20,32,17,7,4,15,20,109,-14,1,2023-04-18,Away
42022,1610612738,BOS,Boston Celtics,42200112,BOS vs. ATL,W,240,48,86,0.558,15,33,0.455,8,10,0.8,5,39,44,28,10,12,16,8,119,13,1,2023-04-18,Home
42022,1610612747,LAL,Los Angeles Lakers,42200152,LAL @ MEM,L,240,35,85,0.412,7,26,0.269,16,21,0.762,11,36,47,21,5,7,13,19,93,-10,1,2023-04-19,Away
42022,1610612763,MEM,Memphis Grizzlies,42200152,MEM vs. LAL,W,240,38,89,0.427,11,36,0.306,16,21,0.762,11,38,49,24,4,6,10,20,103,10,1,2023-04-19,Home
42022,1610612749,MIL,Milwaukee Bucks,42200102,MIL vs. MIA,W,240,53,99,0.535,25,49,0.51,7,8,0.875,9,36,45,35,9,4,11,16,138,16,1,2023-04-19,Home
42022,1610612750,MIN,Minnesota Timberwolves,42200142,MIN @ DEN,L,240,40,79,0.506,14,31,0.452,19,23,0.826,9,26,35,24,4,5,13,25,113,-9,1,2023-04-19,Away
42022,1610612743,DEN,Denver Nuggets,42200142,DEN vs. MIN,W,240,46,85,0.541,10,22,0.455,20,25,0.8,9,27,36,26,6,1,10,25,122,9,1,2023-04-19,Home
42022,1610612748,MIA,Miami Heat,42200102,MIA @ MIL,L,240,45,84,0.536,16,36,0.444,16,23,0.696,7,34,41,26,10,2,17,9,122,-16,1,2023-04-19,Away
42022,1610612751,BKN,Brooklyn Nets,42200123,BKN vs. PHI,L,240,34,79,0.43,10,30,0.333,19,22,0.864,8,26,34,22,5,3,10,13,97,-5,1,2023-04-20,Home
42022,1610612744,GSW,Golden State Warriors,42200163,GSW vs. SAC,W,240,40,100,0.4,16,50,0.32,18,23,0.783,18,41,59,31,12,5,12,19,114,17,1,2023-04-20,Home
42022,1610612756,PHX,Phoenix Suns,42200173,PHX @ LAC,W,240,42,88,0.477,10,27,0.37,35,46,0.761,15,30,45,20,12,4,13,18,129,5,1,2023-04-20,Away
42022,1610612755,PHI,Philadelphia 76ers,42200123,PHI @ BKN,W,240,40,82,0.488,13,31,0.419,9,13,0.692,11,35,46,15,5,3,15,17,102,5,1,2023-04-20,Away
42022,1610612746,LAC,LA Clippers,42200173,LAC vs. PHX,L,240,45,83,0.542,15,35,0.429,19,25,0.76,6,34,40,26,9,7,18,31,124,-5,1,2023-04-20,Home
42022,1610612758,SAC,Sacramento Kings,42200163,SAC @ GSW,L,240,35,92,0.38,11,47,0.234,16,23,0.696,13,40,53,21,6,3,15,22,97,-17,1,2023-04-20,Away
42022,1610612750,MIN,Minnesota Timberwolves,42200143,MIN vs. DEN,L,240,36,79,0.456,10,27,0.37,29,35,0.829,6,26,32,24,8,2,13,21,111,-9,1,2023-04-21,Home
42022,1610612737,ATL,Atlanta Hawks,42200113,ATL vs. BOS,W,240,51,91,0.56,15,34,0.441,13,16,0.813,11,37,48,24,5,6,19,15,130,8,1,2023-04-21,Home
42022,1610612752,NYK,New York Knicks,42200133,NYK vs. CLE,W,240,39,83,0.47,10,33,0.303,11,18,0.611,11,34,45,21,14,5,14,17,99,20,1,2023-04-21,Home
42022,1610612738,BOS,Boston Celtics,42200113,BOS @ ATL,L,240,45,92,0.489,21,48,0.438,11,16,0.688,6,23,29,31,11,0,12,17,122,-8,1,2023-04-21,Away
42022,1610612743,DEN,Denver Nuggets,42200143,DEN @ MIN,W,240,48,84,0.571,13,32,0.406,11,13,0.846,5,35,40,32,8,4,15,26,120,9,1,2023-04-21,Away
42022,1610612739,CLE,Cleveland Cavaliers,42200133,CLE @ NYK,L,240,31,80,0.388,7,33,0.212,10,17,0.588,13,29,42,16,7,4,21,18,79,-20,1,2023-04-21,Away
42022,1610612755,PHI,Philadelphia 76ers,42200124,PHI @ BKN,W,240,36,91,0.396,9,24,0.375,15,16,0.938,15,39,54,19,7,3,10,19,96,8,1,2023-04-22,Away
42022,1610612756,PHX,Phoenix Suns,42200174,PHX @ LAC,W,240,41,84,0.488,9,22,0.409,21,27,0.778,14,35,49,25,10,8,18,14,112,12,1,2023-04-22,Away
42022,1610612746,LAC,LA Clippers,42200174,LAC vs. PHX,L,240,40,92,0.435,12,37,0.324,8,10,0.8,9,24,33,19,7,5,13,22,100,-12,1,2023-04-22,Home
42022,1610612748,MIA,Miami Heat,42200103,MIA vs. MIL,W,240,45,84,0.536,16,33,0.485,15,17,0.882,8,36,44,22,13,4,14,18,121,22,1,2023-04-22,Home
42022,1610612763,MEM,Memphis Grizzlies,42200153,MEM @ LAL,L,240,35,93,0.376,13,39,0.333,18,20,0.9,18,32,50,23,7,2,18,22,101,-10,1,2023-04-22,Away
42022,1610612751,BKN,Brooklyn Nets,42200124,BKN vs. PHI,L,240,33,80,0.413,9,37,0.243,13,19,0.684,5,33,38,20,3,6,10,14,88,-8,1,2023-04-22,Home
42022,1610612747,LAL,Los Angeles Lakers,42200153,LAL vs. MEM,W,240,41,90,0.456,7,28,0.25,22,27,0.815,11,37,48,19,11,8,16,18,111,10,1,2023-04-22,Home
42022,1610612749,MIL,Milwaukee Bucks,42200103,MIL @ MIA,L,240,38,85,0.447,15,39,0.385,8,12,0.667,8,29,37,22,7,3,18,15,99,-22,1,2023-04-22,Away
42022,1610612743,DEN,Denver Nuggets,42200144,DEN @ MIN,L,265,42,95,0.442,12,35,0.343,12,18,0.667,10,37,47,21,6,5,12,23,108,-6,1,2023-04-23,Away
42022,1610612739,CLE,Cleveland Cavaliers,42200134,CLE @ NYK,L,240,36,77,0.468,6,23,0.261,15,19,0.789,7,26,33,24,3,5,13,23,93,-9,1,2023-04-23,Away
42022,1610612758,SAC,Sacramento Kings,42200164,SAC @ GSW,L,240,48,102,0.471,14,35,0.4,15,18,0.833,12,32,44,25,5,3,10,21,125,-1,1,2023-04-23,Away
42022,1610612752,NYK,New York Knicks,42200134,NYK vs. CLE,W,240,38,84,0.452,8,29,0.276,18,28,0.643,17,30,47,15,5,7,14,15,102,9,1,2023-04-23,Home
42022,1610612744,GSW,Golden State Warriors,42200164,GSW vs. SAC,W,240,45,90,0.5,14,34,0.412,22,24,0.917,8,36,44,31,8,6,12,19,126,1,1,2023-04-23,Home
42022,1610612738,BOS,Boston Celtics,42200114,BOS @ ATL,W,240,46,89,0.517,16,40,0.4,21,25,0.84,9,40,49,25,4,5,16,23,129,8,1,2023-04-23,Away
42022,1610612750,MIN,Minnesota Timberwolves,42200144,MIN vs. DEN,W,265,42,93,0.452,13,34,0.382,17,22,0.773,14,37,51,23,6,7,12,19,114,6,1,2023-04-23,Home
42022,1610612737,ATL,Atlanta Hawks,42200114,ATL vs. BOS,L,240,43,98,0.439,14,37,0.378,21,24,0.875,11,31,42,25,8,4,12,24,121,-8,1,2023-04-23,Home
42022,1610612748,MIA,Miami Heat,42200104,MIA vs. MIL,W,240,43,87,0.494,13,32,0.406,20,25,0.8,9,38,47,21,9,5,16,20,119,5,1,2023-04-24,Home
42022,1610612747,LAL,Los Angeles Lakers,42200154,LAL vs. MEM,W,265,41,94,0.436,10,36,0.278,25,31,0.806,13,39,52,22,5,11,15,17,117,6,1,2023-04-24,Home
42022,1610612763,MEM,Memphis Grizzlies,42200154,MEM @ LAL,L,265,42,106,0.396,9,42,0.214,18,21,0.857,16,33,49,26,7,7,13,26,111,-6,1,2023-04-24,Away
42022,1610612749,MIL,Milwaukee Bucks,42200104,MIL @ MIA,L,240,42,97,0.433,13,40,0.325,17,20,0.85,16,30,46,28,10,6,14,20,114,-5,1,2023-04-24,Away
42022,1610612738,BOS,Boston Celtics,42200115,BOS vs. ATL,L,240,49,92,0.533,12,38,0.316,7,13,0.538,9,34,43,31,1,9,9,20,117,-2,1,2023-04-25,Home
42022,1610612746,LAC,LA Clippers,42200175,LAC @ PHX,L,240,43,95,0.453,13,36,0.361,31,37,0.838,17,29,46,23,4,1,10,21,130,-6,1,2023-04-25,Away
42022,1610612756,PHX,Phoenix Suns,42200175,PHX vs. LAC,W,240,51,94,0.543,13,26,0.5,21,24,0.875,11,32,43,31,7,4,9,27,136,6,1,2023-04-25,Home
42022,1610612737,ATL,Atlanta Hawks,42200115,ATL @ BOS,W,240,45,96,0.469,19,41,0.463,10,10,1.0,6,28,34,26,5,4,9,16,119,2,1,2023-04-25,Away
42022,1610612750,MIN,Minnesota Timberwolves,42200145,MIN @ DEN,L,240,41,81,0.506,8,33,0.242,19,25,0.76,8,32,40,24,9,4,14,27,109,-3,1,2023-04-25,Away
42022,1610612743,DEN,Denver Nuggets,42200145,DEN vs. MIN,W,240,34,85,0.4,12,34,0.353,32,36,0.889,16,31,47,22,10,3,12,21,112,3,1,2023-04-25,Home
42022,1610612758,SAC,Sacramento Kings,42200165,SAC vs. GSW,L,240,42,90,0.467,10,34,0.294,22,26,0.846,12,32,44,22,9,3,19,18,116,-7,1,2023-04-26,Home
42022,1610612752,NYK,New York Knicks,42200135,NYK @ CLE,W,240,37,85,0.435,9,29,0.31,23,29,0.793,17,31,48,21,6,5,14,17,106,11,1,2023-04-26,Away
42022,1610612747,LAL,Los Angeles Lakers,42200155,LAL @ MEM,L,240,37,92,0.402,10,39,0.256,15,20,0.75,14,40,54,28,8,3,13,17,99,-17,1,2023-04-26,Away
42022,1610612763,MEM,Memphis Grizzlies,42200155,MEM vs. LAL,W,240,44,99,0.444,14,40,0.35,14,17,0.824,14,38,52,24,6,2,11,19,116,17,1,2023-04-26,Home
42022,1610612744,GSW,Golden State Warriors,42200165,GSW @ SAC,W,240,50,96,0.521,11,38,0.289,12,19,0.632,11,32,43,33,11,7,15,24,123,7,1,2023-04-26,Away
42022,1610612748,MIA,Miami Heat,42200105,MIA @ MIL,W,265,50,110,0.455,17,45,0.378,11,17,0.647,9,36,45,25,6,5,11,31,128,2,1,2023-04-26,Away
42022,1610612749,MIL,Milwaukee Bucks,42200105,MIL vs. MIA,L,265,42,91,0.462,14,33,0.424,28,45,0.622,10,46,56,20,4,1,16,21,126,-2,1,2023-04-26,Home
42022,1610612739,CLE,Cleveland Cavaliers,42200135,CLE vs. NYK,L,240,35,75,0.467,13,33,0.394,12,15,0.8,4,26,30,24,5,2,13,22,95,-11,1,2023-04-26,Home
42022,1610612737,ATL,Atlanta Hawks,42200116,ATL vs. BOS,L,240,44,94,0.468,15,35,0.429,17,22,0.773,12,33,45,28,5,7,10,15,120,-8,1,2023-04-27,Home
42022,1610612738,BOS,Boston Celtics,42200116,BOS @ ATL,W,240,47,94,0.5,18,42,0.429,16,17,0.941,11,36,47,24,7,10,7,16,128,8,1,2023-04-27,Away
42022,1610612744,GSW,Golden State Warriors,42200166,GSW vs. SAC,L,240,32,86,0.372,10,32,0.313,25,35,0.714,11,31,42,20,14,6,18,23,99,-19,1,2023-04-28,Home
42022,1610612758,SAC,Sacramento Kings,42200166,SAC @ GSW,W,240,40,99,0.404,17,45,0.378,21,25,0.84,18,35,53,25,10,8,20,26,118,19,1,2023-04-28,Away
42022,1610612763,MEM,Memphis Grizzlies,42200156,MEM @ LAL,L,240,29,96,0.302,12,38,0.316,15,20,0.75,14,31,45,19,10,2,14,17,85,-40,1,2023-04-28,Away
42022,1610612747,LAL,Los Angeles Lakers,42200156,LAL vs. MEM,W,240,49,91,0.538,15,44,0.341,12,15,0.8,9,43,52,33,6,15,16,16,125,40,1,2023-04-28,Home
42022,1610612743,DEN,Denver Nuggets,42200221,DEN vs. PHX,W,240,48,101,0.475,16,37,0.432,13,15,0.867,16,33,49,22,14,1,10,19,125,18,1,2023-04-29,Home
42022,1610612756,PHX,Phoenix Suns,42200221,PHX @ DEN,L,240,43,84,0.512,7,23,0.304,14,17,0.824,8,30,38,20,4,5,16,19,107,-18,1,2023-04-29,Away
42022,1610612748,MIA,Miami Heat,42200201,MIA @ NYK,W,240,36,85,0.424,13,39,0.333,23,29,0.793,10,29,39,26,8,5,9,14,108,7,1,2023-04-30,Away
42022,1610612744,GSW,Golden State Warriors,42200167,GSW @ SAC,W,240,43,100,0.43,15,46,0.326,19,30,0.633,18,37,55,25,4,6,7,23,120,20,1,2023-04-30,Away
42022,1610612752,NYK,New York Knicks,42200201,NYK vs. MIA,L,240,41,86,0.477,7,34,0.206,12,20,0.6,12,36,48,20,6,4,13,21,101,-7,1,2023-04-30,Home
42022,1610612758,SAC,Sacramento Kings,42200167,SAC vs. GSW,L,240,36,96,0.375,12,47,0.255,16,27,0.593,14,35,49,21,3,5,8,23,100,-20,1,2023-04-30,Home
42022,1610612743,DEN,Denver Nuggets,42200222,DEN vs. PHX,W,240,36,76,0.474,7,27,0.259,18,21,0.857,5,36,41,19,5,6,13,16,97,10,1,2023-05-01,Home
42022,1610612755,PHI,Philadelphia 76ers,42200211,PHI @ BOS,W,240,45,89,0.506,17,38,0.447,12,12,1.0,8,20,28,17,10,4,8,20,119,4,1,2023-05-01,Away
42022,1610612756,PHX,Phoenix Suns,42200222,PHX @ DEN,L,240,38,95,0.4,6,31,0.194,5,5,1.0,11,28,39,23,2,4,10,25,87,-10,1,2023-05-01,Away
42022,1610612738,BOS,Boston Celtics,42200211,BOS vs. PHI,L,240,44,75,0.587,10,26,0.385,17,18,0.944,8,30,38,26,3,4,16,10,115,-4,1,2023-05-01,Home
42022,1610612747,LAL,Los Angeles Lakers,42200231,LAL @ GSW,W,240,43,92,0.467,6,25,0.24,25,29,0.862,13,40,53,24,4,10,8,12,117,5,1,2023-05-02,Away
42022,1610612744,GSW,Golden State Warriors,42200231,GSW vs. LAL,L,240,43,106,0.406,21,53,0.396,5,6,0.833,14,35,49,30,5,3,8,24,112,-5,1,2023-05-02,Home
42022,1610612752,NYK,New York Knicks,42200202,NYK vs. MIA,W,240,37,82,0.451,16,40,0.4,21,30,0.7,11,39,50,23,4,2,11,20,111,6,1,2023-05-02,Home
42022,1610612748,MIA,Miami Heat,42200202,MIA @ NYK,L,240,38,85,0.447,17,49,0.347,12,17,0.706,8,26,34,24,1,2,7,24,105,-6,1,2023-05-02,Away
42022,1610612755,PHI,Philadelphia 76ers,42200212,PHI @ BOS,L,240,31,79,0.392,6,30,0.2,19,23,0.826,6,35,41,13,2,8,13,17,87,-34,1,2023-05-03,Away
42022,1610612738,BOS,Boston Celtics,42200212,BOS vs. PHI,W,240,43,92,0.467,20,51,0.392,15,16,0.938,8,38,46,26,6,8,7,17,121,34,1,2023-05-03,Home
42022,1610612747,LAL,Los Angeles Lakers,42200232,LAL @ GSW,L,240,40,94,0.426,10,34,0.294,10,17,0.588,9,31,40,27,9,3,9,15,100,-27,1,2023-05-04,Away
42022,1610612744,GSW,Golden State Warriors,42200232,GSW vs. LAL,W,240,48,95,0.505,21,42,0.5,10,16,0.625,13,42,55,38,2,3,16,23,127,27,1,2023-05-04,Home
42022,1610612756,PHX,Phoenix Suns,42200223,PHX vs. DEN,W,240,48,95,0.505,9,28,0.321,16,18,0.889,7,34,41,24,5,6,9,24,121,7,1,2023-05-05,Home
42022,1610612755,PHI,Philadelphia 76ers,42200213,PHI vs. BOS,L,240,31,78,0.397,16,37,0.432,24,27,0.889,9,33,42,21,7,8,14,20,102,-12,1,2023-05-05,Home
42022,1610612743,DEN,Denver Nuggets,42200223,DEN @ PHX,L,240,43,97,0.443,10,30,0.333,18,21,0.857,16,35,51,27,6,5,13,21,114,-7,1,2023-05-05,Away
42022,1610612738,BOS,Boston Celtics,42200213,BOS @ PHI,W,240,38,86,0.442,16,45,0.356,22,23,0.957,9,36,45,25,9,7,12,23,114,12,1,2023-05-05,Away
42022,1610612747,LAL,Los Angeles Lakers,42200233,LAL vs. GSW,W,240,42,80,0.525,15,31,0.484,28,37,0.757,6,38,44,27,10,6,13,21,127,30,1,2023-05-06,Home
42022,1610612752,NYK,New York Knicks,42200203,NYK @ MIA,L,240,31,91,0.341,8,40,0.2,16,22,0.727,14,34,48,15,4,3,13,22,86,-19,1,2023-05-06,Away
42022,1610612744,GSW,Golden State Warriors,42200233,GSW @ LAL,L,240,36,91,0.396,13,44,0.295,12,17,0.706,14,28,42,26,5,6,19,22,97,-30,1,2023-05-06,Away
42022,1610612748,MIA,Miami Heat,42200203,MIA vs. NYK,W,240,35,90,0.389,7,32,0.219,28,31,0.903,13,37,50,17,3,5,14,25,105,19,1,2023-05-06,Home
42022,1610612743,DEN,Denver Nuggets,42200224,DEN @ PHX,L,240,50,89,0.562,7,22,0.318,17,23,0.739,10,22,32,28,6,2,9,19,124,-5,1,2023-05-07,Away
42022,1610612755,PHI,Philadelphia 76ers,42200214,PHI vs. BOS,W,265,42,91,0.462,13,34,0.382,19,22,0.864,12,32,44,19,9,3,9,23,116,1,1,2023-05-07,Home
42022,1610612738,BOS,Boston Celtics,42200214,BOS @ PHI,L,265,41,87,0.471,17,44,0.386,16,22,0.727,13,31,44,25,3,12,10,21,115,-1,1,2023-05-07,Away
42022,1610612756,PHX,Phoenix Suns,42200224,PHX vs. DEN,W,240,46,81,0.568,13,29,0.448,24,29,0.828,12,25,37,28,6,4,13,24,129,5,1,2023-05-07,Home
42022,1610612748,MIA,Miami Heat,42200204,MIA vs. NYK,W,240,40,85,0.471,13,39,0.333,16,22,0.727,13,31,44,28,7,4,13,21,109,8,1,2023-05-08,Home
42022,1610612752,NYK,New York Knicks,42200204,NYK @ MIA,L,240,37,76,0.487,9,28,0.321,18,24,0.75,8,27,35,21,5,4,17,23,101,-8,1,2023-05-08,Away
42022,1610612744,GSW,Golden State Warriors,42200234,GSW @ LAL,L,240,40,86,0.465,12,41,0.293,9,12,0.75,9,31,40,29,9,2,16,22,101,-3,1,2023-05-08,Away
42022,1610612747,LAL,Los Angeles Lakers,42200234,LAL vs. GSW,W,240,39,86,0.453,6,25,0.24,20,20,1.0,8,34,42,21,8,1,14,15,104,3,1,2023-05-08,Home
42022,1610612756,PHX,Phoenix Suns,42200225,PHX @ DEN,L,240,38,88,0.432,9,27,0.333,17,24,0.708,8,34,42,22,6,7,10,22,102,-16,1,2023-05-09,Away
42022,1610612743,DEN,Denver Nuggets,42200225,DEN vs. PHX,W,240,42,85,0.494,13,27,0.481,21,28,0.75,10,40,50,32,6,6,10,17,118,16,1,2023-05-09,Home
42022,1610612738,BOS,Boston Celtics,42200215,BOS vs. PHI,L,240,33,83,0.398,12,38,0.316,25,34,0.735,9,27,36,21,4,1,8,16,103,-12,1,2023-05-09,Home
42022,1610612755,PHI,Philadelphia 76ers,42200215,PHI @ BOS,W,240,40,79,0.506,12,30,0.4,23,27,0.852,9,40,49,20,4,5,13,24,115,12,1,2023-05-09,Away
42022,1610612748,MIA,Miami Heat,42200205,MIA @ NYK,L,240,37,88,0.42,13,43,0.302,16,19,0.842,11,23,34,27,11,4,12,30,103,-9,1,2023-05-10,Away
42022,1610612744,GSW,Golden State Warriors,42200235,GSW vs. LAL,W,240,47,92,0.511,13,35,0.371,14,15,0.933,9,39,48,29,8,5,16,18,121,15,1,2023-05-10,Home
42022,1610612747,LAL,Los Angeles Lakers,42200235,LAL @ GSW,L,240,42,87,0.483,10,27,0.37,12,15,0.8,7,31,38,24,6,4,14,17,106,-15,1,2023-05-10,Away
42022,1610612752,NYK,New York Knicks,42200205,NYK vs. MIA,W,240,35,71,0.493,13,34,0.382,29,40,0.725,14,36,50,23,6,4,19,19,112,9,1,2023-05-10,Home
42022,1610612743,DEN,Denver Nuggets,42200226,DEN @ PHX,W,240,44,82,0.537,8,22,0.364,29,31,0.935,7,34,41,24,10,3,11,22,125,25,1,2023-05-11,Away
42022,1610612755,PHI,Philadelphia 76ers,42200216,PHI vs. BOS,L,240,30,83,0.361,8,34,0.235,18,19,0.947,6,32,38,18,14,7,12,13,86,-9,1,2023-05-11,Home
42022,1610612756,PHX,Phoenix Suns,42200226,PHX vs. DEN,L,240,38,79,0.481,11,28,0.393,13,20,0.65,2,27,29,20,3,5,14,22,100,-25,1,2023-05-11,Home
42022,1610612738,BOS,Boston Celtics,42200216,BOS @ PHI,W,240,33,78,0.423,15,35,0.429,14,16,0.875,6,44,50,22,7,6,18,14,95,9,1,2023-05-11,Away
42022,1610612747,LAL,Los Angeles Lakers,42200236,LAL vs. GSW,W,240,39,75,0.52,13,26,0.5,31,42,0.738,6,40,46,25,6,6,7,17,122,21,1,2023-05-12,Home
42022,1610612752,NYK,New York Knicks,42200206,NYK @ MIA,L,240,27,71,0.38,10,35,0.286,28,32,0.875,8,33,41,13,2,9,12,22,92,-4,1,2023-05-12,Away
42022,1610612748,MIA,Miami Heat,42200206,MIA vs. NYK,W,240,33,82,0.402,7,27,0.259,23,25,0.92,7,33,40,25,8,2,7,22,96,4,1,2023-05-12,Home
42022,1610612744,GSW,Golden State Warriors,42200236,GSW @ LAL,L,240,39,103,0.379,13,48,0.271,10,14,0.714,20,33,53,25,3,2,11,30,101,-21,1,2023-05-12,Away
42022,1610612755,PHI,Philadelphia 76ers,42200217,PHI @ BOS,L,240,31,83,0.373,8,37,0.216,18,19,0.947,7,30,37,15,4,7,14,14,88,-24,1,2023-05-14,Away
42022,1610612738,BOS,Boston Celtics,42200217,BOS vs. PHI,W,240,41,87,0.471,15,33,0.455,15,18,0.833,7,36,43,18,7,7,8,13,112,24,1,2023-05-14,Home
42022,1610612747,LAL,Los Angeles Lakers,42200311,LAL @ DEN,L,240,46,84,0.548,11,24,0.458,23,26,0.885,5,25,30,30,6,4,7,21,126,-6,1,2023-05-16,Away
42022,1610612743,DEN,Denver Nuggets,42200311,DEN vs. LAL,W,240,50,91,0.549,15,32,0.469,17,22,0.773,15,32,47,29,5,7,11,21,132,6,1,2023-05-16,Home
42022,1610612738,BOS,Boston Celtics,42200301,BOS vs. MIA,L,240,42,81,0.519,10,29,0.345,22,29,0.759,9,25,34,22,6,3,15,18,116,-7,1,2023-05-17,Home
42022,1610612748,MIA,Miami Heat,42200301,MIA @ BOS,W,240,46,85,0.541,16,31,0.516,15,19,0.789,7,28,35,20,12,3,15,22,123,7,1,2023-05-17,Away
42022,1610612743,DEN,Denver Nuggets,42200312,DEN vs. LAL,W,240,39,89,0.438,14,38,0.368,16,18,0.889,11,38,49,27,8,2,17,18,108,5,1,2023-05-18,Home
42022,1610612747,LAL,Los Angeles Lakers,42200312,LAL @ DEN,L,240,36,82,0.439,8,30,0.267,23,26,0.885,4,36,40,26,10,7,12,19,103,-5,1,2023-05-18,Away
42022,1610612738,BOS,Boston Celtics,42200302,BOS vs. MIA,L,240,37,79,0.468,10,35,0.286,21,24,0.875,6,29,35,22,2,9,15,20,105,-6,1,2023-05-19,Home
42022,1610612748,MIA,Miami Heat,42200302,MIA @ BOS,W,240,42,92,0.457,9,26,0.346,18,19,0.947,11,34,45,23,9,5,11,17,111,6,1,2023-05-19,Away
42022,1610612743,DEN,Denver Nuggets,42200313,DEN @ LAL,W,240,44,88,0.5,17,41,0.415,14,19,0.737,5,34,39,30,7,1,6,19,119,11,1,2023-05-20,Away
42022,1610612747,LAL,Los Angeles Lakers,42200313,LAL vs. DEN,L,240,38,84,0.452,10,32,0.313,22,29,0.759,11,34,45,27,3,2,12,18,108,-11,1,2023-05-20,Home
42022,1610612748,MIA,Miami Heat,42200303,MIA vs. BOS,W,240,46,81,0.568,19,35,0.543,17,21,0.81,1,34,35,25,7,4,10,16,128,26,1,2023-05-21,Home
42022,1610612738,BOS,Boston Celtics,42200303,BOS @ MIA,L,240,39,98,0.398,11,42,0.262,13,17,0.765,21,36,57,25,3,3,15,24,102,-26,1,2023-05-21,Away
42022,1610612743,DEN,Denver Nuggets,42200314,DEN @ LAL,W,240,41,85,0.482,12,33,0.364,19,22,0.864,11,29,40,25,3,9,11,20,113,2,1,2023-05-22,Away
42022,1610612747,LAL,Los Angeles Lakers,42200314,LAL vs. DEN,L,240,40,86,0.465,8,20,0.4,23,26,0.885,8,30,38,20,5,4,6,19,111,-2,1,2023-05-22,Home
42022,1610612748,MIA,Miami Heat,42200304,MIA vs. BOS,L,240,34,78,0.436,8,32,0.25,23,28,0.821,12,32,44,18,5,2,16,18,99,-17,1,2023-05-23,Home
42022,1610612738,BOS,Boston Celtics,42200304,BOS @ MIA,W,240,43,84,0.512,18,45,0.4,12,18,0.667,7,32,39,28,8,8,10,24,116,17,1,2023-05-23,Away
42022,1610612748,MIA,Miami Heat,42200305,MIA @ BOS,L,240,40,78,0.513,9,23,0.391,8,10,0.8,10,26,36,20,6,2,16,13,97,-13,1,2023-05-25,Away
42022,1610612738,BOS,Boston Celtics,42200305,BOS vs. MIA,W,240,40,79,0.506,16,39,0.41,14,19,0.737,12,25,37,23,13,4,10,9,110,13,1,2023-05-25,Home
42022,1610612738,BOS,Boston Celtics,42200306,BOS @ MIA,W,240,34,78,0.436,7,35,0.2,29,34,0.853,12,35,47,18,4,8,12,22,104,1,1,2023-05-27,Away
42022,1610612748,MIA,Miami Heat,42200306,MIA vs. BOS,L,240,33,93,0.355,14,30,0.467,23,29,0.793,17,30,47,22,5,4,5,24,103,-1,1,2023-05-27,Home
42022,1610612748,MIA,Miami Heat,42200307,MIA @ BOS,W,240,42,86,0.488,14,28,0.5,5,6,0.833,7,35,42,26,7,2,14,15,103,19,1,2023-05-29,Away
42022,1610612738,BOS,Boston Celtics,42200307,BOS vs. MIA,L,240,32,82,0.39,9,42,0.214,11,13,0.846,10,30,40,18,6,4,15,13,84,-19,1,2023-05-29,Home
42022,1610612748,MIA,Miami Heat,42200401,MIA @ DEN,L,240,39,96,0.406,13,39,0.333,2,2,1.0,11,32,43,26,5,4,8,15,93,-11,1,2023-06-01,Away
42022,1610612743,DEN,Denver Nuggets,42200401,DEN vs. MIA,W,240,40,79,0.506,8,27,0.296,16,20,0.8,6,39,45,29,4,4,10,8,104,11,1,2023-06-01,Home
42022,1610612743,DEN,Denver Nuggets,42200402,DEN vs. MIA,L,240,39,75,0.52,11,28,0.393,19,22,0.864,9,29,38,23,7,2,14,21,108,-3,1,2023-06-04,Home
42022,1610612748,MIA,Miami Heat,42200402,MIA @ DEN,W,240,38,78,0.487,17,35,0.486,18,20,0.9,8,23,31,28,5,4,11,22,111,3,1,2023-06-04,Away
42022,1610612743,DEN,Denver Nuggets,42200403,DEN @ MIA,W,240,41,80,0.513,5,18,0.278,22,27,0.815,13,45,58,28,3,5,14,18,109,15,1,2023-06-07,Away
42022,1610612748,MIA,Miami Heat,42200403,MIA vs. DEN,L,240,34,92,0.37,11,35,0.314,15,19,0.789,10,23,33,20,7,3,4,22,94,-15,1,2023-06-07,Home
42022,1610612743,DEN,Denver Nuggets,42200404,DEN @ MIA,W,240,39,79,0.494,14,28,0.5,16,21,0.762,5,29,34,26,11,7,8,18,108,13,1,2023-06-09,Away
42022,1610612748,MIA,Miami Heat,42200404,MIA vs. DEN,L,240,35,78,0.449,8,25,0.32,17,20,0.85,8,29,37,23,2,3,15,19,95,-13,1,2023-06-09,Home
42022,1610612743,DEN,Denver Nuggets,42200405,DEN vs. MIA,W,240,38,84,0.452,5,28,0.179,13,23,0.565,11,46,57,21,6,7,15,13,94,5,1,2023-06-12,Home
42022,1610612748,MIA,Miami Heat,42200405,MIA @ DEN,L,240,33,96,0.344,9,35,0.257,14,16,0.875,11,33,44,18,9,7,8,21,89,-5,1,2023-06-12,Away
42023,1610612743,DEN,Denver Nuggets,42300151,DEN vs. LAL,W,240,47,102,0.461,15,42,0.357,5,6,0.833,15,34,49,27,7,4,6,20,114,11,1,2024-04-20,Home
42023,1610612752,NYK,New York Knicks,42300111,NYK vs. PHI,W,240,36,91,0.396,16,35,0.457,23,28,0.821,23,32,55,20,6,7,12,18,111,7,1,2024-04-20,Home
42023,1610612747,LAL,Los Angeles Lakers,42300151,LAL @ DEN,L,240,39,79,0.494,8,29,0.276,17,19,0.895,6,34,40,22,3,7,12,15,103,-11,1,2024-04-20,Away
42023,1610612755,PHI,Philadelphia 76ers,42300111,PHI @ NYK,L,240,36,81,0.444,12,35,0.343,20,22,0.909,9,24,33,17,8,7,11,21,104,-7,1,2024-04-20,Away
42023,1610612750,MIN,Minnesota Timberwolves,42300161,MIN vs. PHX,W,240,44,88,0.5,12,32,0.375,20,22,0.909,13,39,52,26,8,2,15,24,120,25,1,2024-04-20,Home
42023,1610612739,CLE,Cleveland Cavaliers,42300131,CLE vs. ORL,W,240,36,81,0.444,8,30,0.267,17,21,0.81,10,44,54,21,9,4,18,21,97,14,1,2024-04-20,Home
42023,1610612756,PHX,Phoenix Suns,42300161,PHX @ MIN,L,240,33,75,0.44,9,28,0.321,20,25,0.8,3,25,28,16,9,6,15,19,95,-25,1,2024-04-20,Away
42023,1610612753,ORL,Orlando Magic,42300131,ORL @ CLE,L,240,28,86,0.326,8,37,0.216,19,30,0.633,11,29,40,16,12,7,12,25,83,-14,1,2024-04-20,Away
42023,1610612746,LAC,LA Clippers,42300171,LAC vs. DAL,W,240,40,87,0.46,18,36,0.5,11,13,0.846,10,35,45,21,5,3,14,22,109,12,1,2024-04-21,Home
42023,1610612754,IND,Indiana Pacers,42300121,IND @ MIL,L,240,36,91,0.396,8,38,0.211,14,21,0.667,14,36,50,20,4,5,13,16,94,-15,1,2024-04-21,Away
42023,1610612742,DAL,Dallas Mavericks,42300171,DAL @ LAC,L,240,31,80,0.388,10,33,0.303,25,33,0.758,9,32,41,14,7,9,9,15,97,-12,1,2024-04-21,Away
42023,1610612740,NOP,New Orleans Pelicans,42300141,NOP @ OKC,L,240,37,96,0.385,11,39,0.282,7,9,0.778,18,34,52,22,7,6,14,16,92,-2,1,2024-04-21,Away
42023,1610612748,MIA,Miami Heat,42300101,MIA @ BOS,L,240,38,81,0.469,12,37,0.324,6,6,1.0,5,29,34,23,4,1,11,13,94,-20,1,2024-04-21,Away
42023,1610612749,MIL,Milwaukee Bucks,42300121,MIL vs. IND,W,240,41,87,0.471,14,37,0.378,13,13,1.0,5,42,47,21,5,5,12,22,109,15,1,2024-04-21,Home
42023,1610612760,OKC,Oklahoma City Thunder,42300141,OKC vs. NOP,W,240,37,85,0.435,10,32,0.313,10,13,0.769,8,36,44,21,5,7,13,13,94,2,1,2024-04-21,Home
42023,1610612738,BOS,Boston Celtics,42300101,BOS vs. MIA,W,240,39,82,0.476,22,49,0.449,14,16,0.875,10,34,44,27,6,6,11,10,114,20,1,2024-04-21,Home
42023,1610612752,NYK,New York Knicks,42300112,NYK vs. PHI,W,240,37,91,0.407,11,33,0.333,19,23,0.826,12,34,46,22,5,6,8,17,104,3,1,2024-04-22,Home
42023,1610612739,CLE,Cleveland Cavaliers,42300132,CLE vs. ORL,W,240,34,82,0.415,12,39,0.308,16,26,0.615,15,33,48,18,11,6,15,24,96,10,1,2024-04-22,Home
42023,1610612747,LAL,Los Angeles Lakers,42300152,LAL @ DEN,L,240,38,78,0.487,13,30,0.433,10,13,0.769,4,34,38,24,6,3,15,20,99,-2,1,2024-04-22,Away
42023,1610612755,PHI,Philadelphia 76ers,42300112,PHI @ NYK,L,240,36,84,0.429,13,36,0.361,16,22,0.727,10,34,44,26,3,6,11,21,101,-3,1,2024-04-22,Away
42023,1610612753,ORL,Orlando Magic,42300132,ORL @ CLE,L,240,29,80,0.363,9,35,0.257,19,26,0.731,11,30,41,18,8,5,17,22,86,-10,1,2024-04-22,Away
42023,1610612743,DEN,Denver Nuggets,42300152,DEN vs. LAL,W,240,39,88,0.443,8,34,0.235,15,17,0.882,9,36,45,26,6,4,9,17,101,2,1,2024-04-22,Home
42023,1610612754,IND,Indiana Pacers,42300122,IND @ MIL,W,240,50,90,0.556,16,36,0.444,9,14,0.643,7,38,45,38,3,6,6,18,125,17,1,2024-04-23,Away
42023,1610612749,MIL,Milwaukee Bucks,42300122,MIL vs. IND,L,240,38,86,0.442,13,32,0.406,19,21,0.905,8,32,40,24,4,4,8,13,108,-17,1,2024-04-23,Home
42023,1610612746,LAC,LA Clippers,42300172,LAC vs. DAL,L,240,32,87,0.368,8,30,0.267,21,26,0.808,14,33,47,18,9,4,9,19,93,-3,1,2024-04-23,Home
42023,1610612756,PHX,Phoenix Suns,42300162,PHX @ MIN,L,240,35,78,0.449,8,22,0.364,15,19,0.789,11,30,41,19,7,1,20,22,93,-12,1,2024-04-23,Away
42023,1610612750,MIN,Minnesota Timberwolves,42300162,MIN vs. PHX,W,240,35,78,0.449,9,32,0.281,26,30,0.867,10,29,39,23,11,2,14,21,105,12,1,2024-04-23,Home
42023,1610612742,DAL,Dallas Mavericks,42300172,DAL @ LAC,W,240,32,76,0.421,14,33,0.424,18,27,0.667,11,39,50,17,8,7,14,23,96,3,1,2024-04-23,Away
42023,1610612760,OKC,Oklahoma City Thunder,42300142,OKC vs. NOP,W,240,46,78,0.59,14,29,0.483,18,20,0.9,5,32,37,25,5,2,9,19,124,32,1,2024-04-24,Home
42023,1610612740,NOP,New Orleans Pelicans,42300142,NOP @ OKC,L,240,33,73,0.452,7,26,0.269,19,21,0.905,8,27,35,16,4,2,18,24,92,-32,1,2024-04-24,Away
42023,1610612748,MIA,Miami Heat,42300102,MIA @ BOS,W,240,37,75,0.493,23,43,0.535,14,18,0.778,4,36,40,25,9,1,14,22,111,10,1,2024-04-24,Away
42023,1610612738,BOS,Boston Celtics,42300102,BOS vs. MIA,L,240,37,80,0.463,12,32,0.375,15,21,0.714,6,33,39,21,9,8,13,17,101,-10,1,2024-04-24,Home
42023,1610612753,ORL,Orlando Magic,42300133,ORL vs. CLE,W,240,47,92,0.511,13,37,0.351,14,16,0.875,14,37,51,24,7,3,9,21,121,38,1,2024-04-25,Home
42023,1610612747,LAL,Los Angeles Lakers,42300153,LAL vs. DEN,L,240,44,90,0.489,5,27,0.185,12,17,0.706,8,30,38,23,8,2,7,16,105,-7,1,2024-04-25,Home
42023,1610612755,PHI,Philadelphia 76ers,42300113,PHI vs. NYK,W,240,41,75,0.547,15,31,0.484,28,33,0.848,8,28,36,24,6,8,11,18,125,11,1,2024-04-25,Home
42023,1610612752,NYK,New York Knicks,42300113,NYK @ PHI,L,240,44,90,0.489,13,30,0.433,13,19,0.684,11,21,32,27,4,3,9,25,114,-11,1,2024-04-25,Away
42023,1610612739,CLE,Cleveland Cavaliers,42300133,CLE @ ORL,L,240,32,82,0.39,8,34,0.235,11,13,0.846,5,27,32,24,2,8,14,16,83,-38,1,2024-04-25,Away
42023,1610612743,DEN,Denver Nuggets,42300153,DEN @ LAL,W,240,44,90,0.489,5,28,0.179,19,22,0.864,14,37,51,27,4,3,13,14,112,7,1,2024-04-25,Away
42023,1610612756,PHX,Phoenix Suns,42300163,PHX vs. MIN,L,240,35,76,0.461,11,28,0.393,28,32,0.875,5,23,28,24,8,3,10,26,109,-17,1,2024-04-26,Home
42023,1610612754,IND,Indiana Pacers,42300123,IND vs. MIL,W,265,45,105,0.429,13,49,0.265,18,24,0.75,19,31,50,32,5,4,8,20,121,3,1,2024-04-26,Home
42023,1610612742,DAL,Dallas Mavericks,42300173,DAL vs. LAC,W,240,39,86,0.453,9,35,0.257,14,19,0.737,11,25,36,21,12,7,9,16,101,11,1,2024-04-26,Home
42023,1610612750,MIN,Minnesota Timberwolves,42300163,MIN @ PHX,W,240,43,87,0.494,13,34,0.382,27,31,0.871,15,35,50,26,5,1,14,25,126,17,1,2024-04-26,Away
42023,1610612746,LAC,LA Clippers,42300173,LAC @ DAL,L,240,32,70,0.457,10,29,0.345,16,20,0.8,8,33,41,19,5,4,19,24,90,-11,1,2024-04-26,Away
42023,1610612749,MIL,Milwaukee Bucks,42300123,MIL @ IND,L,265,41,88,0.466,10,31,0.323,26,27,0.963,11,32,43,20,6,2,12,26,118,-3,1,2024-04-26,Away
42023,1610612747,LAL,Los Angeles Lakers,42300154,LAL vs. DEN,W,240,48,92,0.522,8,26,0.308,15,18,0.833,8,38,46,23,6,2,12,20,119,11,1,2024-04-27,Home
42023,1610612743,DEN,Denver Nuggets,42300154,DEN @ LAL,L,240,39,87,0.448,9,30,0.3,21,25,0.84,9,31,40,30,9,4,14,15,108,-11,1,2024-04-27,Away
42023,1610612739,CLE,Cleveland Cavaliers,42300134,CLE @ ORL,L,240,34,72,0.472,4,17,0.235,17,21,0.81,2,27,29,24,10,3,15,20,89,-23,1,2024-04-27,Away
42023,1610612760,OKC,Oklahoma City Thunder,42300143,OKC @ NOP,W,240,40,83,0.482,17,36,0.472,9,13,0.692,9,38,47,27,13,5,16,14,106,21,1,2024-04-27,Away
42023,1610612753,ORL,Orlando Magic,42300134,ORL vs. CLE,W,240,43,77,0.558,12,26,0.462,14,19,0.737,8,35,43,24,7,6,18,19,112,23,1,2024-04-27,Home
42023,1610612748,MIA,Miami Heat,42300103,MIA vs. BOS,L,240,32,77,0.416,9,28,0.321,11,14,0.786,9,27,36,21,2,2,12,14,84,-20,1,2024-04-27,Home
42023,1610612740,NOP,New Orleans Pelicans,42300143,NOP vs. OKC,L,240,32,84,0.381,9,32,0.281,12,14,0.857,11,34,45,18,14,2,21,15,85,-21,1,2024-04-27,Home
42023,1610612738,BOS,Boston Celtics,42300103,BOS @ MIA,W,240,39,82,0.476,11,37,0.297,15,21,0.714,10,33,43,22,4,6,6,16,104,20,1,2024-04-27,Away
42023,1610612754,IND,Indiana Pacers,42300124,IND vs. MIL,W,240,46,89,0.517,22,43,0.512,12,18,0.667,5,33,38,33,5,6,8,18,126,13,1,2024-04-28,Home
42023,1610612746,LAC,LA Clippers,42300174,LAC @ DAL,W,240,43,80,0.538,18,29,0.621,12,18,0.667,5,24,29,22,10,6,13,27,116,5,1,2024-04-28,Away
42023,1610612756,PHX,Phoenix Suns,42300164,PHX vs. MIN,L,240,38,74,0.514,10,26,0.385,30,36,0.833,10,23,33,20,6,7,12,26,116,-6,1,2024-04-28,Home
42023,1610612742,DAL,Dallas Mavericks,42300174,DAL vs. LAC,L,240,40,81,0.494,11,33,0.333,20,25,0.8,14,28,42,22,5,5,17,21,111,-5,1,2024-04-28,Home
42023,1610612755,PHI,Philadelphia 76ers,42300114,PHI vs. NYK,L,240,29,82,0.354,9,33,0.273,25,29,0.862,9,33,42,23,5,5,9,24,92,-5,1,2024-04-28,Home
42023,1610612749,MIL,Milwaukee Bucks,42300124,MIL @ IND,L,240,46,90,0.511,12,33,0.364,9,14,0.643,7,35,42,26,5,4,9,18,113,-13,1,2024-04-28,Away
42023,1610612750,MIN,Minnesota Timberwolves,42300164,MIN @ PHX,W,240,41,89,0.461,15,36,0.417,25,31,0.806,17,27,44,23,6,6,12,27,122,6,1,2024-04-28,Away
42023,1610612752,NYK,New York Knicks,42300114,NYK @ PHI,W,240,37,86,0.43,7,27,0.259,16,26,0.615,15,37,52,19,1,11,12,19,97,5,1,2024-04-28,Away
42023,1610612747,LAL,Los Angeles Lakers,42300155,LAL @ DEN,L,240,39,84,0.464,10,35,0.286,18,27,0.667,11,30,41,30,7,6,9,12,106,-2,1,2024-04-29,Away
42023,1610612760,OKC,Oklahoma City Thunder,42300144,OKC @ NOP,W,240,35,82,0.427,12,40,0.3,15,24,0.625,8,36,44,18,9,7,14,18,97,8,1,2024-04-29,Away
42023,1610612738,BOS,Boston Celtics,42300104,BOS @ MIA,W,240,36,86,0.419,14,37,0.378,16,18,0.889,11,35,46,21,5,3,11,20,102,14,1,2024-04-29,Away
42023,1610612743,DEN,Denver Nuggets,42300155,DEN vs. LAL,W,240,42,89,0.472,16,38,0.421,8,9,0.889,9,36,45,28,6,1,14,16,108,2,1,2024-04-29,Home
42023,1610612740,NOP,New Orleans Pelicans,42300144,NOP vs. OKC,L,240,32,85,0.376,8,34,0.235,17,20,0.85,12,38,50,22,10,8,19,25,89,-8,1,2024-04-29,Home
42023,1610612748,MIA,Miami Heat,42300104,MIA vs. BOS,L,240,35,86,0.407,9,33,0.273,9,12,0.75,8,34,42,17,4,3,15,18,88,-14,1,2024-04-29,Home
42023,1610612753,ORL,Orlando Magic,42300135,ORL @ CLE,L,240,36,78,0.462,9,31,0.29,22,29,0.759,7,36,43,17,5,7,14,17,103,-1,1,2024-04-30,Away
42023,1610612749,MIL,Milwaukee Bucks,42300125,MIL vs. IND,W,240,44,84,0.524,11,29,0.379,16,20,0.8,11,33,44,23,8,4,11,15,115,23,1,2024-04-30,Home
42023,1610612752,NYK,New York Knicks,42300115,NYK vs. PHI,L,265,40,86,0.465,10,36,0.278,16,24,0.667,6,34,40,19,10,8,15,19,106,-6,1,2024-04-30,Home
42023,1610612739,CLE,Cleveland Cavaliers,42300135,CLE vs. ORL,W,240,38,88,0.432,13,37,0.351,15,19,0.789,8,31,39,23,9,3,10,25,104,1,1,2024-04-30,Home
42023,1610612755,PHI,Philadelphia 76ers,42300115,PHI @ NYK,W,265,42,91,0.462,15,39,0.385,13,19,0.684,12,34,46,28,5,7,17,23,112,6,1,2024-04-30,Away
42023,1610612754,IND,Indiana Pacers,42300125,IND @ MIL,L,240,36,81,0.444,12,38,0.316,8,13,0.615,10,26,36,25,3,3,13,18,92,-23,1,2024-04-30,Away
42023,1610612738,BOS,Boston Celtics,42300105,BOS vs. MIA,W,240,42,77,0.545,16,40,0.4,18,27,0.667,8,48,56,23,5,3,15,15,118,34,1,2024-05-01,Home
42023,1610612742,DAL,Dallas Mavericks,42300175,DAL @ LAC,W,240,47,87,0.54,14,39,0.359,15,20,0.75,9,31,40,27,5,6,10,22,123,30,1,2024-05-01,Away
42023,1610612746,LAC,LA Clippers,42300175,LAC vs. DAL,L,240,33,87,0.379,9,35,0.257,18,21,0.857,14,31,45,18,4,0,15,19,93,-30,1,2024-05-01,Home
42023,1610612748,MIA,Miami Heat,42300105,MIA @ BOS,L,240,36,87,0.414,3,29,0.103,9,10,0.9,2,27,29,20,4,0,6,17,84,-34,1,2024-05-01,Away
42023,1610612752,NYK,New York Knicks,42300116,NYK @ PHI,W,240,43,93,0.462,14,31,0.452,18,24,0.75,20,28,48,28,6,8,9,17,118,3,1,2024-05-02,Away
42023,1610612754,IND,Indiana Pacers,42300126,IND vs. MIL,W,240,46,85,0.541,13,40,0.325,15,17,0.882,7,37,44,33,7,3,11,26,120,22,1,2024-05-02,Home
42023,1610612749,MIL,Milwaukee Bucks,42300126,MIL @ IND,L,240,35,83,0.422,7,27,0.259,21,32,0.656,15,25,40,19,4,0,12,18,98,-22,1,2024-05-02,Away
42023,1610612755,PHI,Philadelphia 76ers,42300116,PHI vs. NYK,L,240,38,87,0.437,17,40,0.425,22,23,0.957,16,30,46,20,6,5,12,22,115,-3,1,2024-05-02,Home
42023,1610612753,ORL,Orlando Magic,42300136,ORL vs. CLE,W,240,35,89,0.393,11,36,0.306,22,26,0.846,15,33,48,19,6,4,14,15,103,7,1,2024-05-03,Home
42023,1610612742,DAL,Dallas Mavericks,42300176,DAL vs. LAC,W,240,40,83,0.482,12,36,0.333,22,33,0.667,18,27,45,26,6,4,10,24,114,13,1,2024-05-03,Home
42023,1610612739,CLE,Cleveland Cavaliers,42300136,CLE @ ORL,L,240,42,86,0.488,7,28,0.25,5,10,0.5,7,31,38,15,8,10,15,23,96,-7,1,2024-05-03,Away
42023,1610612746,LAC,LA Clippers,42300176,LAC @ DAL,L,240,34,82,0.415,8,31,0.258,25,32,0.781,16,29,45,23,4,2,11,26,101,-13,1,2024-05-03,Away
42023,1610612743,DEN,Denver Nuggets,42300231,DEN vs. MIN,L,240,35,75,0.467,13,31,0.419,16,20,0.8,3,31,34,24,12,2,12,18,99,-7,1,2024-05-04,Home
42023,1610612750,MIN,Minnesota Timberwolves,42300231,MIN @ DEN,W,240,43,82,0.524,11,27,0.407,9,12,0.75,7,35,42,24,4,6,14,20,106,7,1,2024-05-04,Away
42023,1610612753,ORL,Orlando Magic,42300137,ORL @ CLE,L,240,29,86,0.337,10,31,0.323,26,30,0.867,18,31,49,17,11,4,17,32,94,-12,1,2024-05-05,Away
42023,1610612739,CLE,Cleveland Cavaliers,42300137,CLE vs. ORL,W,240,34,77,0.442,8,24,0.333,30,36,0.833,10,38,48,19,8,8,16,23,106,12,1,2024-05-05,Home
42023,1610612750,MIN,Minnesota Timberwolves,42300232,MIN @ DEN,W,240,42,84,0.5,13,33,0.394,9,14,0.643,10,32,42,28,11,12,12,20,106,26,1,2024-05-06,Away
42023,1610612754,IND,Indiana Pacers,42300211,IND @ NYK,L,240,46,88,0.523,10,26,0.385,15,19,0.789,7,25,32,32,9,5,8,22,117,-4,1,2024-05-06,Away
42023,1610612743,DEN,Denver Nuggets,42300232,DEN vs. MIN,L,240,29,83,0.349,9,30,0.3,13,18,0.722,18,32,50,16,6,6,19,14,80,-26,1,2024-05-06,Home
42023,1610612752,NYK,New York Knicks,42300211,NYK vs. IND,W,240,44,82,0.537,11,23,0.478,22,26,0.846,8,32,40,25,5,4,15,19,121,4,1,2024-05-06,Home
42023,1610612738,BOS,Boston Celtics,42300201,BOS vs. CLE,W,240,45,92,0.489,18,46,0.391,12,14,0.857,13,42,55,22,2,7,9,13,120,25,1,2024-05-07,Home
42023,1610612742,DAL,Dallas Mavericks,42300221,DAL @ OKC,L,240,33,84,0.393,12,35,0.343,17,25,0.68,11,28,39,19,5,8,16,21,95,-22,1,2024-05-07,Away
42023,1610612760,OKC,Oklahoma City Thunder,42300221,OKC vs. DAL,W,240,40,89,0.449,16,35,0.457,21,28,0.75,16,36,52,29,8,8,11,18,117,22,1,2024-05-07,Home
42023,1610612739,CLE,Cleveland Cavaliers,42300201,CLE @ BOS,L,240,37,90,0.411,11,42,0.262,10,13,0.769,7,31,38,19,2,3,5,18,95,-25,1,2024-05-07,Away
42023,1610612754,IND,Indiana Pacers,42300212,IND @ NYK,L,240,48,93,0.516,15,34,0.441,10,17,0.588,14,20,34,33,5,3,9,17,121,-9,1,2024-05-08,Away
42023,1610612752,NYK,New York Knicks,42300212,NYK vs. IND,W,240,49,86,0.57,14,30,0.467,18,22,0.818,12,32,44,28,5,3,11,14,130,9,1,2024-05-08,Home
42023,1610612760,OKC,Oklahoma City Thunder,42300222,OKC vs. DAL,L,240,42,89,0.472,10,30,0.333,16,17,0.941,8,33,41,25,5,6,10,18,110,-9,1,2024-05-09,Home
42023,1610612739,CLE,Cleveland Cavaliers,42300202,CLE @ BOS,W,240,47,86,0.547,13,28,0.464,11,16,0.688,7,37,44,24,4,3,12,20,118,24,1,2024-05-09,Away
42023,1610612742,DAL,Dallas Mavericks,42300222,DAL @ OKC,W,240,42,90,0.467,18,37,0.486,17,24,0.708,12,32,44,30,8,6,10,21,119,9,1,2024-05-09,Away
42023,1610612738,BOS,Boston Celtics,42300202,BOS vs. CLE,L,240,33,80,0.413,8,35,0.229,20,24,0.833,6,25,31,22,5,3,7,15,94,-24,1,2024-05-09,Home
42023,1610612750,MIN,Minnesota Timberwolves,42300233,MIN vs. DEN,L,240,31,71,0.437,10,33,0.303,18,25,0.72,5,27,32,23,5,3,16,20,90,-27,1,2024-05-10,Home
42023,1610612754,IND,Indiana Pacers,42300213,IND vs. NYK,W,240,42,89,0.472,12,32,0.375,15,18,0.833,13,29,42,22,6,6,10,20,111,5,1,2024-05-10,Home
42023,1610612752,NYK,New York Knicks,42300213,NYK @ IND,L,240,38,80,0.475,14,27,0.519,16,22,0.727,10,31,41,19,6,6,13,18,106,-5,1,2024-05-10,Away
42023,1610612743,DEN,Denver Nuggets,42300233,DEN @ MIN,W,240,43,80,0.538,14,29,0.483,17,20,0.85,8,32,40,26,9,4,11,25,117,27,1,2024-05-10,Away
42023,1610612760,OKC,Oklahoma City Thunder,42300223,OKC @ DAL,L,240,38,81,0.469,10,30,0.333,15,19,0.789,6,35,41,23,7,11,14,22,101,-4,1,2024-05-11,Away
42023,1610612738,BOS,Boston Celtics,42300203,BOS @ CLE,W,240,41,80,0.513,13,34,0.382,11,14,0.786,9,35,44,22,3,4,12,14,106,13,1,2024-05-11,Away
42023,1610612739,CLE,Cleveland Cavaliers,42300203,CLE vs. BOS,L,240,36,84,0.429,12,36,0.333,9,10,0.9,7,28,35,17,4,2,8,14,93,-13,1,2024-05-11,Home
42023,1610612742,DAL,Dallas Mavericks,42300223,DAL vs. OKC,W,240,39,91,0.429,11,33,0.333,16,25,0.64,15,33,48,21,7,2,14,16,105,4,1,2024-05-11,Home
42023,1610612752,NYK,New York Knicks,42300214,NYK @ IND,L,240,30,89,0.337,7,37,0.189,22,31,0.71,16,27,43,18,8,2,14,12,89,-32,1,2024-05-12,Away
42023,1610612754,IND,Indiana Pacers,42300214,IND vs. NYK,W,240,50,88,0.568,14,31,0.452,7,8,0.875,9,43,52,31,9,7,14,25,121,32,1,2024-05-12,Home
42023,1610612743,DEN,Denver Nuggets,42300234,DEN @ MIN,W,240,45,79,0.57,13,29,0.448,12,15,0.8,5,26,31,29,7,6,12,20,115,8,1,2024-05-12,Away
42023,1610612750,MIN,Minnesota Timberwolves,42300234,MIN vs. DEN,L,240,39,82,0.476,11,28,0.393,18,27,0.667,12,30,42,21,5,3,11,21,107,-8,1,2024-05-12,Home
42023,1610612738,BOS,Boston Celtics,42300204,BOS @ CLE,W,240,38,78,0.487,12,32,0.375,21,24,0.875,10,38,48,15,6,4,15,12,109,7,1,2024-05-13,Away
42023,1610612739,CLE,Cleveland Cavaliers,42300204,CLE vs. BOS,L,240,41,94,0.436,15,48,0.313,5,7,0.714,8,24,32,26,8,3,8,17,102,-7,1,2024-05-13,Home
42023,1610612760,OKC,Oklahoma City Thunder,42300224,OKC @ DAL,W,240,35,92,0.38,7,27,0.259,23,24,0.958,12,33,45,18,8,9,8,20,100,4,1,2024-05-13,Away
42023,1610612742,DAL,Dallas Mavericks,42300224,DAL vs. OKC,L,240,36,88,0.409,12,35,0.343,12,23,0.522,12,35,47,26,4,13,14,18,96,-4,1,2024-05-13,Home
42023,1610612743,DEN,Denver Nuggets,42300235,DEN vs. MIN,W,240,44,80,0.55,9,19,0.474,15,18,0.833,8,30,38,30,6,5,12,17,112,15,1,2024-05-14,Home
42023,1610612754,IND,Indiana Pacers,42300215,IND @ NYK,L,240,31,72,0.431,12,27,0.444,17,22,0.773,5,24,29,24,5,6,18,19,91,-30,1,2024-05-14,Away
42023,1610612750,MIN,Minnesota Timberwolves,42300235,MIN @ DEN,L,240,38,78,0.487,8,26,0.308,13,19,0.684,8,25,33,30,7,7,14,20,97,-15,1,2024-05-14,Away
42023,1610612752,NYK,New York Knicks,42300215,NYK vs. IND,W,240,47,101,0.465,12,35,0.343,15,19,0.789,20,33,53,26,7,5,9,22,121,30,1,2024-05-14,Home
42023,1610612738,BOS,Boston Celtics,42300205,BOS vs. CLE,W,240,42,80,0.525,19,43,0.442,10,12,0.833,11,32,43,32,6,6,14,15,113,15,1,2024-05-15,Home
42023,1610612742,DAL,Dallas Mavericks,42300225,DAL @ OKC,W,240,40,76,0.526,14,35,0.4,10,13,0.769,9,37,46,27,5,5,14,17,104,12,1,2024-05-15,Away
42023,1610612739,CLE,Cleveland Cavaliers,42300205,CLE @ BOS,L,240,38,79,0.481,13,31,0.419,9,12,0.75,6,22,28,25,5,2,10,16,98,-15,1,2024-05-15,Away
42023,1610612760,OKC,Oklahoma City Thunder,42300225,OKC vs. DAL,L,240,37,87,0.425,10,40,0.25,8,10,0.8,8,25,33,20,8,2,7,15,92,-12,1,2024-05-15,Home
42023,1610612743,DEN,Denver Nuggets,42300236,DEN @ MIN,L,240,26,86,0.302,7,36,0.194,11,14,0.786,10,33,43,18,2,5,12,17,70,-45,1,2024-05-16,Away
42023,1610612750,MIN,Minnesota Timberwolves,42300236,MIN vs. DEN,W,240,40,86,0.465,15,40,0.375,20,24,0.833,11,51,62,26,9,4,6,14,115,45,1,2024-05-16,Home
42023,1610612754,IND,Indiana Pacers,42300216,IND vs. NYK,W,240,49,91,0.538,9,26,0.346,9,13,0.692,14,33,47,35,3,8,9,21,116,13,1,2024-05-17,Home
42023,1610612752,NYK,New York Knicks,42300216,NYK @ IND,L,240,36,82,0.439,13,34,0.382,18,26,0.692,13,22,35,20,6,5,9,15,103,-13,1,2024-05-17,Away
42023,1610612742,DAL,Dallas Mavericks,42300226,DAL vs. OKC,W,240,42,82,0.512,16,34,0.471,17,24,0.708,14,33,47,25,5,4,18,23,117,1,1,2024-05-18,Home
42023,1610612760,OKC,Oklahoma City Thunder,42300226,OKC @ DAL,L,240,44,92,0.478,15,41,0.366,13,17,0.765,7,24,31,25,10,5,10,20,116,-1,1,2024-05-18,Away
42023,1610612750,MIN,Minnesota Timberwolves,42300237,MIN @ DEN,W,240,31,79,0.392,10,34,0.294,26,30,0.867,11,36,47,18,9,6,9,21,98,8,1,2024-05-19,Away
42023,1610612743,DEN,Denver Nuggets,42300237,DEN vs. MIN,L,240,34,83,0.41,8,33,0.242,14,16,0.875,11,33,44,18,3,7,10,23,90,-8,1,2024-05-19,Home
42023,1610612754,IND,Indiana Pacers,42300217,IND @ NYK,W,240,53,79,0.671,13,24,0.542,11,16,0.688,7,26,33,33,7,9,14,22,130,21,1,2024-05-19,Away
42023,1610612752,NYK,New York Knicks,42300217,NYK vs. IND,L,240,36,85,0.424,13,35,0.371,24,27,0.889,9,19,28,22,5,2,10,17,109,-21,1,2024-05-19,Home
42023,1610612754,IND,Indiana Pacers,42300301,IND @ BOS,L,265,53,99,0.535,13,35,0.371,9,10,0.9,10,34,44,38,8,4,22,23,128,-5,1,2024-05-21,Away
42023,1610612738,BOS,Boston Celtics,42300301,BOS vs. IND,W,265,47,99,0.475,15,45,0.333,24,30,0.8,13,30,43,30,11,5,15,15,133,5,1,2024-05-21,Home
42023,1610612750,MIN,Minnesota Timberwolves,42300311,MIN vs. DAL,L,240,38,89,0.427,18,49,0.367,11,18,0.611,10,30,40,23,8,3,10,17,105,-3,1,2024-05-22,Home
42023,1610612742,DAL,Dallas Mavericks,42300311,DAL @ MIN,W,240,43,87,0.494,6,25,0.24,16,17,0.941,11,37,48,21,5,8,13,15,108,3,1,2024-05-22,Away
42023,1610612738,BOS,Boston Celtics,42300302,BOS vs. IND,W,240,47,88,0.534,15,37,0.405,17,20,0.85,13,27,40,28,9,2,12,16,126,16,1,2024-05-23,Home
42023,1610612754,IND,Indiana Pacers,42300302,IND @ BOS,L,240,44,84,0.524,11,29,0.379,11,16,0.688,12,25,37,23,5,2,16,23,110,-16,1,2024-05-23,Away
42023,1610612742,DAL,Dallas Mavericks,42300312,DAL @ MIN,W,240,41,84,0.488,12,31,0.387,15,22,0.682,11,33,44,24,7,7,10,17,109,1,1,2024-05-24,Away
42023,1610612750,MIN,Minnesota Timberwolves,42300312,MIN vs. DAL,L,240,35,85,0.412,12,31,0.387,26,32,0.813,12,28,40,26,7,7,9,19,108,-1,1,2024-05-24,Home
42023,1610612754,IND,Indiana Pacers,42300303,IND vs. BOS,L,240,46,91,0.505,5,22,0.227,14,14,1.0,9,34,43,32,4,1,11,21,111,-3,1,2024-05-25,Home
42023,1610612738,BOS,Boston Celtics,42300303,BOS @ IND,W,240,39,83,0.47,16,46,0.348,20,26,0.769,7,29,36,24,7,12,8,18,114,3,1,2024-05-25,Away
42023,1610612750,MIN,Minnesota Timberwolves,42300313,MIN @ DAL,L,240,43,85,0.506,9,30,0.3,12,17,0.706,10,23,33,26,4,2,10,24,107,-9,1,2024-05-26,Away
42023,1610612742,DAL,Dallas Mavericks,42300313,DAL vs. MIN,W,240,38,68,0.559,14,28,0.5,26,31,0.839,7,25,32,19,7,5,14,19,116,9,1,2024-05-26,Home
42023,1610612738,BOS,Boston Celtics,42300304,BOS @ IND,W,240,40,89,0.449,14,44,0.318,11,14,0.786,12,32,44,22,10,6,13,18,105,3,1,2024-05-27,Away
42023,1610612754,IND,Indiana Pacers,42300304,IND vs. BOS,L,240,40,87,0.46,10,29,0.345,12,16,0.75,13,34,47,24,5,4,14,19,102,-3,1,2024-05-27,Home
42023,1610612742,DAL,Dallas Mavericks,42300314,DAL vs. MIN,L,240,34,81,0.42,14,40,0.35,18,21,0.857,10,28,38,23,6,4,14,22,100,-5,1,2024-05-28,Home
42023,1610612750,MIN,Minnesota Timberwolves,42300314,MIN @ DAL,W,240,39,74,0.527,11,24,0.458,16,25,0.64,6,34,40,23,9,4,15,23,105,5,1,2024-05-28,Away
42023,1610612742,DAL,Dallas Mavericks,42300315,DAL @ MIN,W,240,46,84,0.548,15,34,0.441,17,23,0.739,9,36,45,19,7,5,13,20,124,21,1,2024-05-30,Away
42023,1610612750,MIN,Minnesota Timberwolves,42300315,MIN vs. DAL,L,240,38,89,0.427,10,32,0.313,17,21,0.81,13,28,41,17,8,5,14,17,103,-21,1,2024-05-30,Home
42023,1610612742,DAL,Dallas Mavericks,42300401,DAL @ BOS,L,240,35,84,0.417,7,27,0.259,12,19,0.632,10,33,43,9,8,1,11,16,89,-18,1,2024-06-06,Away
42023,1610612738,BOS,Boston Celtics,42300401,BOS vs. DAL,W,240,39,82,0.476,16,42,0.381,13,19,0.684,10,37,47,23,6,9,14,16,107,18,1,2024-06-06,Home
42023,1610612738,BOS,Boston Celtics,42300402,BOS vs. DAL,W,240,38,84,0.452,10,39,0.256,19,20,0.95,10,31,41,29,10,5,11,15,105,7,1,2024-06-09,Home
42023,1610612742,DAL,Dallas Mavericks,42300402,DAL @ BOS,L,240,38,80,0.475,6,26,0.231,16,24,0.667,9,34,43,21,5,3,15,17,98,-7,1,2024-06-09,Away
42023,1610612742,DAL,Dallas Mavericks,42300403,DAL vs. BOS,L,240,38,86,0.442,9,25,0.36,14,16,0.875,7,36,43,15,5,1,9,17,99,-7,1,2024-06-12,Home
42023,1610612738,BOS,Boston Celtics,42300403,BOS @ DAL,W,240,38,82,0.463,17,46,0.37,13,14,0.929,6,30,36,26,4,6,9,19,106,7,1,2024-06-12,Away
42023,1610612742,DAL,Dallas Mavericks,42300404,DAL vs. BOS,W,240,46,91,0.505,15,37,0.405,15,22,0.682,13,39,52,21,7,2,9,17,122,38,1,2024-06-14,Home
42023,1610612738,BOS,Boston Celtics,42300404,BOS @ DAL,L,240,29,80,0.363,14,41,0.341,12,13,0.923,4,27,31,18,2,5,14,19,84,-38,1,2024-06-14,Away
42023,1610612742,DAL,Dallas Mavericks,42300405,DAL @ BOS,L,240,35,78,0.449,11,37,0.297,7,13,0.538,7,28,35,18,4,4,13,20,88,-18,1,2024-06-17,Away
42023,1610612738,BOS,Boston Celtics,42300405,BOS vs. DAL,W,240,38,89,0.427,13,39,0.333,17,20,0.85,15,36,51,25,9,2,9,15,106,18,1,2024-06-17,Home
