SEASON_ID,TEAM_ID,TEAM_ABBREVIATION,TEAM_NAME,GAME_ID,MATCHUP,WL,MIN,FGM,FGA,FG_PCT,FG3M,FG3A,FG3_PCT,FTM,FTA,FT_PCT,OREB,DREB,REB,AST,STL,BLK,TOV,PF,PTS,PLUS_MINUS,VIDEO_AVAILABLE,GAME_DATE,HOME_AWAY,Rot,VH,Team,1st,2nd,3rd,4th,Final,Open,Close,ML,2H,Year,SERIES_ID,SERIES_WINS,GAME_KEY,OPPONENT_ABBREVIATION,OPPONENT_SERIES_WINS,SERIES_STANDING
42021,1610612737,ATL,Atlanta Hawks,42100101,ATL @ MIA,L,240,29,75,0.387,10,36,0.278,23,27,0.852,8,30,38,16,8,2,18,19,91,-24,1,2022-04-17,Away,527,V,Atlanta,17,23,20,31,91,215.5,220.5,225,1,2022,ATL_vs_MIA_42021,0,ATL_vs_MIA_42021_2022-04-17,MIA,1,0–1
42021,1610612748,MIA,Miami Heat,42100101,MIA vs. ATL,W,240,43,82,0.524,18,38,0.474,11,18,0.611,4,36,40,35,12,3,15,22,115,24,1,2022-04-17,Home,528,H,Miami,23,36,27,29,115,6,6.5,-265,107.5,2022,ATL_vs_MIA_42021,1,ATL_vs_MIA_42021_2022-04-17,ATL,0,1–0
42021,1610612737,ATL,Atlanta Hawks,42100102,ATL @ MIA,L,240,41,87,0.471,12,40,0.3,11,14,0.786,7,33,40,21,6,2,19,26,105,-10,1,2022-04-19,Away,549,V,Atlanta,25,29,22,29,105,217,221.0,270,107.5,2022,ATL_vs_MIA_42021,0,ATL_vs_MIA_42021_2022-04-19,MIA,2,0–2
42021,1610612748,MIA,Miami Heat,42100102,MIA vs. ATL,W,240,38,79,0.481,14,36,0.389,25,29,0.862,4,30,34,21,9,6,15,24,115,10,1,2022-04-19,Home,550,H,Miami,26,30,31,28,115,7,8.0,-330,4.5,2022,ATL_vs_MIA_42021,2,ATL_vs_MIA_42021_2022-04-19,ATL,0,2–0
42021,1610612737,ATL,Atlanta Hawks,42100103,ATL vs. MIA,W,240,41,80,0.513,12,32,0.375,17,21,0.81,5,31,36,23,5,3,11,20,111,1,1,2022-04-22,Home,502,H,Atlanta,22,39,16,34,111,220,222.0,105,108.5,2022,ATL_vs_MIA_42021,1,ATL_vs_MIA_42021_2022-04-22,MIA,2,1–2
42021,1610612748,MIA,Miami Heat,42100103,MIA @ ATL,L,240,41,93,0.441,14,45,0.311,14,17,0.824,11,34,45,30,6,3,15,23,110,-1,1,2022-04-22,Away,501,V,Miami,24,30,31,25,110,3,2.0,-125,4,2022,ATL_vs_MIA_42021,2,ATL_vs_MIA_42021_2022-04-22,ATL,1,2–1
42021,1610612737,ATL,Atlanta Hawks,42100104,ATL vs. MIA,L,240,30,75,0.4,15,42,0.357,11,20,0.55,11,30,41,18,2,3,15,21,86,-24,1,2022-04-24,Home,526,H,Atlanta,26,15,20,25,86,221,220.0,100,3.5,2022,ATL_vs_MIA_42021,1,ATL_vs_MIA_42021_2022-04-24,MIA,3,1–3
42021,1610612748,MIA,Miami Heat,42100104,MIA @ ATL,W,240,40,92,0.435,13,42,0.31,17,21,0.81,15,33,48,22,8,1,7,23,110,24,1,2022-04-24,Away,525,V,Miami,25,30,25,30,110,1.5,1.0,-120,105.5,2022,ATL_vs_MIA_42021,3,ATL_vs_MIA_42021_2022-04-24,ATL,1,3–1
42021,1610612737,ATL,Atlanta Hawks,42100105,ATL @ MIA,L,240,31,74,0.419,8,25,0.32,24,28,0.857,12,30,42,15,8,2,19,22,94,-3,1,2022-04-26,Away,539,V,Atlanta,22,20,22,30,94,218,216.0,165,2,2022,ATL_vs_MIA_42021,1,ATL_vs_MIA_42021_2022-04-26,MIA,4,1–4
42021,1610612748,MIA,Miami Heat,42100105,MIA vs. ATL,W,240,37,82,0.451,7,31,0.226,16,21,0.762,7,26,33,19,12,2,14,25,97,3,1,2022-04-26,Home,540,H,Miami,21,33,21,22,97,7,4.0,-185,104,2022,ATL_vs_MIA_42021,4,ATL_vs_MIA_42021_2022-04-26,ATL,1,4–1
42020,1610612749,MIL,Milwaukee Bucks,42000301,MIL vs. ATL,L,240,47,102,0.461,8,36,0.222,11,14,0.786,12,33,45,27,6,4,8,14,113,-3,1,2021-06-23,Home,562,H,Milwaukee,28,31,26,28,113,7.5,8,-360,3,2021,ATL_vs_MIL_42020,0,ATL_vs_MIL_42020_2021-06-23,ATL,1,0–1
42020,1610612737,ATL,Atlanta Hawks,42000301,ATL @ MIL,W,240,47,95,0.495,8,32,0.25,14,16,0.875,12,39,51,19,5,2,13,17,116,3,1,2021-06-23,Away,561,V,Atlanta,25,29,34,28,116,227.5,225,300,111,2021,ATL_vs_MIL_42020,1,ATL_vs_MIL_42020_2021-06-23,MIL,0,1–0
42020,1610612737,ATL,Atlanta Hawks,42000302,ATL @ MIL,L,240,34,82,0.415,9,36,0.25,14,17,0.824,7,27,34,13,8,4,20,22,91,-34,1,2021-06-25,Away,581,V,Atlanta,28,17,18,28,91,226.5,226,310,3.5,2021,ATL_vs_MIL_42020,1,ATL_vs_MIL_42020_2021-06-25,MIL,1,1–1
42020,1610612749,MIL,Milwaukee Bucks,42000302,MIL vs. ATL,W,240,50,96,0.521,15,41,0.366,10,16,0.625,16,31,47,29,14,3,16,20,125,34,1,2021-06-25,Home,582,H,Milwaukee,34,43,26,22,125,7.5,8.5,-370,110.5,2021,ATL_vs_MIL_42020,1,ATL_vs_MIL_42020_2021-06-25,ATL,1,1–1
42020,1610612749,MIL,Milwaukee Bucks,42000303,MIL @ ATL,W,240,45,88,0.511,11,29,0.379,12,21,0.571,15,35,50,27,8,5,12,18,113,11,1,2021-06-27,Away,501,V,Milwaukee,27,29,27,30,113,5,4.5,-185,3.5,2021,ATL_vs_MIL_42020,2,ATL_vs_MIL_42020_2021-06-27,ATL,1,2–1
42020,1610612737,ATL,Atlanta Hawks,42000303,ATL vs. MIL,L,240,39,84,0.464,15,37,0.405,9,16,0.563,9,26,35,20,8,7,12,22,102,-11,1,2021-06-27,Home,502,H,Atlanta,32,24,29,17,102,224.5,224,165,113.5,2021,ATL_vs_MIL_42020,1,ATL_vs_MIL_42020_2021-06-27,MIL,2,1–2
42020,1610612749,MIL,Milwaukee Bucks,42000304,MIL @ ATL,L,240,33,84,0.393,8,39,0.205,14,19,0.737,12,31,43,19,6,3,15,18,88,-22,1,2021-06-29,Away,521,V,Milwaukee,22,16,24,26,88,6,9,-420,9.5,2021,ATL_vs_MIL_42020,2,ATL_vs_MIL_42020_2021-06-29,ATL,2,2–2
42020,1610612737,ATL,Atlanta Hawks,42000304,ATL vs. MIL,W,240,43,85,0.506,13,38,0.342,11,13,0.846,8,35,43,26,11,4,12,22,110,22,1,2021-06-29,Home,522,H,Atlanta,25,26,36,23,110,221.5,215,350,108,2021,ATL_vs_MIL_42020,2,ATL_vs_MIL_42020_2021-06-29,MIL,2,2–2
42020,1610612737,ATL,Atlanta Hawks,42000305,ATL @ MIL,L,240,41,90,0.456,15,38,0.395,15,19,0.789,13,27,40,24,6,5,14,22,112,-11,1,2021-07-01,Away,541,V,Atlanta,22,34,22,34,112,219.5,213,165,0.5,2021,ATL_vs_MIL_42020,2,ATL_vs_MIL_42020_2021-07-01,MIL,3,2–3
42020,1610612749,MIL,Milwaukee Bucks,42000305,MIL vs. ATL,W,240,48,95,0.505,9,29,0.31,18,25,0.72,14,33,47,28,11,5,9,17,123,11,1,2021-07-01,Home,542,H,Milwaukee,36,29,26,32,123,4,4.5,-185,105.5,2021,ATL_vs_MIL_42020,3,ATL_vs_MIL_42020_2021-07-01,ATL,2,3–2
42020,1610612749,MIL,Milwaukee Bucks,42000306,MIL @ ATL,W,240,41,89,0.461,17,45,0.378,19,21,0.905,12,34,46,24,11,5,15,23,118,11,1,2021-07-03,Away,561,V,Milwaukee,28,19,44,27,118,215,219.5,140,111.5,2021,ATL_vs_MIL_42020,4,ATL_vs_MIL_42020_2021-07-03,ATL,2,4–2
42020,1610612737,ATL,Atlanta Hawks,42000306,ATL vs. MIL,L,240,38,92,0.413,12,32,0.375,19,23,0.826,13,30,43,22,11,2,16,16,107,-11,1,2021-07-03,Home,562,H,Atlanta,24,19,29,35,107,pk,3.5,-160,2,2021,ATL_vs_MIL_42020,2,ATL_vs_MIL_42020_2021-07-03,MIL,4,2–4
42020,1610612737,ATL,Atlanta Hawks,42000131,ATL @ NYK,W,240,42,90,0.467,12,34,0.353,11,12,0.917,7,35,42,17,6,7,6,13,107,2,1,2021-05-23,Away,501,V,Atlanta,24,28,19,36,107,217,214,100,105,2021,ATL_vs_NYK_42020,1,ATL_vs_NYK_42020_2021-05-23,NYK,0,1–0
42020,1610612752,NYK,New York Knicks,42000131,NYK vs. ATL,L,240,42,94,0.447,10,30,0.333,11,15,0.733,13,36,49,21,3,4,11,16,105,-2,1,2021-05-23,Home,502,H,NewYork,16,34,23,32,105,1.5,1,-120,1,2021,ATL_vs_NYK_42020,0,ATL_vs_NYK_42020_2021-05-23,ATL,1,0–1
42020,1610612752,NYK,New York Knicks,42000132,NYK vs. ATL,W,240,36,94,0.383,12,33,0.364,17,23,0.739,13,41,54,15,8,2,11,20,101,9,1,2021-05-26,Home,544,H,NewYork,20,24,32,25,101,2.5,2,-135,4.5,2021,ATL_vs_NYK_42020,1,ATL_vs_NYK_42020_2021-05-26,ATL,1,1–1
42020,1610612737,ATL,Atlanta Hawks,42000132,ATL @ NYK,L,240,31,84,0.369,12,44,0.273,18,22,0.818,6,35,41,17,5,12,14,21,92,-9,1,2021-05-26,Away,543,V,Atlanta,27,30,18,17,92,214,213,115,105.5,2021,ATL_vs_NYK_42020,1,ATL_vs_NYK_42020_2021-05-26,NYK,1,1–1
42020,1610612737,ATL,Atlanta Hawks,42000133,ATL vs. NYK,W,240,42,81,0.519,16,27,0.593,5,8,0.625,4,38,42,28,2,5,12,23,105,11,1,2021-05-28,Home,562,H,Atlanta,29,29,28,19,105,4.5,4.5,-190,103,2021,ATL_vs_NYK_42020,2,ATL_vs_NYK_42020_2021-05-28,NYK,1,2–1
42020,1610612752,NYK,New York Knicks,42000133,NYK @ ATL,L,240,29,81,0.358,9,30,0.3,27,30,0.9,13,32,45,14,6,2,13,21,94,-11,1,2021-05-28,Away,561,V,NewYork,31,13,28,22,94,211,212,170,2,2021,ATL_vs_NYK_42020,1,ATL_vs_NYK_42020_2021-05-28,ATL,2,1–2
42020,1610612737,ATL,Atlanta Hawks,42000134,ATL vs. NYK,W,240,36,82,0.439,15,39,0.385,26,28,0.929,9,39,48,24,4,2,11,22,113,17,1,2021-05-30,Home,502,H,Atlanta,25,28,35,25,113,5,5,-190,2,2021,ATL_vs_NYK_42020,3,ATL_vs_NYK_42020_2021-05-30,NYK,1,3–1
42020,1610612752,NYK,New York Knicks,42000134,NYK @ ATL,L,240,34,81,0.42,9,29,0.31,19,23,0.826,6,33,39,24,7,2,9,20,96,-17,1,2021-05-30,Away,501,V,NewYork,26,23,22,25,96,209.5,209,170,103.5,2021,ATL_vs_NYK_42020,1,ATL_vs_NYK_42020_2021-05-30,ATL,3,1–3
42020,1610612737,ATL,Atlanta Hawks,42000135,ATL @ NYK,W,240,37,87,0.425,9,34,0.265,20,26,0.769,14,34,48,17,7,8,11,16,103,14,1,2021-06-02,Away,531,V,Atlanta,21,31,22,29,103,207.5,209,100,103,2021,ATL_vs_NYK_42020,4,ATL_vs_NYK_42020_2021-06-02,NYK,1,4–1
42020,1610612752,NYK,New York Knicks,42000135,NYK vs. ATL,L,240,31,82,0.378,12,30,0.4,15,18,0.833,14,31,45,19,5,4,17,22,89,-14,1,2021-06-02,Home,532,H,NewYork,21,26,15,27,89,1.5,1,-120,1.5,2021,ATL_vs_NYK_42020,1,ATL_vs_NYK_42020_2021-06-02,ATL,4,1–4
42020,1610612737,ATL,Atlanta Hawks,42000201,ATL @ PHI,W,240,44,86,0.512,20,47,0.426,20,21,0.952,3,32,35,23,10,3,17,26,128,4,1,2021-06-06,Away,571,V,Atlanta,42,32,25,29,128,220.5,219.5,170,107.5,2021,ATL_vs_PHI_42020,1,ATL_vs_PHI_42020_2021-06-06,PHI,0,1–0
42020,1610612755,PHI,Philadelphia 76ers,42000201,PHI vs. ATL,L,240,45,82,0.549,10,29,0.345,24,35,0.686,8,33,41,25,12,5,19,22,124,-4,1,2021-06-06,Home,572,H,Philadelphia,27,27,29,41,124,2.5,4.5,-190,7.5,2021,ATL_vs_PHI_42020,0,ATL_vs_PHI_42020_2021-06-06,ATL,1,0–1
42020,1610612737,ATL,Atlanta Hawks,42000202,ATL @ PHI,L,240,38,83,0.458,11,30,0.367,15,18,0.833,12,33,45,20,2,5,18,21,102,-16,1,2021-06-08,Away,501,V,Atlanta,20,35,29,18,102,222.5,225.5,240,110,2021,ATL_vs_PHI_42020,1,ATL_vs_PHI_42020_2021-06-08,PHI,1,1–1
42020,1610612755,PHI,Philadelphia 76ers,42000202,PHI vs. ATL,W,240,46,87,0.529,12,26,0.462,14,22,0.636,6,31,37,29,10,8,9,18,118,16,1,2021-06-08,Home,502,H,Philadelphia,33,24,34,27,118,5,6.5,-280,3,2021,ATL_vs_PHI_42020,1,ATL_vs_PHI_42020_2021-06-08,ATL,1,1–1
42020,1610612755,PHI,Philadelphia 76ers,42000203,PHI @ ATL,W,240,46,79,0.582,10,21,0.476,25,39,0.641,10,26,36,28,8,4,11,26,127,16,1,2021-06-11,Away,531,V,Philadelphia,28,33,34,32,127,2,2,-130,0.5,2021,ATL_vs_PHI_42020,2,ATL_vs_PHI_42020_2021-06-11,ATL,1,2–1
42020,1610612737,ATL,Atlanta Hawks,42000203,ATL vs. PHI,L,240,39,82,0.476,6,23,0.261,27,32,0.844,11,25,36,15,6,1,11,28,111,-16,1,2021-06-11,Home,532,H,Atlanta,20,36,19,36,111,224.5,224.5,110,108.5,2021,ATL_vs_PHI_42020,1,ATL_vs_PHI_42020_2021-06-11,PHI,2,1–2
42020,1610612755,PHI,Philadelphia 76ers,42000204,PHI @ ATL,L,240,37,85,0.435,11,27,0.407,15,21,0.714,8,47,55,23,2,6,12,18,100,-3,1,2021-06-14,Away,561,V,Philadelphia,28,34,20,18,100,3,2.5,-150,111.5,2021,ATL_vs_PHI_42020,2,ATL_vs_PHI_42020_2021-06-14,ATL,2,2–2
42020,1610612737,ATL,Atlanta Hawks,42000204,ATL vs. PHI,W,240,37,101,0.366,12,40,0.3,17,21,0.81,12,37,49,24,5,4,4,18,103,3,1,2021-06-14,Home,562,H,Atlanta,20,29,31,23,103,225,226,130,2,2021,ATL_vs_PHI_42020,2,ATL_vs_PHI_42020_2021-06-14,PHI,2,2–2
42020,1610612737,ATL,Atlanta Hawks,42000205,ATL @ PHI,W,240,39,85,0.459,9,26,0.346,22,28,0.786,10,30,40,14,10,4,11,28,109,3,1,2021-06-16,Away,581,V,Atlanta,24,16,29,40,109,224.5,224,250,2.5,2021,ATL_vs_PHI_42020,3,ATL_vs_PHI_42020_2021-06-16,PHI,2,3–2
42020,1610612755,PHI,Philadelphia 76ers,42000205,PHI vs. ATL,L,240,35,75,0.467,13,30,0.433,23,38,0.605,7,37,44,20,7,6,16,21,106,-3,1,2021-06-16,Home,582,H,Philadelphia,38,24,25,19,106,6.5,7,-300,109,2021,ATL_vs_PHI_42020,2,ATL_vs_PHI_42020_2021-06-16,ATL,3,2–3
42020,1610612737,ATL,Atlanta Hawks,42000206,ATL vs. PHI,L,240,38,92,0.413,10,31,0.323,13,24,0.542,8,39,47,19,6,3,12,22,99,-5,1,2021-06-18,Home,512,H,Atlanta,29,22,25,23,99,222.5,223.5,-200,108,2021,ATL_vs_PHI_42020,3,ATL_vs_PHI_42020_2021-06-18,PHI,3,3–3
42020,1610612755,PHI,Philadelphia 76ers,42000206,PHI @ ATL,W,240,38,93,0.409,12,29,0.414,16,23,0.696,14,37,51,15,7,5,11,24,104,5,1,2021-06-18,Away,511,V,Philadelphia,22,25,33,24,104,3,3,175,2,2021,ATL_vs_PHI_42020,3,ATL_vs_PHI_42020_2021-06-18,ATL,3,3–3
42020,1610612755,PHI,Philadelphia 76ers,42000207,PHI vs. ATL,L,240,34,80,0.425,9,28,0.321,19,25,0.76,7,41,48,26,7,4,17,28,96,-7,1,2021-06-20,Home,534,H,Philadelphia,28,18,25,25,96,6.5,7,-280,4.5,2021,ATL_vs_PHI_42020,3,ATL_vs_PHI_42020_2021-06-20,ATL,4,3–4
42020,1610612737,ATL,Atlanta Hawks,42000207,ATL @ PHI,W,240,36,81,0.444,7,27,0.259,24,32,0.75,6,38,44,22,9,1,10,23,103,7,1,2021-06-20,Away,533,V,Atlanta,25,23,28,27,103,217.5,216,240,106,2021,ATL_vs_PHI_42020,4,ATL_vs_PHI_42020_2021-06-20,PHI,3,4–3
42020,1610612738,BOS,Boston Celtics,42000111,BOS @ BKN,L,240,31,84,0.369,11,30,0.367,20,26,0.769,11,29,40,19,6,12,12,18,93,-11,1,2021-05-22,Away,505,V,Boston,21,32,20,20,93,226.5,232.5,320,117,2021,BKN_vs_BOS_42020,0,BKN_vs_BOS_42020_2021-05-22,BKN,1,0–1
42020,1610612751,BKN,Brooklyn Nets,42000111,BKN vs. BOS,W,240,35,84,0.417,8,34,0.235,26,29,0.897,14,36,50,18,7,7,11,22,104,11,1,2021-05-22,Home,506,H,Brooklyn,16,31,31,26,104,8,8,-380,8.5,2021,BKN_vs_BOS_42020,1,BKN_vs_BOS_42020_2021-05-22,BOS,0,1–0
42020,1610612738,BOS,Boston Celtics,42000112,BOS @ BKN,L,240,39,92,0.424,12,34,0.353,18,23,0.783,15,28,43,23,10,4,17,20,108,-22,1,2021-05-25,Away,531,V,Boston,26,21,35,26,108,227,228,400,1,2021,BKN_vs_BOS_42020,0,BKN_vs_BOS_42020_2021-05-25,BKN,2,0–2
42020,1610612751,BKN,Brooklyn Nets,42000112,BKN vs. BOS,W,240,46,88,0.523,17,38,0.447,21,22,0.955,12,34,46,31,7,7,17,23,130,22,1,2021-05-25,Home,532,H,Brooklyn,40,31,38,21,130,9,9,-500,114.5,2021,BKN_vs_BOS_42020,2,BKN_vs_BOS_42020_2021-05-25,BOS,0,2–0
42020,1610612738,BOS,Boston Celtics,42000113,BOS vs. BKN,W,240,45,89,0.506,16,39,0.41,19,23,0.826,13,33,46,21,5,3,14,25,125,6,1,2021-05-28,Home,564,H,Boston,33,28,35,29,125,228.5,227,270,111.5,2021,BKN_vs_BOS_42020,1,BKN_vs_BOS_42020_2021-05-28,BKN,2,1–2
42020,1610612751,BKN,Brooklyn Nets,42000113,BKN @ BOS,L,240,38,84,0.452,16,38,0.421,27,31,0.871,10,27,37,16,8,3,10,23,119,-6,1,2021-05-28,Away,563,V,Brooklyn,32,25,27,35,119,6.5,7,-330,6.5,2021,BKN_vs_BOS_42020,2,BKN_vs_BOS_42020_2021-05-28,BOS,1,2–1
42020,1610612738,BOS,Boston Celtics,42000114,BOS vs. BKN,L,240,37,84,0.44,14,40,0.35,38,42,0.905,11,23,34,24,8,4,11,21,126,-15,1,2021-05-30,Home,506,H,Boston,34,26,31,35,126,229.5,228,350,111.5,2021,BKN_vs_BOS_42020,1,BKN_vs_BOS_42020_2021-05-30,BKN,3,1–3
42020,1610612751,BKN,Brooklyn Nets,42000114,BKN @ BOS,W,240,48,83,0.578,16,27,0.593,29,30,0.967,9,27,36,29,8,9,10,28,141,15,1,2021-05-30,Away,505,V,Brooklyn,33,40,39,29,141,6.5,9,-420,1,2021,BKN_vs_BOS_42020,3,BKN_vs_BOS_42020_2021-05-30,BOS,1,3–1
42020,1610612751,BKN,Brooklyn Nets,42000115,BKN vs. BOS,W,240,43,84,0.512,15,32,0.469,22,25,0.88,7,32,39,26,6,7,9,21,123,14,1,2021-06-01,Home,522,H,Brooklyn,31,28,27,37,123,12.5,13,-1200,5.5,2021,BKN_vs_BOS_42020,4,BKN_vs_BOS_42020_2021-06-01,BOS,1,4–1
42020,1610612738,BOS,Boston Celtics,42000115,BOS @ BKN,L,240,40,92,0.435,11,40,0.275,18,23,0.783,13,31,44,18,3,12,11,21,109,-14,1,2021-06-01,Away,521,V,Boston,24,27,28,30,109,231.5,234.5,750,118,2021,BKN_vs_BOS_42020,1,BKN_vs_BOS_42020_2021-06-01,BKN,4,1–4
42021,1610612751,BKN,Brooklyn Nets,42100111,BKN @ BOS,L,240,42,78,0.538,11,24,0.458,19,24,0.792,5,24,29,20,12,6,16,26,114,-1,1,2022-04-17,Away,525,V,Brooklyn,28,33,24,29,114,226,227.0,150,112,2022,BKN_vs_BOS_42021,0,BKN_vs_BOS_42021_2022-04-17,BOS,1,0–1
42021,1610612738,BOS,Boston Celtics,42100111,BOS vs. BKN,W,240,42,89,0.472,12,33,0.364,19,24,0.792,14,29,43,24,12,5,15,24,115,1,1,2022-04-17,Home,526,H,Boston,29,32,35,19,115,2.5,4.0,-170,2.5,2022,BKN_vs_BOS_42021,1,BKN_vs_BOS_42021_2022-04-17,BKN,0,1–0
42021,1610612751,BKN,Brooklyn Nets,42100112,BKN @ BOS,L,240,35,76,0.461,10,21,0.476,27,34,0.794,9,27,36,16,8,8,14,28,107,-7,1,2022-04-20,Away,561,V,Brooklyn,33,32,25,17,107,228,225.0,135,110.5,2022,BKN_vs_BOS_42021,0,BKN_vs_BOS_42021_2022-04-20,BOS,2,0–2
42021,1610612738,BOS,Boston Celtics,42100112,BOS vs. BKN,W,240,39,75,0.52,11,31,0.355,25,31,0.806,7,29,36,27,7,4,14,27,114,7,1,2022-04-20,Home,562,H,Boston,24,31,30,29,114,4,3.5,-155,4.5,2022,BKN_vs_BOS_42021,2,BKN_vs_BOS_42021_2022-04-20,BKN,0,2–0
42021,1610612738,BOS,Boston Celtics,42100113,BOS @ BKN,W,240,42,84,0.5,12,39,0.308,13,14,0.929,13,21,34,26,13,3,14,19,109,6,1,2022-04-23,Away,515,V,Boston,30,23,28,28,109,223.5,222.5,155,113.5,2022,BKN_vs_BOS_42021,3,BKN_vs_BOS_42021_2022-04-23,BKN,0,3–0
42021,1610612751,BKN,Brooklyn Nets,42100113,BKN vs. BOS,L,240,39,77,0.506,12,29,0.414,13,16,0.813,12,21,33,25,7,5,21,22,103,-6,1,2022-04-23,Home,516,H,Brooklyn,25,25,22,31,103,3,4.0,-175,2,2022,BKN_vs_BOS_42021,0,BKN_vs_BOS_42021_2022-04-23,BOS,3,0–3
42021,1610612738,BOS,Boston Celtics,42100114,BOS @ BKN,W,240,42,89,0.472,14,35,0.4,18,22,0.818,10,35,45,26,3,4,13,28,116,4,1,2022-04-25,Away,531,V,Boston,30,28,32,26,116,220.5,222.0,105,113.5,2022,BKN_vs_BOS_42021,4,BKN_vs_BOS_42021_2022-04-25,BKN,0,4–0
42021,1610612751,BKN,Brooklyn Nets,42100114,BKN vs. BOS,L,240,41,81,0.506,13,35,0.371,17,29,0.586,8,30,38,28,5,7,10,23,112,-4,1,2022-04-25,Home,532,H,Brooklyn,26,24,28,34,112,2.5,1.5,-125,3,2022,BKN_vs_BOS_42021,0,BKN_vs_BOS_42021_2022-04-25,BOS,4,0–4
42020,1610612749,MIL,Milwaukee Bucks,42000211,MIL @ BKN,L,240,45,101,0.446,6,30,0.2,11,19,0.579,15,43,58,21,4,3,14,15,107,-8,1,2021-06-05,Away,561,V,Milwaukee,32,29,23,23,107,240,239.5,145,120.5,2021,BKN_vs_MIL_42020,0,BKN_vs_MIL_42020_2021-06-05,BKN,1,0–1
42020,1610612751,BKN,Brooklyn Nets,42000211,BKN vs. MIL,W,240,46,98,0.469,15,39,0.385,8,9,0.889,6,41,47,25,7,6,9,21,115,8,1,2021-06-05,Home,562,H,Brooklyn,30,33,35,17,115,4,4,-165,0.5,2021,BKN_vs_MIL_42020,1,BKN_vs_MIL_42020_2021-06-05,MIL,0,1–0
42020,1610612749,MIL,Milwaukee Bucks,42000212,MIL @ BKN,L,240,37,84,0.44,8,27,0.296,4,9,0.444,11,33,44,14,2,3,16,12,86,-39,1,2021-06-07,Away,581,V,Milwaukee,19,22,24,21,86,235,1.5,-135,7.5,2021,BKN_vs_MIL_42020,0,BKN_vs_MIL_42020_2021-06-07,BKN,2,0–2
42020,1610612751,BKN,Brooklyn Nets,42000212,BKN vs. MIL,W,240,49,94,0.521,21,42,0.5,6,7,0.857,9,33,42,27,8,3,9,17,125,39,1,2021-06-07,Home,582,H,Brooklyn,36,29,30,30,125,2,238,115,119,2021,BKN_vs_MIL_42020,2,BKN_vs_MIL_42020_2021-06-07,MIL,0,2–0
42020,1610612749,MIL,Milwaukee Bucks,42000213,MIL vs. BKN,W,240,34,90,0.378,6,31,0.194,12,19,0.632,7,49,56,12,3,8,11,12,86,3,1,2021-06-10,Home,522,H,Milwaukee,30,15,22,19,86,3.5,3.5,-160,0.5,2021,BKN_vs_MIL_42020,1,BKN_vs_MIL_42020_2021-06-10,BKN,2,1–2
42020,1610612751,BKN,Brooklyn Nets,42000213,BKN @ MIL,L,240,34,94,0.362,8,32,0.25,7,8,0.875,7,43,50,15,8,5,8,22,83,-3,1,2021-06-10,Away,521,V,Brooklyn,11,31,23,18,83,234,235,140,114,2021,BKN_vs_MIL_42020,2,BKN_vs_MIL_42020_2021-06-10,MIL,1,2–1
42020,1610612751,BKN,Brooklyn Nets,42000214,BKN @ MIL,L,240,36,83,0.434,10,33,0.303,14,18,0.778,3,40,43,20,7,3,17,20,96,-11,1,2021-06-13,Away,551,V,Brooklyn,26,22,21,27,96,2,2,-135,110,2021,BKN_vs_MIL_42020,2,BKN_vs_MIL_42020_2021-06-13,MIL,2,2–2
42020,1610612749,MIL,Milwaukee Bucks,42000214,MIL vs. BKN,W,240,39,88,0.443,16,47,0.34,13,20,0.65,4,38,42,27,10,7,14,22,107,11,1,2021-06-13,Home,552,H,Milwaukee,23,30,28,26,107,230,228.5,115,0.5,2021,BKN_vs_MIL_42020,2,BKN_vs_MIL_42020_2021-06-13,BKN,2,2–2
42020,1610612749,MIL,Milwaukee Bucks,42000215,MIL @ BKN,L,240,41,83,0.494,13,32,0.406,13,17,0.765,4,31,35,18,6,5,12,24,108,-6,1,2021-06-15,Away,571,V,Milwaukee,29,30,28,21,108,2.5,1,-120,113,2021,BKN_vs_MIL_42020,2,BKN_vs_MIL_42020_2021-06-15,BKN,3,2–3
42020,1610612751,BKN,Brooklyn Nets,42000215,BKN vs. MIL,W,240,38,77,0.494,16,43,0.372,22,25,0.88,2,34,36,27,4,4,10,19,114,6,1,2021-06-15,Home,572,H,Brooklyn,15,28,38,33,114,220.5,222,100,4,2021,BKN_vs_MIL_42020,3,BKN_vs_MIL_42020_2021-06-15,MIL,2,3–2
42020,1610612749,MIL,Milwaukee Bucks,42000216,MIL vs. BKN,W,240,37,82,0.451,7,33,0.212,23,28,0.821,15,36,51,14,12,6,15,13,104,15,1,2021-06-17,Home,502,H,Milwaukee,26,33,19,26,104,3.5,5,-200,107.5,2021,BKN_vs_MIL_42020,3,BKN_vs_MIL_42020_2021-06-17,BKN,3,3–3
42020,1610612751,BKN,Brooklyn Nets,42000216,BKN @ MIL,L,240,36,81,0.444,9,30,0.3,8,14,0.571,9,30,39,14,11,1,16,18,89,-15,1,2021-06-17,Away,501,V,Brooklyn,19,29,19,22,89,220.5,220.5,175,2.5,2021,BKN_vs_MIL_42020,3,BKN_vs_MIL_42020_2021-06-17,MIL,3,3–3
42020,1610612751,BKN,Brooklyn Nets,42000217,BKN vs. MIL,L,265,39,84,0.464,12,39,0.308,21,25,0.84,11,35,46,23,4,3,13,20,111,-4,1,2021-06-19,Home,522,H,Brooklyn,28,25,28,28,111,216.5,2,125,109,2021,BKN_vs_MIL_42020,3,BKN_vs_MIL_42020_2021-06-19,MIL,4,3–4
42020,1610612749,MIL,Milwaukee Bucks,42000217,MIL @ BKN,W,265,43,98,0.439,15,36,0.417,14,21,0.667,18,30,48,20,9,7,8,20,115,4,1,2021-06-19,Away,521,V,Milwaukee,25,22,35,27,115,1,215.5,-145,1,2021,BKN_vs_MIL_42020,4,BKN_vs_MIL_42020_2021-06-19,BKN,3,4–3
42018,1610612751,BKN,Brooklyn Nets,41800121,BKN @ PHI,W,240,38,88,0.432,11,26,0.423,24,26,0.923,10,35,45,15,9,2,12,27,111,9,1,2019-04-13,Away,501,V,Brooklyn,31,31,31,18,111,232.0,228.5,280,118,2019,BKN_vs_PHI_42018,1,BKN_vs_PHI_42018_2019-04-13,PHI,0,1–0
42018,1610612755,PHI,Philadelphia 76ers,41800121,PHI vs. BKN,L,240,35,86,0.407,3,25,0.12,29,42,0.69,16,34,50,20,6,11,13,24,102,-9,1,2019-04-13,Home,502,H,Philadelphia,22,32,28,20,102,7.0,8.0,-360,8.5,2019,BKN_vs_PHI_42018,0,BKN_vs_PHI_42018_2019-04-13,BKN,1,0–1
42018,1610612751,BKN,Brooklyn Nets,41800122,BKN @ PHI,L,240,43,90,0.478,15,36,0.417,22,29,0.759,12,20,32,20,3,2,14,24,123,-22,1,2019-04-15,Away,521,V,Brooklyn,28,36,23,36,123,226.0,224.0,350,114,2019,BKN_vs_PHI_42018,1,BKN_vs_PHI_42018_2019-04-15,PHI,1,1–1
42018,1610612755,PHI,Philadelphia 76ers,41800122,PHI vs. BKN,W,240,55,98,0.561,9,23,0.391,26,32,0.813,15,34,49,29,8,3,12,23,145,22,1,2019-04-15,Home,522,H,Philadelphia,34,31,51,29,145,7.5,8.5,-450,5.5,2019,BKN_vs_PHI_42018,1,BKN_vs_PHI_42018_2019-04-15,BKN,1,1–1
42018,1610612751,BKN,Brooklyn Nets,41800123,BKN vs. PHI,L,240,39,96,0.406,8,39,0.205,29,35,0.829,13,30,43,12,6,2,16,24,115,-16,1,2019-04-18,Home,544,H,Brooklyn,24,35,31,25,115,227.0,229.5,-105,2,2019,BKN_vs_PHI_42018,1,BKN_vs_PHI_42018_2019-04-18,PHI,2,1–2
42018,1610612755,PHI,Philadelphia 76ers,41800123,PHI @ BKN,W,240,45,94,0.479,11,27,0.407,30,35,0.857,15,39,54,26,9,5,16,29,131,16,1,2019-04-18,Away,543,V,Philadelphia,32,33,32,34,131,2.5,1.0,-115,112.5,2019,BKN_vs_PHI_42018,2,BKN_vs_PHI_42018_2019-04-18,BKN,1,2–1
42018,1610612755,PHI,Philadelphia 76ers,41800124,PHI @ BKN,W,240,44,88,0.5,8,26,0.308,16,21,0.762,12,44,56,25,6,8,21,24,112,4,1,2019-04-20,Away,557,V,Philadelphia,24,33,28,27,112,2.0,3.0,-152,3.5,2019,BKN_vs_PHI_42018,3,BKN_vs_PHI_42018_2019-04-20,BKN,1,3–1
42018,1610612751,BKN,Brooklyn Nets,41800124,BKN vs. PHI,L,240,36,90,0.4,12,38,0.316,24,31,0.774,12,29,41,23,10,4,14,26,108,-4,1,2019-04-20,Home,558,H,Brooklyn,33,30,28,17,108,233.0,231.0,133,114,2019,BKN_vs_PHI_42018,1,BKN_vs_PHI_42018_2019-04-20,PHI,3,1–3
42018,1610612751,BKN,Brooklyn Nets,41800125,BKN @ PHI,L,240,36,93,0.387,9,31,0.29,19,25,0.76,9,32,41,26,10,4,15,13,100,-22,1,2019-04-23,Away,507,V,Brooklyn,15,16,33,36,100,230.0,229.5,327,2.5,2019,BKN_vs_PHI_42018,1,BKN_vs_PHI_42018_2019-04-23,PHI,4,1–4
42018,1610612755,PHI,Philadelphia 76ers,41800125,PHI vs. BKN,W,240,51,100,0.51,14,33,0.424,6,9,0.667,11,45,56,35,10,3,20,21,122,22,1,2019-04-23,Home,508,H,Philadelphia,32,28,35,27,122,7.5,9.5,-415,114,2019,BKN_vs_PHI_42018,4,BKN_vs_PHI_42018_2019-04-23,BKN,1,4–1
42017,1610612739,CLE,Cleveland Cavaliers,41700301,CLE @ BOS,L,240,31,86,0.36,4,26,0.154,17,20,0.85,9,31,40,18,4,3,10,12,83,-25,1,2018-05-13,Away,733,V,Cleveland,18,17,29,19,83,203,1,-120,6.5,2018,BOS_vs_CLE_42017,0,BOS_vs_CLE_42017_2018-05-13,BOS,1,0–1
42017,1610612738,BOS,Boston Celtics,41700301,BOS vs. CLE,W,240,43,84,0.512,11,30,0.367,11,13,0.846,6,42,48,27,6,4,11,17,108,25,1,2018-05-13,Home,734,H,Boston,36,25,17,30,108,1.5,204.5,100,100.5,2018,BOS_vs_CLE_42017,1,BOS_vs_CLE_42017_2018-05-13,CLE,0,1–0
42017,1610612738,BOS,Boston Celtics,41700302,BOS vs. CLE,W,240,40,92,0.435,10,31,0.323,17,20,0.85,11,35,46,24,8,2,6,18,107,13,1,2018-05-15,Home,702,H,Boston,23,25,36,23,107,pk,pk,-110,2.5,2018,BOS_vs_CLE_42017,2,BOS_vs_CLE_42017_2018-05-15,CLE,0,2–0
42017,1610612739,CLE,Cleveland Cavaliers,41700302,CLE @ BOS,L,240,37,80,0.463,10,31,0.323,10,17,0.588,8,37,45,18,2,5,15,21,94,-13,1,2018-05-15,Away,701,V,Cleveland,27,28,22,17,94,202.5,205,-110,102,2018,BOS_vs_CLE_42017,0,BOS_vs_CLE_42017_2018-05-15,BOS,2,0–2
42017,1610612739,CLE,Cleveland Cavaliers,41700303,CLE vs. BOS,W,240,37,76,0.487,17,34,0.5,25,30,0.833,8,37,45,23,9,3,15,23,116,30,1,2018-05-19,Home,704,H,Cleveland,32,29,26,29,116,5.5,7,-330,106,2018,BOS_vs_CLE_42017,1,BOS_vs_CLE_42017_2018-05-19,BOS,2,1–2
42017,1610612738,BOS,Boston Celtics,41700303,BOS @ CLE,L,240,29,74,0.392,6,22,0.273,22,28,0.786,6,28,34,16,4,4,15,25,86,-30,1,2018-05-19,Away,703,V,Boston,17,24,22,23,86,204.5,207,260,3.5,2018,BOS_vs_CLE_42017,2,BOS_vs_CLE_42017_2018-05-19,CLE,1,2–1
42017,1610612739,CLE,Cleveland Cavaliers,41700304,CLE vs. BOS,W,240,41,81,0.506,8,23,0.348,21,29,0.724,9,38,47,15,6,8,19,23,111,9,1,2018-05-21,Home,706,H,Cleveland,34,34,21,22,111,7,7,-315,106.5,2018,BOS_vs_CLE_42017,2,BOS_vs_CLE_42017_2018-05-21,BOS,2,2–2
42017,1610612738,BOS,Boston Celtics,41700304,BOS @ CLE,L,240,35,85,0.412,9,28,0.321,23,30,0.767,9,28,37,21,9,3,10,26,102,-9,1,2018-05-21,Away,705,V,Boston,18,35,23,26,102,206.5,204.5,256,1,2018,BOS_vs_CLE_42017,2,BOS_vs_CLE_42017_2018-05-21,CLE,2,2–2
42017,1610612739,CLE,Cleveland Cavaliers,41700305,CLE @ BOS,L,240,31,74,0.419,9,34,0.265,12,19,0.632,3,36,39,17,3,7,15,19,83,-13,1,2018-05-23,Away,707,V,Cleveland,19,23,18,23,83,206,204,110,3,2018,BOS_vs_CLE_42017,2,BOS_vs_CLE_42017_2018-05-23,BOS,3,2–3
42017,1610612738,BOS,Boston Celtics,41700305,BOS vs. CLE,W,240,31,85,0.365,13,39,0.333,21,23,0.913,7,38,45,18,10,6,10,19,96,13,1,2018-05-23,Home,708,H,Boston,32,21,23,20,96,1.5,2,-130,101,2018,BOS_vs_CLE_42017,3,BOS_vs_CLE_42017_2018-05-23,CLE,2,3–2
42017,1610612739,CLE,Cleveland Cavaliers,41700306,CLE vs. BOS,W,240,41,87,0.471,9,23,0.391,18,22,0.818,15,29,44,16,8,9,11,19,109,10,1,2018-05-25,Home,710,H,Cleveland,20,34,29,26,109,7,6.5,-310,103.5,2018,BOS_vs_CLE_42017,3,BOS_vs_CLE_42017_2018-05-25,BOS,3,3–3
42017,1610612738,BOS,Boston Celtics,41700306,BOS @ CLE,L,240,38,74,0.514,12,28,0.429,11,20,0.55,5,26,31,25,5,2,14,18,99,-10,1,2018-05-25,Away,709,V,Boston,25,18,30,26,99,201.5,202.5,252,1,2018,BOS_vs_CLE_42017,3,BOS_vs_CLE_42017_2018-05-25,CLE,3,3–3
42017,1610612738,BOS,Boston Celtics,41700307,BOS vs. CLE,L,240,29,85,0.341,7,39,0.179,14,19,0.737,11,31,42,18,6,0,6,20,79,-8,1,2018-05-27,Home,712,H,Boston,26,17,13,23,79,2.5,3.5,-160,1,2018,BOS_vs_CLE_42017,3,BOS_vs_CLE_42017_2018-05-27,CLE,4,3–4
42017,1610612739,CLE,Cleveland Cavaliers,41700307,CLE @ BOS,W,240,30,66,0.455,9,35,0.257,18,25,0.72,2,39,41,15,2,4,13,21,87,8,1,2018-05-27,Away,711,V,Cleveland,18,21,20,28,87,201.5,196.5,140,97,2018,BOS_vs_CLE_42017,4,BOS_vs_CLE_42017_2018-05-27,BOS,3,4–3
42021,1610612744,GSW,Golden State Warriors,42100401,GSW vs. BOS,L,240,39,88,0.443,19,45,0.422,11,15,0.733,12,27,39,24,8,6,14,16,108,-12,1,2022-06-02,Home,518,H,GoldenState,32,22,38,16,108,2,3.5,-165,3,2022,BOS_vs_GSW_42021,0,BOS_vs_GSW_42021_2022-06-02,BOS,1,0–1
42021,1610612738,BOS,Boston Celtics,42100401,BOS @ GSW,W,240,43,85,0.506,21,41,0.512,13,16,0.813,7,32,39,33,7,6,13,13,120,12,1,2022-06-02,Away,517,V,Boston,28,28,24,40,120,210.5,214.0,145,109,2022,BOS_vs_GSW_42021,1,BOS_vs_GSW_42021_2022-06-02,GSW,0,1–0
42021,1610612738,BOS,Boston Celtics,42100403,BOS vs. GSW,W,240,43,89,0.483,13,35,0.371,17,24,0.708,15,32,47,28,7,7,12,17,116,16,1,2022-06-08,Home,522,H,Boston,33,35,25,23,116,2.5,3.5,-155,106,2022,BOS_vs_GSW_42021,2,BOS_vs_GSW_42021_2022-06-08,GSW,0,2–0
42021,1610612744,GSW,Golden State Warriors,42100403,GSW @ BOS,L,240,36,78,0.462,15,40,0.375,13,15,0.867,6,25,31,22,7,5,17,23,100,-16,1,2022-06-08,Away,521,V,GoldenState,22,34,33,11,100,212.5,214.5,135,3,2022,BOS_vs_GSW_42021,0,BOS_vs_GSW_42021_2022-06-08,BOS,2,0–2
42021,1610612738,BOS,Boston Celtics,42100404,BOS vs. GSW,L,240,34,85,0.4,15,38,0.395,14,19,0.737,11,31,42,22,8,6,16,17,97,-10,1,2022-06-10,Home,524,H,Boston,28,26,24,19,97,2.5,4.0,-165,1,2022,BOS_vs_GSW_42021,2,BOS_vs_GSW_42021_2022-06-10,GSW,1,2–1
42021,1610612744,GSW,Golden State Warriors,42100404,GSW @ BOS,W,240,40,91,0.44,15,43,0.349,12,15,0.8,16,39,55,20,10,5,16,21,107,10,1,2022-06-10,Away,523,V,GoldenState,27,22,30,28,107,212.5,213.5,145,105.5,2022,BOS_vs_GSW_42021,1,BOS_vs_GSW_42021_2022-06-10,BOS,2,1–2
42021,1610612744,GSW,Golden State Warriors,42100405,GSW vs. BOS,W,240,41,88,0.466,9,40,0.225,13,15,0.867,4,35,39,23,9,2,7,28,104,10,1,2022-06-13,Home,526,H,Golden State,27,24,24,29,104,3.5,4.0,-165,107.5,2022,BOS_vs_GSW_42021,2,BOS_vs_GSW_42021_2022-06-13,BOS,2,2–2
42021,1610612738,BOS,Boston Celtics,42100405,BOS @ GSW,L,240,31,75,0.413,11,32,0.344,21,31,0.677,8,39,47,18,2,2,18,16,94,-10,1,2022-06-13,Away,525,V,Boston,16,23,35,20,94,212.5,211.0,145,2.5,2022,BOS_vs_GSW_42021,2,BOS_vs_GSW_42021_2022-06-13,GSW,2,2–2
42021,1610612744,GSW,Golden State Warriors,42100406,GSW @ BOS,W,240,38,92,0.413,19,46,0.413,8,8,1.0,15,29,44,27,13,7,17,20,103,13,1,2022-06-16,Away,527,V,Golden State,27,27,22,27,103,212.5,211.5,155,103.5,2022,BOS_vs_GSW_42021,3,BOS_vs_GSW_42021_2022-06-16,BOS,2,3–2
42021,1610612738,BOS,Boston Celtics,42100406,BOS vs. GSW,L,240,34,80,0.425,11,28,0.393,11,12,0.917,11,30,41,27,8,8,23,16,90,-13,1,2022-06-16,Home,528,H,Boston,22,17,27,24,90,2.5,4.0,-175,5.5,2022,BOS_vs_GSW_42021,2,BOS_vs_GSW_42021_2022-06-16,GSW,3,2–3
42018,1610612738,BOS,Boston Celtics,41800131,BOS vs. IND,W,240,28,77,0.364,10,28,0.357,18,22,0.818,7,48,55,18,8,2,20,20,84,10,1,2019-04-14,Home,512,H,Boston,20,18,26,20,84,7.0,8.0,-400,8,2019,BOS_vs_IND_42018,1,BOS_vs_IND_42018_2019-04-14,IND,0,1–0
42018,1610612754,IND,Indiana Pacers,41800131,IND @ BOS,L,240,28,84,0.333,6,27,0.222,12,21,0.571,9,33,42,22,8,5,13,20,74,-10,1,2019-04-14,Away,511,V,Indiana,20,25,8,21,74,209.5,210.0,300,104,2019,BOS_vs_IND_42018,0,BOS_vs_IND_42018_2019-04-14,BOS,1,0–1
42018,1610612754,IND,Indiana Pacers,41800132,IND @ BOS,L,240,36,81,0.444,13,34,0.382,6,10,0.6,4,32,36,23,11,3,12,16,91,-8,1,2019-04-17,Away,537,V,Indiana,33,17,29,12,91,204.0,207.0,275,102.5,2019,BOS_vs_IND_42018,0,BOS_vs_IND_42018_2019-04-17,BOS,2,0–2
42018,1610612738,BOS,Boston Celtics,41800132,BOS vs. IND,W,240,40,84,0.476,11,28,0.393,8,9,0.889,7,41,48,22,3,5,14,16,99,8,1,2019-04-17,Home,538,H,Boston,29,23,16,31,99,7.5,8.0,-350,4,2019,BOS_vs_IND_42018,2,BOS_vs_IND_42018_2019-04-17,IND,0,2–0
42018,1610612738,BOS,Boston Celtics,41800133,BOS @ IND,W,240,38,81,0.469,15,34,0.441,13,22,0.591,9,36,45,23,4,4,13,19,104,8,1,2019-04-19,Away,553,V,Boston,41,18,21,24,104,203.5,204.0,115,106,2019,BOS_vs_IND_42018,3,BOS_vs_IND_42018_2019-04-19,IND,0,3–0
42018,1610612754,IND,Indiana Pacers,41800133,IND vs. BOS,L,240,34,81,0.42,11,30,0.367,17,23,0.739,8,32,40,20,9,4,11,19,96,-8,1,2019-04-19,Home,554,H,Indiana,28,33,12,23,96,2.0,2.5,-135,pk,2019,BOS_vs_IND_42018,0,BOS_vs_IND_42018_2019-04-19,BOS,3,0–3
42018,1610612754,IND,Indiana Pacers,41800134,IND vs. BOS,L,240,36,88,0.409,10,28,0.357,24,28,0.857,11,32,43,18,5,2,12,25,106,-4,1,2019-04-21,Home,566,H,Indiana,23,26,23,34,106,203.0,204.5,140,104.5,2019,BOS_vs_IND_42018,0,BOS_vs_IND_42018_2019-04-21,BOS,4,0–4
42018,1610612738,BOS,Boston Celtics,41800134,BOS @ IND,W,240,36,78,0.462,11,28,0.393,27,34,0.794,7,36,43,18,7,1,17,23,110,4,1,2019-04-21,Away,565,V,Boston,21,26,26,37,110,1.0,3.5,-160,4,2019,BOS_vs_IND_42018,4,BOS_vs_IND_42018_2019-04-21,IND,0,4–0
42021,1610612738,BOS,Boston Celtics,42100301,BOS @ MIA,L,240,36,79,0.456,11,34,0.324,24,32,0.75,8,30,38,22,8,8,16,23,107,-11,1,2022-05-17,Away,535,V,Boston,28,34,14,31,107,206.5,203.0,175,105,2022,BOS_vs_MIA_42021,0,BOS_vs_MIA_42021_2022-05-17,MIA,1,0–1
42021,1610612748,MIA,Miami Heat,42100301,MIA vs. BOS,W,240,39,80,0.488,10,30,0.333,30,34,0.882,9,30,39,18,10,12,13,24,118,11,1,2022-05-17,Home,536,H,Miami,25,29,39,25,118,2.5,4.5,-200,5,2022,BOS_vs_MIA_42021,1,BOS_vs_MIA_42021_2022-05-17,BOS,0,1–0
42021,1610612738,BOS,Boston Celtics,42100302,BOS @ MIA,W,240,43,84,0.512,20,40,0.5,21,23,0.913,8,33,41,28,8,5,10,21,127,25,1,2022-05-19,Away,543,V,Boston,35,35,26,31,127,205.5,206.0,-105,105.5,2022,BOS_vs_MIA_42021,1,BOS_vs_MIA_42021_2022-05-19,MIA,1,1–1
42021,1610612748,MIA,Miami Heat,42100302,MIA vs. BOS,L,240,38,86,0.442,10,34,0.294,16,22,0.727,12,30,42,21,4,3,15,18,102,-25,1,2022-05-19,Home,544,H,Miami,24,21,26,31,102,4,1.0,-115,6.5,2022,BOS_vs_MIA_42021,1,BOS_vs_MIA_42021_2022-05-19,BOS,1,1–1
42021,1610612748,MIA,Miami Heat,42100303,MIA @ BOS,W,240,43,92,0.467,11,33,0.333,12,14,0.857,8,26,34,22,19,4,9,24,109,6,1,2022-05-21,Away,561,V,Miami,39,23,25,22,109,208.5,207.5,210,103.5,2022,BOS_vs_MIA_42021,2,BOS_vs_MIA_42021_2022-05-21,BOS,1,2–1
42021,1610612738,BOS,Boston Celtics,42100303,BOS vs. MIA,L,240,34,70,0.486,12,32,0.375,23,30,0.767,9,35,44,21,2,7,24,21,103,-6,1,2022-05-21,Home,562,H,Boston,18,29,25,31,103,6,5.5,-250,8,2022,BOS_vs_MIA_42021,1,BOS_vs_MIA_42021_2022-05-21,MIA,2,1–2
42021,1610612748,MIA,Miami Heat,42100304,MIA @ BOS,L,240,30,90,0.333,14,36,0.389,8,14,0.571,10,29,39,22,4,2,9,26,82,-20,1,2022-05-23,Away,565,V,Miami,11,22,19,30,82,208.5,205.5,225,3,2022,BOS_vs_MIA_42021,2,BOS_vs_MIA_42021_2022-05-23,BOS,2,2–2
42021,1610612738,BOS,Boston Celtics,42100304,BOS vs. MIA,W,240,31,78,0.397,8,34,0.235,32,38,0.842,14,46,60,21,4,11,11,15,102,20,1,2022-05-23,Home,566,H,Boston,29,28,19,26,102,6.5,6.5,-265,100,2022,BOS_vs_MIA_42021,2,BOS_vs_MIA_42021_2022-05-23,MIA,2,2–2
42021,1610612738,BOS,Boston Celtics,42100305,BOS @ MIA,W,240,33,71,0.465,10,33,0.303,17,23,0.739,6,40,46,24,5,7,15,19,93,13,1,2022-05-25,Away,501,V,Boston,17,20,32,24,93,1.5,3.5,-165,3,2022,BOS_vs_MIA_42021,3,BOS_vs_MIA_42021_2022-05-25,MIA,2,3–2
42021,1610612748,MIA,Miami Heat,42100305,MIA vs. BOS,L,240,30,94,0.319,7,45,0.156,13,14,0.929,19,30,49,14,7,2,12,19,80,-13,1,2022-05-25,Home,502,H,Miami,19,23,16,22,80,204,203.5,145,103.5,2022,BOS_vs_MIA_42021,2,BOS_vs_MIA_42021_2022-05-25,BOS,3,2–3
42021,1610612738,BOS,Boston Celtics,42100306,BOS vs. MIA,L,240,32,72,0.444,11,33,0.333,28,31,0.903,6,28,34,22,10,4,18,28,103,-8,1,2022-05-27,Home,506,H,Boston,22,24,29,28,103,9,8.5,-400,6.5,2022,BOS_vs_MIA_42021,3,BOS_vs_MIA_42021_2022-05-27,MIA,3,3–3
42021,1610612748,MIA,Miami Heat,42100306,MIA @ BOS,W,240,36,78,0.462,15,35,0.429,24,25,0.96,11,26,37,25,10,2,19,27,111,8,1,2022-05-27,Away,505,V,Miami,29,19,34,29,111,200,201.5,330,99,2022,BOS_vs_MIA_42021,3,BOS_vs_MIA_42021_2022-05-27,BOS,3,3–3
42021,1610612748,MIA,Miami Heat,42100307,MIA vs. BOS,L,240,37,88,0.42,6,30,0.2,16,24,0.667,7,37,44,16,4,5,10,18,96,-4,1,2022-05-29,Home,510,H,Miami,17,32,26,21,96,200.5,198.0,130,0.5,2022,BOS_vs_MIA_42021,3,BOS_vs_MIA_42021_2022-05-29,BOS,4,3–4
42021,1610612738,BOS,Boston Celtics,42100307,BOS @ MIA,W,240,35,85,0.412,11,32,0.344,19,24,0.792,10,41,51,22,4,6,13,26,100,4,1,2022-05-29,Away,509,V,Boston,32,23,27,18,100,2.5,3.0,-150,103,2022,BOS_vs_MIA_42021,4,BOS_vs_MIA_42021_2022-05-29,MIA,3,4–3
42017,1610612749,MIL,Milwaukee Bucks,41700111,MIL @ BOS,L,265,40,83,0.482,8,21,0.381,19,24,0.792,5,37,42,22,8,8,20,31,107,-6,1,2018-04-15,Away,509,V,Milwaukee,17,30,19,33,107,203,199,143,98.5,2018,BOS_vs_MIL_42017,0,BOS_vs_MIL_42017_2018-04-15,BOS,1,0–1
42017,1610612738,BOS,Boston Celtics,41700111,BOS vs. MIL,W,265,39,94,0.415,11,26,0.423,24,27,0.889,11,34,45,20,8,5,15,21,113,6,1,2018-04-15,Home,510,H,Boston,29,15,26,29,113,3.5,3.5,-163,4,2018,BOS_vs_MIL_42017,1,BOS_vs_MIL_42017_2018-04-15,MIL,0,1–0
42017,1610612738,BOS,Boston Celtics,41700112,BOS vs. MIL,W,240,48,90,0.533,13,31,0.419,11,18,0.611,9,29,38,24,10,6,7,16,120,14,1,2018-04-17,Home,708,H,Boston,33,27,30,30,120,3,pk,-110,99,2018,BOS_vs_MIL_42017,2,BOS_vs_MIL_42017_2018-04-17,MIL,0,2–0
42017,1610612749,MIL,Milwaukee Bucks,41700112,MIL @ BOS,L,240,46,77,0.597,7,17,0.412,7,17,0.412,7,31,38,19,3,4,15,19,106,-14,1,2018-04-17,Away,707,V,Milwaukee,22,29,24,31,106,199,199.5,-110,3,2018,BOS_vs_MIL_42017,0,BOS_vs_MIL_42017_2018-04-17,BOS,2,0–2
42017,1610612738,BOS,Boston Celtics,41700113,BOS @ MIL,L,240,32,80,0.4,8,24,0.333,20,28,0.714,17,28,45,17,3,1,18,15,92,-24,1,2018-04-20,Away,715,V,Boston,12,23,32,25,92,202.5,205.5,180,4.5,2018,BOS_vs_MIL_42017,2,BOS_vs_MIL_42017_2018-04-20,MIL,1,2–1
42017,1610612749,MIL,Milwaukee Bucks,41700113,MIL vs. BOS,W,240,45,79,0.57,16,33,0.485,10,15,0.667,7,30,37,28,8,12,9,27,116,24,1,2018-04-20,Home,716,H,Milwaukee,27,31,27,31,116,6,4.5,-220,105,2018,BOS_vs_MIL_42017,1,BOS_vs_MIL_42017_2018-04-20,BOS,2,1–2
42017,1610612738,BOS,Boston Celtics,41700114,BOS @ MIL,L,240,36,87,0.414,10,29,0.345,20,25,0.8,16,27,43,22,6,3,9,21,102,-2,1,2018-04-22,Away,501,V,Boston,17,18,32,35,102,206.5,203.5,200,1.5,2018,BOS_vs_MIL_42017,2,BOS_vs_MIL_42017_2018-04-22,MIL,2,2–2
42017,1610612749,MIL,Milwaukee Bucks,41700114,MIL vs. BOS,W,240,38,73,0.521,10,23,0.435,18,24,0.75,2,34,36,24,7,14,10,24,104,2,1,2018-04-22,Home,502,H,Milwaukee,24,27,24,29,104,5,6,-250,105,2018,BOS_vs_MIL_42017,2,BOS_vs_MIL_42017_2018-04-22,BOS,2,2–2
42017,1610612738,BOS,Boston Celtics,41700115,BOS vs. MIL,W,240,29,69,0.42,10,31,0.323,24,32,0.75,5,45,50,22,7,7,18,21,92,5,1,2018-04-24,Home,702,H,Boston,23,25,24,20,92,2.5,4.5,-195,101.5,2018,BOS_vs_MIL_42017,3,BOS_vs_MIL_42017_2018-04-24,MIL,2,3–2
42017,1610612749,MIL,Milwaukee Bucks,41700115,MIL @ BOS,L,240,32,87,0.368,9,33,0.273,14,20,0.7,7,30,37,21,10,3,11,23,87,-5,1,2018-04-24,Away,701,V,Milwaukee,15,22,24,26,87,204,202.5,165,1.5,2018,BOS_vs_MIL_42017,2,BOS_vs_MIL_42017_2018-04-24,BOS,3,2–3
42017,1610612749,MIL,Milwaukee Bucks,41700116,MIL vs. BOS,W,240,38,75,0.507,8,26,0.308,13,21,0.619,7,41,48,19,6,3,11,16,97,11,1,2018-04-26,Home,502,H,Milwaukee,22,26,26,23,97,5,4.5,-200,104,2018,BOS_vs_MIL_42017,3,BOS_vs_MIL_42017_2018-04-26,BOS,3,3–3
42017,1610612738,BOS,Boston Celtics,41700116,BOS @ MIL,L,240,30,81,0.37,10,36,0.278,16,19,0.842,6,33,39,18,3,3,9,19,86,-11,1,2018-04-26,Away,501,V,Boston,24,15,26,21,86,200,201.5,170,1,2018,BOS_vs_MIL_42017,3,BOS_vs_MIL_42017_2018-04-26,MIL,3,3–3
42017,1610612749,MIL,Milwaukee Bucks,41700117,MIL @ BOS,L,240,35,74,0.473,9,27,0.333,17,18,0.944,4,28,32,21,4,3,16,20,96,-16,1,2018-04-28,Away,701,V,Milwaukee,17,25,25,29,96,197,195.5,180,98.5,2018,BOS_vs_MIL_42017,3,BOS_vs_MIL_42017_2018-04-28,BOS,4,3–4
42017,1610612738,BOS,Boston Celtics,41700117,BOS vs. MIL,W,240,45,84,0.536,9,26,0.346,13,21,0.619,11,31,42,28,9,4,15,23,112,16,1,2018-04-28,Home,702,H,Boston,30,20,31,31,112,4.5,5,-220,pk,2018,BOS_vs_MIL_42017,4,BOS_vs_MIL_42017_2018-04-28,MIL,3,4–3
42018,1610612749,MIL,Milwaukee Bucks,41800201,MIL vs. BOS,L,240,31,89,0.348,13,39,0.333,15,24,0.625,7,37,44,19,6,2,11,11,90,-22,1,2019-04-28,Home,552,H,Milwaukee,17,33,21,19,90,7.5,8.0,-410,6,2019,BOS_vs_MIL_42018,0,BOS_vs_MIL_42018_2019-04-28,BOS,1,0–1
42018,1610612738,BOS,Boston Celtics,41800201,BOS @ MIL,W,240,47,87,0.54,13,31,0.419,5,8,0.625,3,48,51,25,5,11,13,21,112,22,1,2019-04-28,Away,551,V,Boston,26,26,36,24,112,224.0,223.0,326,114.5,2019,BOS_vs_MIL_42018,1,BOS_vs_MIL_42018_2019-04-28,MIL,0,1–0
42018,1610612738,BOS,Boston Celtics,41800202,BOS @ MIL,L,240,34,86,0.395,10,28,0.357,24,27,0.889,7,38,45,19,5,2,13,23,102,-21,1,2019-04-30,Away,571,V,Boston,30,25,18,29,102,220.5,219.0,278,112.5,2019,BOS_vs_MIL_42018,1,BOS_vs_MIL_42018_2019-04-30,MIL,1,1–1
42018,1610612749,MIL,Milwaukee Bucks,41800202,MIL vs. BOS,W,240,39,88,0.443,20,47,0.426,25,31,0.806,10,43,53,22,6,4,12,24,123,21,1,2019-04-30,Home,572,H,Milwaukee,25,34,39,25,123,7.5,8.0,-345,3,2019,BOS_vs_MIL_42018,1,BOS_vs_MIL_42018_2019-04-30,BOS,1,1–1
42018,1610612749,MIL,Milwaukee Bucks,41800203,MIL @ BOS,W,240,42,83,0.506,15,37,0.405,24,36,0.667,7,37,44,23,8,7,15,26,123,7,1,2019-05-03,Away,585,V,Milwaukee,25,30,40,28,123,220.0,220.0,118,112,2019,BOS_vs_MIL_42018,2,BOS_vs_MIL_42018_2019-05-03,BOS,1,2–1
42018,1610612738,BOS,Boston Celtics,41800203,BOS vs. MIL,L,240,35,81,0.432,16,40,0.4,30,32,0.938,6,38,44,24,9,3,18,27,116,-7,1,2019-05-03,Home,586,H,Boston,30,26,31,29,116,1.5,2.0,-138,1,2019,BOS_vs_MIL_42018,1,BOS_vs_MIL_42018_2019-05-03,MIL,2,1–2
42018,1610612738,BOS,Boston Celtics,41800204,BOS vs. MIL,L,240,34,90,0.378,9,41,0.22,24,30,0.8,9,42,51,25,3,5,11,20,101,-12,1,2019-05-06,Home,502,H,Boston,30,19,23,29,101,1.5,1.0,-112,113.5,2019,BOS_vs_MIL_42018,1,BOS_vs_MIL_42018_2019-05-06,MIL,3,1–3
42018,1610612749,MIL,Milwaukee Bucks,41800204,MIL @ BOS,W,240,44,100,0.44,8,37,0.216,17,25,0.68,11,45,56,25,4,5,7,25,113,12,1,2019-05-06,Away,501,V,Milwaukee,22,25,33,33,113,221.0,221.5,-108,0.5,2019,BOS_vs_MIL_42018,3,BOS_vs_MIL_42018_2019-05-06,BOS,1,3–1
42018,1610612738,BOS,Boston Celtics,41800205,BOS @ MIL,L,240,29,93,0.312,7,39,0.179,26,34,0.765,12,36,48,19,9,1,14,18,91,-25,2,2019-05-08,Away,509,V,Boston,19,20,23,29,91,217.5,220.5,303,112.5,2019,BOS_vs_MIL_42018,1,BOS_vs_MIL_42018_2019-05-08,MIL,4,1–4
42018,1610612749,MIL,Milwaukee Bucks,41800205,MIL vs. BOS,W,240,42,94,0.447,15,47,0.319,17,22,0.773,12,46,58,27,8,7,17,23,116,25,2,2019-05-08,Home,510,H,Milwaukee,22,30,28,36,116,9.0,8.5,-380,0.5,2019,BOS_vs_MIL_42018,4,BOS_vs_MIL_42018_2019-05-08,BOS,1,4–1
42021,1610612749,MIL,Milwaukee Bucks,42100211,MIL @ BOS,W,240,37,90,0.411,12,34,0.353,15,21,0.714,10,44,54,22,11,5,14,21,101,12,1,2022-05-01,Away,513,V,Milwaukee,27,29,22,23,101,218,218.0,170,113,2022,BOS_vs_MIL_42021,1,BOS_vs_MIL_42021_2022-05-01,BOS,0,1–0
42021,1610612738,BOS,Boston Celtics,42100211,BOS vs. MIL,L,240,28,84,0.333,18,50,0.36,15,20,0.75,10,38,48,21,8,7,18,25,89,-12,1,2022-05-01,Home,514,H,Boston,24,22,24,19,89,5,5.0,-190,5.5,2022,BOS_vs_MIL_42021,0,BOS_vs_MIL_42021_2022-05-01,MIL,1,0–1
42021,1610612738,BOS,Boston Celtics,42100212,BOS vs. MIL,W,240,38,80,0.475,20,43,0.465,13,15,0.867,7,33,40,28,10,5,16,23,109,23,1,2022-05-03,Home,532,H,Boston,32,33,18,26,109,4,4.0,-180,109.5,2022,BOS_vs_MIL_42021,1,BOS_vs_MIL_42021_2022-05-03,MIL,1,1–1
42021,1610612749,MIL,Milwaukee Bucks,42100212,MIL @ BOS,L,240,34,73,0.466,3,18,0.167,15,23,0.652,5,32,37,16,4,5,17,19,86,-23,1,2022-05-03,Away,531,V,Milwaukee,21,19,26,20,86,215,216.0,160,6,2022,BOS_vs_MIL_42021,1,BOS_vs_MIL_42021_2022-05-03,BOS,1,1–1
42021,1610612749,MIL,Milwaukee Bucks,42100213,MIL vs. BOS,W,240,40,99,0.404,9,34,0.265,14,17,0.824,13,40,53,20,8,4,12,26,103,2,1,2022-05-07,Home,572,H,Milwaukee,22,24,34,23,103,2.5,2.5,-130,2.5,2022,BOS_vs_MIL_42021,2,BOS_vs_MIL_42021_2022-05-07,BOS,1,2–1
42021,1610612738,BOS,Boston Celtics,42100213,BOS @ MIL,L,240,32,87,0.368,9,33,0.273,28,34,0.824,11,36,47,23,5,13,12,21,101,-2,1,2022-05-07,Away,571,V,Boston,19,31,17,34,101,213,212.0,110,109.5,2022,BOS_vs_MIL_42021,1,BOS_vs_MIL_42021_2022-05-07,MIL,2,1–2
42021,1610612738,BOS,Boston Celtics,42100214,BOS @ MIL,W,240,42,84,0.5,14,37,0.378,18,20,0.9,4,34,38,25,2,4,11,25,116,8,1,2022-05-09,Away,581,V,Boston,18,29,26,43,116,210,213.0,105,109,2022,BOS_vs_MIL_42021,2,BOS_vs_MIL_42021_2022-05-09,MIL,2,2–2
42021,1610612749,MIL,Milwaukee Bucks,42100214,MIL vs. BOS,L,240,39,94,0.415,9,27,0.333,21,27,0.778,13,35,48,18,6,3,8,17,108,-8,1,2022-05-09,Home,582,H,Milwaukee,25,23,32,28,108,1.5,1.5,-125,1,2022,BOS_vs_MIL_42021,2,BOS_vs_MIL_42021_2022-05-09,BOS,2,2–2
42021,1610612749,MIL,Milwaukee Bucks,42100215,MIL @ BOS,W,240,40,92,0.435,13,29,0.448,17,21,0.81,17,32,49,22,5,5,13,14,110,3,1,2022-05-11,Away,507,V,Milwaukee,28,19,30,33,110,214.5,211.5,180,108.5,2022,BOS_vs_MIL_42021,3,BOS_vs_MIL_42021_2022-05-11,BOS,2,3–2
42021,1610612738,BOS,Boston Celtics,42100215,BOS vs. MIL,L,240,42,82,0.512,10,31,0.323,13,15,0.867,5,31,36,25,6,7,10,19,107,-3,1,2022-05-11,Home,508,H,Boston,26,28,32,21,107,5.5,4.5,-210,pk,2022,BOS_vs_MIL_42021,2,BOS_vs_MIL_42021_2022-05-11,MIL,3,2–3
42021,1610612738,BOS,Boston Celtics,42100216,BOS @ MIL,W,240,38,87,0.437,17,43,0.395,15,23,0.652,8,34,42,22,5,7,8,17,108,13,1,2022-05-13,Away,515,V,Boston,28,25,29,26,108,212,212.5,105,109.5,2022,BOS_vs_MIL_42021,3,BOS_vs_MIL_42021_2022-05-13,MIL,3,3–3
42021,1610612749,MIL,Milwaukee Bucks,42100216,MIL vs. BOS,L,240,36,88,0.409,7,29,0.241,16,18,0.889,7,42,49,15,5,3,11,25,95,-13,1,2022-05-13,Home,516,H,Milwaukee,26,17,27,25,95,1.5,1.5,-125,4,2022,BOS_vs_MIL_42021,3,BOS_vs_MIL_42021_2022-05-13,BOS,3,3–3
42021,1610612749,MIL,Milwaukee Bucks,42100217,MIL @ BOS,L,240,33,90,0.367,4,33,0.121,11,16,0.688,11,45,56,20,5,5,13,18,81,-28,1,2022-05-15,Away,523,V,Milwaukee,26,17,21,17,81,210,204.5,200,105,2022,BOS_vs_MIL_42021,3,BOS_vs_MIL_42021_2022-05-15,BOS,4,3–4
42021,1610612738,BOS,Boston Celtics,42100217,BOS vs. MIL,W,240,37,88,0.42,22,55,0.4,13,18,0.722,8,40,48,29,5,7,14,19,109,28,1,2022-05-15,Home,524,H,Boston,20,28,31,30,109,5.5,5.0,-240,1.5,2022,BOS_vs_MIL_42021,4,BOS_vs_MIL_42021_2022-05-15,MIL,3,4–3
42017,1610612755,PHI,Philadelphia 76ers,41700211,PHI @ BOS,L,240,35,83,0.422,5,26,0.192,26,35,0.743,11,34,45,22,7,2,12,19,101,-16,1,2018-04-30,Away,555,V,Philadelphia,22,23,30,26,101,210,5,-220,6.5,2018,BOS_vs_PHI_42017,0,BOS_vs_PHI_42017_2018-04-30,BOS,1,0–1
42017,1610612738,BOS,Boston Celtics,41700211,BOS vs. PHI,W,240,41,85,0.482,17,35,0.486,18,19,0.947,5,31,36,27,4,4,10,21,117,16,1,2018-04-30,Home,556,H,Boston,25,31,31,30,117,pk,205.5,180,101.5,2018,BOS_vs_PHI_42017,1,BOS_vs_PHI_42017_2018-04-30,PHI,0,1–0
42017,1610612755,PHI,Philadelphia 76ers,41700212,PHI @ BOS,L,240,40,92,0.435,13,33,0.394,10,14,0.714,16,33,49,30,7,4,12,21,103,-5,2,2018-05-03,Away,509,V,Philadelphia,31,25,19,28,103,3.5,3.5,-180,0.5,2018,BOS_vs_PHI_42017,0,BOS_vs_PHI_42017_2018-05-03,BOS,2,0–2
42017,1610612738,BOS,Boston Celtics,41700212,BOS vs. PHI,W,240,37,82,0.451,15,36,0.417,19,24,0.792,5,36,41,23,7,3,9,16,108,5,2,2018-05-03,Home,510,H,Boston,22,29,28,29,108,207,206.5,150,102.5,2018,BOS_vs_PHI_42017,2,BOS_vs_PHI_42017_2018-05-03,PHI,0,2–0
42017,1610612738,BOS,Boston Celtics,41700213,BOS @ PHI,W,265,41,91,0.451,10,38,0.263,9,14,0.643,9,40,49,19,9,7,13,20,101,3,1,2018-05-05,Away,701,V,Boston,19,29,21,20,101,208,206,400,107,2018,BOS_vs_PHI_42017,3,BOS_vs_PHI_42017_2018-05-05,PHI,0,3–0
42017,1610612755,PHI,Philadelphia 76ers,41700213,PHI vs. BOS,L,265,38,97,0.392,9,30,0.3,13,18,0.722,13,37,50,23,8,5,15,14,98,-3,1,2018-05-05,Home,702,H,Philadelphia,20,31,17,21,98,10,9.5,-550,4.5,2018,BOS_vs_PHI_42017,0,BOS_vs_PHI_42017_2018-05-05,BOS,3,0–3
42017,1610612755,PHI,Philadelphia 76ers,41700214,PHI vs. BOS,W,240,38,94,0.404,7,26,0.269,20,26,0.769,16,37,53,24,6,3,10,23,103,11,1,2018-05-07,Home,502,H,Philadelphia,21,26,29,27,103,6,7,-330,2.5,2018,BOS_vs_PHI_42017,1,BOS_vs_PHI_42017_2018-05-07,BOS,3,1–3
42017,1610612738,BOS,Boston Celtics,41700214,BOS @ PHI,L,240,31,75,0.413,11,32,0.344,19,26,0.731,6,36,42,16,4,10,15,28,92,-11,1,2018-05-07,Away,501,V,Boston,22,21,22,27,92,204.5,206.5,260,106,2018,BOS_vs_PHI_42017,3,BOS_vs_PHI_42017_2018-05-07,PHI,1,3–1
42017,1610612738,BOS,Boston Celtics,41700215,BOS vs. PHI,W,240,38,85,0.447,7,20,0.35,31,41,0.756,13,26,39,18,12,3,11,24,114,2,1,2018-05-09,Home,712,H,Boston,25,36,22,31,114,pk,1.5,-125,105.5,2018,BOS_vs_PHI_42017,4,BOS_vs_PHI_42017_2018-05-09,PHI,1,4–1
42017,1610612755,PHI,Philadelphia 76ers,41700215,PHI @ BOS,L,240,40,82,0.488,8,21,0.381,24,31,0.774,12,36,48,26,5,6,17,31,112,-2,1,2018-05-09,Away,711,V,Philadelphia,24,28,30,30,112,205,204.5,105,2.5,2018,BOS_vs_PHI_42017,1,BOS_vs_PHI_42017_2018-05-09,BOS,4,1–4
42021,1610612749,MIL,Milwaukee Bucks,42100121,MIL vs. CHI,W,240,34,84,0.405,10,38,0.263,15,23,0.652,11,47,58,19,4,6,21,21,93,7,1,2022-04-17,Home,530,H,Milwaukee,34,17,23,19,93,9,10.5,-600,3.5,2022,CHI_vs_MIL_42021,1,CHI_vs_MIL_42021_2022-04-17,CHI,0,1–0
42021,1610612741,CHI,Chicago Bulls,42100121,CHI @ MIL,L,240,31,96,0.323,7,37,0.189,17,19,0.895,16,37,53,17,10,3,11,22,86,-7,1,2022-04-17,Away,529,V,Chicago,21,22,28,15,86,229.5,230.0,450,116.5,2022,CHI_vs_MIL_42021,0,CHI_vs_MIL_42021_2022-04-17,MIL,1,0–1
42021,1610612741,CHI,Chicago Bulls,42100122,CHI @ MIL,W,240,44,89,0.494,12,25,0.48,14,15,0.933,6,37,43,25,7,5,13,20,114,4,1,2022-04-20,Away,565,V,Chicago,29,34,24,27,114,225,225.0,400,114,2022,CHI_vs_MIL_42021,1,CHI_vs_MIL_42021_2022-04-20,MIL,1,1–1
42021,1610612749,MIL,Milwaukee Bucks,42100122,MIL vs. CHI,L,240,38,82,0.463,14,36,0.389,20,31,0.645,9,35,44,27,4,6,15,17,110,-4,1,2022-04-20,Home,566,H,Milwaukee,28,21,31,30,110,10,10.0,-500,10,2022,CHI_vs_MIL_42021,1,CHI_vs_MIL_42021_2022-04-20,CHI,1,1–1
42021,1610612741,CHI,Chicago Bulls,42100123,CHI vs. MIL,L,240,33,84,0.393,9,34,0.265,6,10,0.6,5,38,43,22,5,2,13,15,81,-30,1,2022-04-22,Home,504,H,Chicago,17,24,18,22,81,223.5,222.0,125,4,2022,CHI_vs_MIL_42021,1,CHI_vs_MIL_42021_2022-04-22,MIL,2,1–2
42021,1610612749,MIL,Milwaukee Bucks,42100123,MIL @ CHI,W,240,43,91,0.473,15,41,0.366,10,14,0.714,9,46,55,27,8,6,10,15,111,30,1,2022-04-22,Away,503,V,Milwaukee,33,27,30,21,111,1.5,2.5,-145,114,2022,CHI_vs_MIL_42021,2,CHI_vs_MIL_42021_2022-04-22,CHI,1,2–1
42021,1610612741,CHI,Chicago Bulls,42100124,CHI vs. MIL,L,240,35,90,0.389,9,36,0.25,16,17,0.941,8,36,44,27,5,3,12,18,95,-24,1,2022-04-24,Home,522,H,Chicago,22,19,33,21,95,219,219.5,160,2.5,2022,CHI_vs_MIL_42021,1,CHI_vs_MIL_42021_2022-04-24,MIL,3,1–3
42021,1610612749,MIL,Milwaukee Bucks,42100124,MIL @ CHI,W,240,45,86,0.523,17,33,0.515,12,18,0.667,5,46,51,21,6,4,15,23,119,24,1,2022-04-24,Away,521,V,Milwaukee,25,31,34,29,119,4,4.5,-180,111,2022,CHI_vs_MIL_42021,3,CHI_vs_MIL_42021_2022-04-24,CHI,1,3–1
42021,1610612749,MIL,Milwaukee Bucks,42100125,MIL vs. CHI,W,240,43,87,0.494,14,36,0.389,16,20,0.8,7,44,51,23,10,2,16,13,116,16,1,2022-04-27,Home,554,H,Milwaukee,34,26,31,25,116,10.5,12.5,-1000,2,2022,CHI_vs_MIL_42021,4,CHI_vs_MIL_42021_2022-04-27,CHI,1,4–1
42021,1610612741,CHI,Chicago Bulls,42100125,CHI @ MIL,L,240,39,92,0.424,15,52,0.288,7,11,0.636,6,31,37,24,12,3,16,18,100,-16,1,2022-04-27,Away,553,V,Chicago,18,24,26,32,100,218.5,217.5,650,111.5,2022,CHI_vs_MIL_42021,1,CHI_vs_MIL_42021_2022-04-27,MIL,4,1–4
42017,1610612739,CLE,Cleveland Cavaliers,41700401,CLE @ GSW,L,265,44,99,0.444,10,37,0.27,16,22,0.727,19,34,53,18,5,3,12,18,114,-10,1,2018-05-31,Away,501,V,Cleveland,30,26,22,29,114,215.5,218,664,107.5,2018,CLE_vs_GSW_42017,0,CLE_vs_GSW_42017_2018-05-31,GSW,1,0–1
42017,1610612744,GSW,Golden State Warriors,41700401,GSW vs. CLE,W,265,46,90,0.511,13,36,0.361,19,20,0.95,4,34,38,31,10,6,8,18,124,10,1,2018-05-31,Home,502,H,GoldenState,29,27,28,23,124,11.5,13,-1000,9.5,2018,CLE_vs_GSW_42017,1,CLE_vs_GSW_42017_2018-05-31,CLE,0,1–0
42017,1610612744,GSW,Golden State Warriors,41700402,GSW vs. CLE,W,240,47,82,0.573,15,36,0.417,13,21,0.619,7,34,41,28,3,8,12,25,122,19,1,2018-06-03,Home,504,H,GoldenState,32,27,31,32,122,12.5,11.5,-600,3.5,2018,CLE_vs_GSW_42017,2,CLE_vs_GSW_42017_2018-06-03,CLE,0,2–0
42017,1610612739,CLE,Cleveland Cavaliers,41700402,CLE @ GSW,L,240,37,90,0.411,9,27,0.333,20,26,0.769,16,26,42,25,9,4,11,15,103,-19,1,2018-06-03,Away,503,V,Cleveland,28,18,34,23,103,216,216,447,106,2018,CLE_vs_GSW_42017,0,CLE_vs_GSW_42017_2018-06-03,GSW,2,0–2
42017,1610612744,GSW,Golden State Warriors,41700403,GSW @ CLE,W,240,42,81,0.519,9,26,0.346,17,19,0.895,6,31,37,27,6,5,11,20,110,8,1,2018-06-06,Away,505,V,GoldenState,28,24,31,27,110,5,3,-150,5,2018,CLE_vs_GSW_42017,3,CLE_vs_GSW_42017_2018-06-06,CLE,0,3–0
42017,1610612739,CLE,Cleveland Cavaliers,41700403,CLE vs. GSW,L,240,40,92,0.435,9,31,0.29,13,17,0.765,15,32,47,20,6,4,14,18,102,-8,1,2018-06-06,Home,506,H,Cleveland,29,29,23,21,102,217.5,216,130,107,2018,CLE_vs_GSW_42017,0,CLE_vs_GSW_42017_2018-06-06,GSW,3,0–3
42017,1610612739,CLE,Cleveland Cavaliers,41700404,CLE vs. GSW,L,240,30,87,0.345,8,27,0.296,17,25,0.68,17,27,44,21,5,5,11,22,85,-23,1,2018-06-08,Home,508,H,Cleveland,25,27,13,20,85,216,216.5,155,107,2018,CLE_vs_GSW_42017,0,CLE_vs_GSW_42017_2018-06-08,GSW,4,0–4
42017,1610612744,GSW,Golden State Warriors,41700404,GSW @ CLE,W,240,39,86,0.453,14,38,0.368,16,16,1.0,10,34,44,25,7,13,10,24,108,23,1,2018-06-08,Away,507,V,GoldenState,34,27,25,22,108,5.5,4.5,-180,1,2018,CLE_vs_GSW_42017,4,CLE_vs_GSW_42017_2018-06-08,CLE,0,4–0
42017,1610612739,CLE,Cleveland Cavaliers,41700131,CLE vs. IND,L,240,30,78,0.385,8,34,0.235,12,20,0.6,9,37,46,21,7,4,17,23,80,-18,1,2018-04-15,Home,512,H,Cleveland,14,24,27,15,80,6.5,7,-370,10.5,2018,CLE_vs_IND_42017,0,CLE_vs_IND_42017_2018-04-15,IND,1,0–1
42017,1610612754,IND,Indiana Pacers,41700131,IND @ CLE,W,240,36,79,0.456,11,28,0.393,15,25,0.6,8,36,44,19,12,4,11,21,98,18,1,2018-04-15,Away,511,V,Indiana,33,22,18,25,98,216.5,212.5,296,105.5,2018,CLE_vs_IND_42017,1,CLE_vs_IND_42017_2018-04-15,CLE,0,1–0
42017,1610612739,CLE,Cleveland Cavaliers,41700132,CLE vs. IND,W,240,37,73,0.507,11,28,0.393,15,22,0.682,6,24,30,15,8,2,15,19,100,3,1,2018-04-18,Home,518,H,Cleveland,33,25,16,26,100,7,8,-450,0.5,2018,CLE_vs_IND_42017,1,CLE_vs_IND_42017_2018-04-18,IND,1,1–1
42017,1610612754,IND,Indiana Pacers,41700132,IND @ CLE,L,240,41,78,0.526,6,22,0.273,9,12,0.75,5,31,36,22,8,3,17,23,97,-3,1,2018-04-18,Away,517,V,Indiana,18,28,21,30,97,208.5,212.5,350,105,2018,CLE_vs_IND_42017,1,CLE_vs_IND_42017_2018-04-18,CLE,1,1–1
42017,1610612754,IND,Indiana Pacers,41700133,IND vs. CLE,W,240,34,73,0.466,8,26,0.308,16,20,0.8,7,30,37,17,8,3,20,22,92,2,1,2018-04-20,Home,712,H,Indiana,20,20,23,29,92,2,1.5,-125,5.5,2018,CLE_vs_IND_42017,2,CLE_vs_IND_42017_2018-04-20,CLE,1,2–1
42017,1610612739,CLE,Cleveland Cavaliers,41700133,CLE @ IND,L,240,34,77,0.442,10,32,0.313,12,16,0.75,9,27,36,17,11,3,17,23,90,-2,1,2018-04-20,Away,711,V,Cleveland,31,26,12,21,90,208.5,209.5,105,102,2018,CLE_vs_IND_42017,1,CLE_vs_IND_42017_2018-04-20,IND,2,1–2
42017,1610612739,CLE,Cleveland Cavaliers,41700134,CLE @ IND,W,240,35,78,0.449,12,34,0.353,22,26,0.846,8,37,45,17,4,7,11,18,104,4,1,2018-04-22,Away,507,V,Cleveland,30,30,20,24,104,205.5,1.5,-135,102,2018,CLE_vs_IND_42017,2,CLE_vs_IND_42017_2018-04-22,IND,2,2–2
42017,1610612754,IND,Indiana Pacers,41700134,IND vs. CLE,L,240,40,93,0.43,12,33,0.364,8,13,0.615,11,36,47,25,7,5,9,19,100,-4,1,2018-04-22,Home,508,H,Indiana,24,26,28,22,100,1.5,206.5,115,3,2018,CLE_vs_IND_42017,2,CLE_vs_IND_42017_2018-04-22,CLE,2,2–2
42017,1610612754,IND,Indiana Pacers,41700135,IND @ CLE,L,240,34,71,0.479,6,20,0.3,21,27,0.778,7,27,34,23,7,3,17,22,95,-3,1,2018-04-25,Away,711,V,Indiana,25,31,17,22,95,205,206,260,101,2018,CLE_vs_IND_42017,2,CLE_vs_IND_42017_2018-04-25,CLE,3,2–3
42017,1610612739,CLE,Cleveland Cavaliers,41700135,CLE vs. IND,W,240,31,75,0.413,10,32,0.313,26,27,0.963,10,27,37,16,6,3,14,21,98,3,1,2018-04-25,Home,712,H,Cleveland,23,26,32,17,98,6.5,6.5,-330,6,2018,CLE_vs_IND_42017,3,CLE_vs_IND_42017_2018-04-25,IND,2,3–2
42017,1610612754,IND,Indiana Pacers,41700136,IND vs. CLE,W,240,49,87,0.563,15,30,0.5,8,14,0.571,9,36,45,27,9,1,7,18,121,34,1,2018-04-27,Home,512,H,Indiana,29,28,35,29,121,1.5,1.5,-130,99,2018,CLE_vs_IND_42017,3,CLE_vs_IND_42017_2018-04-27,CLE,3,3–3
42017,1610612739,CLE,Cleveland Cavaliers,41700136,CLE @ IND,L,240,33,79,0.418,12,38,0.316,9,16,0.563,7,26,33,16,4,2,15,17,87,-34,1,2018-04-27,Away,511,V,Cleveland,26,21,20,20,87,204,202,110,3,2018,CLE_vs_IND_42017,3,CLE_vs_IND_42017_2018-04-27,IND,3,3–3
42017,1610612754,IND,Indiana Pacers,41700137,IND @ CLE,L,240,36,80,0.45,10,31,0.323,19,24,0.792,10,27,37,15,6,0,11,28,101,-4,1,2018-04-29,Away,705,V,Indiana,19,24,31,27,101,200,200.5,211,1,2018,CLE_vs_IND_42017,3,CLE_vs_IND_42017_2018-04-29,CLE,4,3–4
42017,1610612739,CLE,Cleveland Cavaliers,41700137,CLE vs. IND,W,240,32,74,0.432,10,29,0.345,31,40,0.775,15,29,44,18,6,4,12,21,105,4,1,2018-04-29,Home,706,H,Cleveland,31,23,22,29,105,5.5,5,-255,100,2018,CLE_vs_IND_42017,4,CLE_vs_IND_42017_2018-04-29,IND,3,4–3
42017,1610612739,CLE,Cleveland Cavaliers,41700201,CLE @ TOR,W,265,42,102,0.412,14,35,0.4,15,21,0.714,13,32,45,25,5,5,6,23,113,1,1,2018-05-01,Away,557,V,Cleveland,19,38,25,23,113,218,213.5,225,106,2018,CLE_vs_TOR_42017,1,CLE_vs_TOR_42017_2018-05-01,TOR,0,1–0
42017,1610612761,TOR,Toronto Raptors,41700201,TOR vs. CLE,L,265,39,91,0.429,9,28,0.321,25,31,0.806,15,35,50,26,2,6,14,22,112,-1,1,2018-05-01,Home,558,H,Toronto,33,27,27,18,112,5.5,7,-275,3.5,2018,CLE_vs_TOR_42017,0,CLE_vs_TOR_42017_2018-05-01,CLE,1,0–1
42017,1610612761,TOR,Toronto Raptors,41700202,TOR vs. CLE,L,240,44,81,0.543,12,30,0.4,10,11,0.909,5,30,35,26,2,2,11,24,110,-18,2,2018-05-03,Home,512,H,Toronto,29,34,24,23,110,6,6.5,-300,3.5,2018,CLE_vs_TOR_42017,0,CLE_vs_TOR_42017_2018-05-03,CLE,2,0–2
42017,1610612739,CLE,Cleveland Cavaliers,41700202,CLE @ TOR,W,240,50,84,0.595,11,26,0.423,17,23,0.739,5,29,34,25,5,3,3,14,128,18,2,2018-05-03,Away,511,V,Cleveland,26,35,37,30,128,212.5,213,240,104.5,2018,CLE_vs_TOR_42017,2,CLE_vs_TOR_42017_2018-05-03,TOR,0,2–0
42017,1610612739,CLE,Cleveland Cavaliers,41700203,CLE vs. TOR,W,240,38,79,0.481,9,25,0.36,20,25,0.8,6,30,36,18,7,4,12,19,105,2,1,2018-05-05,Home,704,H,Cleveland,24,31,24,26,105,3.5,4.5,-200,105,2018,CLE_vs_TOR_42017,3,CLE_vs_TOR_42017_2018-05-05,TOR,0,3–0
42017,1610612761,TOR,Toronto Raptors,41700203,TOR @ CLE,L,240,35,75,0.467,13,33,0.394,20,25,0.8,12,29,41,14,5,11,17,28,103,-2,1,2018-05-05,Away,703,V,Toronto,19,21,25,38,103,217,214.5,170,2.5,2018,CLE_vs_TOR_42017,0,CLE_vs_TOR_42017_2018-05-05,CLE,3,0–3
42017,1610612761,TOR,Toronto Raptors,41700204,TOR @ CLE,L,240,36,79,0.456,4,15,0.267,17,23,0.739,9,23,32,19,3,5,13,24,93,-35,1,2018-05-07,Away,503,V,Toronto,26,21,25,21,93,213,213,180,2,2018,CLE_vs_TOR_42017,0,CLE_vs_TOR_42017_2018-05-07,CLE,4,0–4
42017,1610612739,CLE,Cleveland Cavaliers,41700204,CLE vs. TOR,W,240,50,84,0.595,12,26,0.462,16,20,0.8,6,31,37,29,9,5,11,21,128,35,1,2018-05-07,Home,504,H,Cleveland,30,33,37,28,128,5.5,5,-220,103.5,2018,CLE_vs_TOR_42017,4,CLE_vs_TOR_42017_2018-05-07,TOR,0,4–0
42021,1610612744,GSW,Golden State Warriors,42100311,GSW vs. DAL,W,240,46,82,0.561,10,29,0.345,10,16,0.625,7,44,51,24,8,7,15,22,112,25,1,2022-05-18,Home,540,H,GoldenState,28,26,34,24,112,5.5,5.5,-240,0.5,2022,DAL_vs_GSW_42021,1,DAL_vs_GSW_42021_2022-05-18,DAL,0,1–0
42021,1610612742,DAL,Dallas Mavericks,42100311,DAL @ GSW,L,240,31,86,0.36,11,48,0.229,14,21,0.667,9,26,35,14,7,1,13,17,87,-25,1,2022-05-18,Away,539,V,Dallas,18,27,24,18,87,214.5,216.5,200,105,2022,DAL_vs_GSW_42021,0,DAL_vs_GSW_42021_2022-05-18,GSW,1,0–1
42021,1610612744,GSW,Golden State Warriors,42100312,GSW vs. DAL,W,240,46,82,0.561,14,28,0.5,20,25,0.8,8,35,43,33,4,2,16,26,126,9,1,2022-05-20,Home,648,H,GoldenState,25,5,53,43,126,6.5,6.0,-250,7,2022,DAL_vs_GSW_42021,2,DAL_vs_GSW_42021_2022-05-20,DAL,0,2–0
42021,1610612742,DAL,Dallas Mavericks,42100312,DAL @ GSW,L,240,37,78,0.474,21,45,0.467,22,29,0.759,4,26,30,22,7,5,12,20,117,-9,1,2022-05-20,Away,647,V,Dallas,32,6,47,32,117,214,214.5,210,107,2022,DAL_vs_GSW_42021,0,DAL_vs_GSW_42021_2022-05-20,GSW,2,0–2
42021,1610612742,DAL,Dallas Mavericks,42100313,DAL vs. GSW,L,240,30,75,0.4,13,45,0.289,27,34,0.794,7,26,33,18,4,2,9,18,100,-9,1,2022-05-22,Home,564,H,Dallas,22,25,21,32,100,2,3.0,-165,pk,2022,DAL_vs_GSW_42021,0,DAL_vs_GSW_42021_2022-05-22,GSW,3,0–3
42021,1610612744,GSW,Golden State Warriors,42100313,GSW @ DAL,W,240,38,81,0.469,11,32,0.344,22,25,0.88,14,33,47,28,5,1,13,23,109,9,1,2022-05-22,Away,563,V,GoldenState,25,23,30,31,109,218.5,217.0,145,105.5,2022,DAL_vs_GSW_42021,3,DAL_vs_GSW_42021_2022-05-22,DAL,0,3–0
42021,1610612744,GSW,Golden State Warriors,42100314,GSW @ DAL,L,240,41,84,0.488,10,28,0.357,17,26,0.654,6,36,42,26,5,4,8,18,109,-10,1,2022-05-24,Away,567,V,GoldenState,24,23,23,39,109,215.5,215.5,105,4.5,2022,DAL_vs_GSW_42021,3,DAL_vs_GSW_42021_2022-05-24,DAL,1,3–1
42021,1610612742,DAL,Dallas Mavericks,42100314,DAL vs. GSW,W,240,41,82,0.5,20,43,0.465,17,22,0.773,4,41,45,30,4,6,8,19,119,10,1,2022-05-24,Home,568,H,Dallas,28,34,37,20,119,1,1.5,-125,105.5,2022,DAL_vs_GSW_42021,1,DAL_vs_GSW_42021_2022-05-24,GSW,3,1–3
42021,1610612742,DAL,Dallas Mavericks,42100315,DAL @ GSW,L,240,37,82,0.451,17,42,0.405,19,25,0.76,6,28,34,22,6,4,8,18,110,-10,1,2022-05-26,Away,503,V,Dallas,23,29,32,26,110,216.5,215.0,240,1.5,2022,DAL_vs_GSW_42021,1,DAL_vs_GSW_42021_2022-05-26,GSW,4,1–4
42021,1610612744,GSW,Golden State Warriors,42100315,GSW vs. DAL,W,240,45,88,0.511,14,36,0.389,16,16,1.0,14,37,51,36,6,3,11,20,120,10,1,2022-05-26,Home,504,H,GoldenState,28,41,25,26,120,7.5,6.5,-280,105,2022,DAL_vs_GSW_42021,4,DAL_vs_GSW_42021_2022-05-26,DAL,1,4–1
42020,1610612746,LAC,LA Clippers,42000171,LAC vs. DAL,L,240,37,84,0.44,11,40,0.275,18,24,0.75,13,26,39,22,7,7,5,21,103,-10,1,2021-05-22,Home,510,H,LAClippers,30,25,25,23,103,6.5,6,-250,6.5,2021,DAL_vs_LAC_42020,0,DAL_vs_LAC_42020_2021-05-22,DAL,1,0–1
42020,1610612742,DAL,Dallas Mavericks,42000171,DAL @ LAC,W,240,38,76,0.5,17,36,0.472,20,26,0.769,10,32,42,22,2,3,13,21,113,10,1,2021-05-22,Away,509,V,Dallas,33,27,26,27,113,223,217.5,210,107,2021,DAL_vs_LAC_42020,1,DAL_vs_LAC_42020_2021-05-22,LAC,0,1–0
42020,1610612746,LAC,LA Clippers,42000172,LAC vs. DAL,L,240,45,84,0.536,13,33,0.394,18,20,0.9,9,30,39,23,7,3,14,22,121,-6,1,2021-05-25,Home,536,H,LAClippers,33,40,19,29,121,6,7,-310,3.5,2021,DAL_vs_LAC_42020,0,DAL_vs_LAC_42020_2021-05-25,DAL,2,0–2
42020,1610612742,DAL,Dallas Mavericks,42000172,DAL @ LAC,W,240,48,82,0.585,18,34,0.529,13,24,0.542,4,30,34,25,8,4,11,19,127,6,1,2021-05-25,Away,535,V,Dallas,35,36,30,26,127,216,215.5,260,107.5,2021,DAL_vs_LAC_42020,2,DAL_vs_LAC_42020_2021-05-25,LAC,0,2–0
42020,1610612746,LAC,LA Clippers,42000173,LAC @ DAL,W,240,44,76,0.579,13,31,0.419,17,18,0.944,7,32,39,24,4,4,11,21,118,10,1,2021-05-28,Away,565,V,LAClippers,31,32,26,29,118,1.5,2.5,-155,1,2021,DAL_vs_LAC_42020,1,DAL_vs_LAC_42020_2021-05-28,DAL,2,1–2
42020,1610612742,DAL,Dallas Mavericks,42000173,DAL vs. LAC,L,240,38,86,0.442,20,39,0.513,12,18,0.667,13,20,33,17,4,2,10,17,108,-10,1,2021-05-28,Home,566,H,Dallas,34,27,25,22,108,220.5,219,135,106.5,2021,DAL_vs_LAC_42020,2,DAL_vs_LAC_42020_2021-05-28,LAC,1,2–1
42020,1610612746,LAC,LA Clippers,42000174,LAC @ DAL,W,240,37,77,0.481,13,33,0.394,19,25,0.76,9,44,53,16,7,6,12,25,106,25,1,2021-05-30,Away,507,V,LAClippers,31,30,21,24,106,3,3.5,-160,106.5,2021,DAL_vs_LAC_42020,2,DAL_vs_LAC_42020_2021-05-30,DAL,2,2–2
42020,1610612742,DAL,Dallas Mavericks,42000174,DAL vs. LAC,L,240,31,89,0.348,5,30,0.167,14,22,0.636,10,31,41,15,3,1,8,20,81,-25,1,2021-05-30,Home,508,H,Dallas,22,23,15,21,81,222.5,219.5,140,2.5,2021,DAL_vs_LAC_42020,2,DAL_vs_LAC_42020_2021-05-30,LAC,2,2–2
42020,1610612746,LAC,LA Clippers,42000175,LAC vs. DAL,L,240,33,80,0.413,14,38,0.368,20,25,0.8,10,37,47,25,5,10,12,20,100,-5,1,2021-06-02,Home,534,H,LAClippers,28,26,21,25,100,7,7.5,-340,6,2021,DAL_vs_LAC_42020,2,DAL_vs_LAC_42020_2021-06-02,DAL,3,2–3
42020,1610612742,DAL,Dallas Mavericks,42000175,DAL @ LAC,W,240,37,89,0.416,14,36,0.389,17,19,0.895,11,34,45,21,9,2,9,23,105,5,1,2021-06-02,Away,533,V,Dallas,35,21,33,16,105,217.5,217.5,280,106,2021,DAL_vs_LAC_42020,3,DAL_vs_LAC_42020_2021-06-02,LAC,2,3–2
42020,1610612742,DAL,Dallas Mavericks,42000176,DAL vs. LAC,L,240,37,89,0.416,11,34,0.324,12,14,0.857,8,34,42,23,9,2,12,21,97,-7,1,2021-06-04,Home,558,H,Dallas,28,17,32,20,97,216.5,215.5,125,105,2021,DAL_vs_LAC_42020,3,DAL_vs_LAC_42020_2021-06-04,LAC,3,3–3
42020,1610612746,LAC,LA Clippers,42000176,LAC @ DAL,W,240,36,77,0.468,10,34,0.294,22,28,0.786,6,36,42,18,7,3,14,14,104,7,1,2021-06-04,Away,557,V,LAClippers,26,22,25,31,104,3,3,-145,1,2021,DAL_vs_LAC_42020,3,DAL_vs_LAC_42020_2021-06-04,DAL,3,3–3
42020,1610612746,LAC,LA Clippers,42000177,LAC vs. DAL,W,240,41,82,0.5,20,43,0.465,24,24,1.0,8,27,35,30,11,2,9,21,126,15,1,2021-06-06,Home,574,H,LAClippers,35,35,30,26,126,6.5,6.5,-265,1,2021,DAL_vs_LAC_42020,4,DAL_vs_LAC_42020_2021-06-06,DAL,3,4–3
42020,1610612742,DAL,Dallas Mavericks,42000177,DAL @ LAC,L,240,45,91,0.495,10,36,0.278,11,17,0.647,16,31,47,22,4,1,14,21,111,-15,1,2021-06-06,Away,573,V,Dallas,38,24,23,26,111,214.5,211.5,225,104,2021,DAL_vs_LAC_42020,3,DAL_vs_LAC_42020_2021-06-06,LAC,4,3–4
42021,1610612756,PHX,Phoenix Suns,42100221,PHX vs. DAL,W,240,46,91,0.505,11,28,0.393,18,18,1.0,13,38,51,27,3,6,10,21,121,7,1,2022-05-02,Home,524,H,Phoenix,35,34,27,25,121,6,6.0,-240,107,2022,DAL_vs_PHX_42021,1,DAL_vs_PHX_42021_2022-05-02,DAL,0,1–0
42021,1610612742,DAL,Dallas Mavericks,42100221,DAL @ PHX,L,240,40,85,0.471,16,39,0.41,18,25,0.72,7,29,36,16,6,2,9,22,114,-7,1,2022-05-02,Away,523,V,Dallas,25,31,23,35,114,212.5,214.5,200,1,2022,DAL_vs_PHX_42021,0,DAL_vs_PHX_42021_2022-05-02,PHX,1,0–1
42021,1610612756,PHX,Phoenix Suns,42100222,PHX vs. DAL,W,240,49,76,0.645,13,25,0.52,18,21,0.857,4,30,34,28,6,6,17,28,129,20,1,2022-05-04,Home,544,H,Phoenix,32,26,31,40,129,6,6.0,-250,5.5,2022,DAL_vs_PHX_42021,2,DAL_vs_PHX_42021_2022-05-04,DAL,0,2–0
42021,1610612742,DAL,Dallas Mavericks,42100222,DAL @ PHX,L,240,36,79,0.456,17,41,0.415,20,24,0.833,7,18,25,19,7,1,17,26,109,-20,1,2022-05-04,Away,543,V,Dallas,28,32,23,26,109,216,217.5,210,106.5,2022,DAL_vs_PHX_42021,0,DAL_vs_PHX_42021_2022-05-04,PHX,2,0–2
42021,1610612756,PHX,Phoenix Suns,42100223,PHX @ DAL,L,240,34,76,0.447,13,28,0.464,13,15,0.867,9,36,45,23,5,1,17,14,94,-9,1,2022-05-06,Away,551,V,Phoenix,20,24,23,27,94,1,217.5,105,3,2022,DAL_vs_PHX_42021,2,DAL_vs_PHX_42021_2022-05-06,DAL,1,2–1
42021,1610612742,DAL,Dallas Mavericks,42100223,DAL vs. PHX,W,240,40,90,0.444,13,39,0.333,10,13,0.769,8,28,36,25,12,4,8,19,103,9,1,2022-05-06,Home,552,H,Dallas,29,22,31,21,103,219.5,1.0,-125,111,2022,DAL_vs_PHX_42021,1,DAL_vs_PHX_42021_2022-05-06,PHX,2,1–2
42021,1610612742,DAL,Dallas Mavericks,42100224,DAL vs. PHX,W,240,38,85,0.447,20,44,0.455,15,19,0.789,10,27,37,22,5,1,11,21,111,10,1,2022-05-08,Home,578,H,Dallas,37,31,19,24,111,215,214.5,130,110.5,2022,DAL_vs_PHX_42021,2,DAL_vs_PHX_42021_2022-05-08,PHX,2,2–2
42021,1610612756,PHX,Phoenix Suns,42100224,PHX @ DAL,L,240,39,84,0.464,9,25,0.36,14,18,0.778,12,32,44,27,4,4,17,25,101,-10,1,2022-05-08,Away,577,V,Phoenix,25,31,22,23,101,1.5,3.0,-150,5.5,2022,DAL_vs_PHX_42021,2,DAL_vs_PHX_42021_2022-05-08,DAL,2,2–2
42021,1610612742,DAL,Dallas Mavericks,42100225,DAL @ PHX,L,240,27,71,0.38,8,32,0.25,18,27,0.667,6,32,38,9,7,0,18,21,80,-30,1,2022-05-10,Away,503,V,Dallas,26,20,14,20,80,213,215.5,250,104.5,2022,DAL_vs_PHX_42021,2,DAL_vs_PHX_42021_2022-05-10,PHX,3,2–3
42021,1610612756,PHX,Phoenix Suns,42100225,PHX vs. DAL,W,240,43,87,0.494,12,32,0.375,12,16,0.75,12,38,50,28,10,2,12,23,110,30,1,2022-05-10,Home,504,H,Phoenix,23,26,33,28,110,5.5,7.0,-300,4,2022,DAL_vs_PHX_42021,3,DAL_vs_PHX_42021_2022-05-10,DAL,2,3–2
42021,1610612742,DAL,Dallas Mavericks,42100226,DAL vs. PHX,W,240,35,77,0.455,16,39,0.41,27,36,0.75,7,32,39,18,16,4,7,23,113,27,1,2022-05-12,Home,514,H,Dallas,28,32,34,19,113,214,210.5,110,107.5,2022,DAL_vs_PHX_42021,3,DAL_vs_PHX_42021_2022-05-12,PHX,3,3–3
42021,1610612756,PHX,Phoenix Suns,42100226,PHX @ DAL,L,240,31,78,0.397,6,18,0.333,18,21,0.857,13,32,45,18,3,2,22,27,86,-27,1,2022-05-12,Away,513,V,Phoenix,25,20,27,14,86,2,2.0,-130,6,2022,DAL_vs_PHX_42021,3,DAL_vs_PHX_42021_2022-05-12,DAL,3,3–3
42021,1610612756,PHX,Phoenix Suns,42100227,PHX vs. DAL,L,240,33,87,0.379,12,34,0.353,12,18,0.667,15,24,39,22,8,4,12,18,90,-33,1,2022-05-15,Home,528,H,Phoenix,17,10,23,40,90,6,6.5,-280,11,2022,DAL_vs_PHX_42021,3,DAL_vs_PHX_42021_2022-05-15,DAL,4,3–4
42021,1610612742,DAL,Dallas Mavericks,42100227,DAL @ PHX,W,240,46,81,0.568,19,39,0.487,12,12,1.0,6,37,43,14,9,6,12,17,123,33,1,2022-05-15,Away,527,V,Dallas,27,30,35,31,123,210,204.5,240,103.5,2022,DAL_vs_PHX_42021,4,DAL_vs_PHX_42021_2022-05-15,PHX,3,4–3
42021,1610612762,UTA,Utah Jazz,42100171,UTA @ DAL,W,240,36,83,0.434,7,22,0.318,20,23,0.87,13,40,53,15,3,5,14,25,99,6,1,2022-04-16,Away,517,V,Utah,20,25,28,26,99,217.5,5.5,-230,2.5,2022,DAL_vs_UTA_42021,1,DAL_vs_UTA_42021_2022-04-16,DAL,0,1–0
42021,1610612742,DAL,Dallas Mavericks,42100171,DAL vs. UTA,L,240,29,76,0.382,9,32,0.281,26,34,0.765,7,27,34,17,8,4,7,22,93,-6,1,2022-04-16,Home,518,H,Dallas,23,20,22,28,93,3,208.0,195,106.5,2022,DAL_vs_UTA_42021,0,DAL_vs_UTA_42021_2022-04-16,UTA,1,0–1
42021,1610612742,DAL,Dallas Mavericks,42100172,DAL vs. UTA,W,240,39,83,0.47,22,47,0.468,10,13,0.769,2,29,31,22,5,2,3,19,110,6,1,2022-04-18,Home,544,H,Dallas,24,24,29,33,110,203.5,206.5,180,106.5,2022,DAL_vs_UTA_42021,1,DAL_vs_UTA_42021_2022-04-18,UTA,1,1–1
42021,1610612762,UTA,Utah Jazz,42100172,UTA @ DAL,L,240,38,82,0.463,11,29,0.379,17,20,0.85,11,39,50,19,2,4,10,19,104,-6,1,2022-04-18,Away,543,V,Utah,24,31,26,23,104,5,5.0,-210,1,2022,DAL_vs_UTA_42021,1,DAL_vs_UTA_42021_2022-04-18,DAL,1,1–1
42021,1610612762,UTA,Utah Jazz,42100173,UTA vs. DAL,L,240,39,69,0.565,9,28,0.321,31,33,0.939,1,31,32,20,2,4,14,28,118,-8,1,2022-04-21,Home,572,H,Utah,20,31,40,27,118,7.5,8.5,-390,10.5,2022,DAL_vs_UTA_42021,1,DAL_vs_UTA_42021_2022-04-21,DAL,2,1–2
42021,1610612742,DAL,Dallas Mavericks,42100173,DAL @ UTA,W,240,41,83,0.494,18,42,0.429,26,31,0.839,6,26,32,24,10,1,9,32,126,8,1,2022-04-21,Away,571,V,Dallas,27,41,29,29,126,209,207.5,325,101,2022,DAL_vs_UTA_42021,2,DAL_vs_UTA_42021_2022-04-21,UTA,1,2–1
42021,1610612742,DAL,Dallas Mavericks,42100174,DAL @ UTA,L,240,33,77,0.429,15,44,0.341,18,23,0.783,7,36,43,15,4,2,12,29,99,-1,1,2022-04-23,Away,513,V,Dallas,23,19,39,18,99,211.5,214.0,200,1.5,2022,DAL_vs_UTA_42021,2,DAL_vs_UTA_42021_2022-04-23,UTA,2,2–2
42021,1610612762,UTA,Utah Jazz,42100174,UTA vs. DAL,W,240,32,79,0.405,10,35,0.286,26,42,0.619,13,33,46,17,4,3,8,21,100,1,1,2022-04-23,Home,514,H,Utah,24,30,24,22,100,4.5,5.5,-240,104,2022,DAL_vs_UTA_42021,2,DAL_vs_UTA_42021_2022-04-23,DAL,2,2–2
42021,1610612762,UTA,Utah Jazz,42100175,UTA @ DAL,L,240,29,77,0.377,3,30,0.1,16,21,0.762,7,33,40,12,8,2,13,24,77,-25,1,2022-04-25,Away,535,V,Utah,18,18,19,22,77,212,212.5,135,3.5,2022,DAL_vs_UTA_42021,2,DAL_vs_UTA_42021_2022-04-25,DAL,3,2–3
42021,1610612742,DAL,Dallas Mavericks,42100175,DAL vs. UTA,W,240,37,85,0.435,12,43,0.279,16,21,0.762,11,38,49,16,6,1,11,18,102,25,1,2022-04-25,Home,536,H,Dallas,24,28,29,21,102,3,3.0,-155,108.5,2022,DAL_vs_UTA_42021,3,DAL_vs_UTA_42021_2022-04-25,UTA,2,3–2
42021,1610612742,DAL,Dallas Mavericks,42100176,DAL @ UTA,W,240,36,80,0.45,17,43,0.395,9,11,0.818,3,34,37,22,6,4,10,19,98,2,1,2022-04-28,Away,565,V,Dallas,15,26,36,21,98,210.5,1.0,-120,4,2022,DAL_vs_UTA_42021,4,DAL_vs_UTA_42021_2022-04-28,UTA,2,4–2
42021,1610612762,UTA,Utah Jazz,42100176,UTA vs. DAL,L,240,36,84,0.429,9,35,0.257,15,20,0.75,11,37,48,20,5,4,11,15,96,-2,1,2022-04-28,Home,566,H,Utah,21,32,19,24,96,1.5,210.0,100,102.5,2022,DAL_vs_UTA_42021,2,DAL_vs_UTA_42021_2022-04-28,DAL,4,2–4
42021,1610612743,DEN,Denver Nuggets,42100161,DEN @ GSW,L,240,43,93,0.462,11,35,0.314,10,13,0.769,9,26,35,26,8,3,11,22,107,-16,1,2022-04-16,Away,523,V,Denver,27,20,23,37,107,225.5,223.0,215,0.5,2022,DEN_vs_GSW_42021,0,DEN_vs_GSW_42021_2022-04-16,GSW,1,0–1
42021,1610612744,GSW,Golden State Warriors,42100161,GSW vs. DEN,W,240,43,82,0.524,16,35,0.457,21,29,0.724,10,31,41,33,5,8,13,22,123,16,1,2022-04-16,Home,524,H,GoldenState,26,32,32,33,123,5.5,6.0,-255,108.5,2022,DEN_vs_GSW_42021,1,DEN_vs_GSW_42021_2022-04-16,DEN,0,1–0
42021,1610612743,DEN,Denver Nuggets,42100162,DEN @ GSW,L,240,37,87,0.425,13,36,0.361,19,21,0.905,17,30,47,20,4,4,18,25,106,-20,1,2022-04-18,Away,545,V,Denver,26,25,30,25,106,224.5,222.5,245,108.5,2022,DEN_vs_GSW_42021,0,DEN_vs_GSW_42021_2022-04-18,GSW,2,0–2
42021,1610612744,GSW,Golden State Warriors,42100162,GSW vs. DEN,W,240,46,84,0.548,17,40,0.425,17,24,0.708,6,29,35,27,10,8,9,20,126,20,1,2022-04-18,Home,546,H,GoldenState,25,32,44,25,126,6.5,7.0,-290,2.5,2022,DEN_vs_GSW_42021,2,DEN_vs_GSW_42021_2022-04-18,DEN,0,2–0
42021,1610612744,GSW,Golden State Warriors,42100163,GSW @ DEN,W,240,41,74,0.554,18,40,0.45,18,28,0.643,4,26,30,29,7,6,16,25,118,5,1,2022-04-21,Away,573,V,GoldenState,34,35,18,31,118,2.5,2.5,-140,0.5,2022,DEN_vs_GSW_42021,3,DEN_vs_GSW_42021_2022-04-21,DEN,0,3–0
42021,1610612743,DEN,Denver Nuggets,42100163,DEN vs. GSW,L,240,40,80,0.5,11,26,0.423,22,27,0.815,11,33,44,25,9,3,18,26,113,-5,1,2022-04-21,Home,574,H,Denver,32,27,30,24,113,224.5,222.5,120,109,2022,DEN_vs_GSW_42021,0,DEN_vs_GSW_42021_2022-04-21,GSW,3,0–3
42021,1610612743,DEN,Denver Nuggets,42100164,DEN vs. GSW,W,240,41,73,0.562,15,31,0.484,29,36,0.806,5,28,33,28,9,2,20,31,126,5,1,2022-04-24,Home,524,H,Denver,26,37,35,28,126,224,224.0,180,110,2022,DEN_vs_GSW_42021,1,DEN_vs_GSW_42021_2022-04-24,GSW,3,1–3
42021,1610612744,GSW,Golden State Warriors,42100164,GSW @ DEN,L,240,43,86,0.5,12,34,0.353,23,32,0.719,9,27,36,26,15,3,17,27,121,-5,1,2022-04-24,Away,523,V,GoldenState,21,31,37,32,121,3.5,4.5,-210,6.5,2022,DEN_vs_GSW_42021,3,DEN_vs_GSW_42021_2022-04-24,DEN,1,3–1
42021,1610612744,GSW,Golden State Warriors,42100165,GSW vs. DEN,W,240,37,82,0.451,13,31,0.419,15,21,0.714,6,31,37,28,10,6,10,22,102,4,1,2022-04-27,Home,556,H,GoldenState,30,18,22,32,102,8.5,9.0,-450,6,2022,DEN_vs_GSW_42021,4,DEN_vs_GSW_42021_2022-04-27,DEN,1,4–1
42021,1610612743,DEN,Denver Nuggets,42100165,DEN @ GSW,L,240,36,81,0.444,6,29,0.207,20,29,0.69,14,36,50,26,5,5,15,21,98,-4,1,2022-04-27,Away,555,V,Denver,25,23,30,20,98,225.5,226.0,375,109,2022,DEN_vs_GSW_42021,1,DEN_vs_GSW_42021_2022-04-27,GSW,4,1–4
42020,1610612743,DEN,Denver Nuggets,42000231,DEN @ PHX,L,240,43,92,0.467,14,40,0.35,5,6,0.833,11,30,41,26,10,4,12,17,105,-17,1,2021-06-07,Away,583,V,Denver,28,30,21,26,105,220,222,190,109.5,2021,DEN_vs_PHX_42020,0,DEN_vs_PHX_42020_2021-06-07,PHX,1,0–1
42020,1610612756,PHX,Phoenix Suns,42000231,PHX vs. DEN,W,240,46,85,0.541,13,34,0.382,17,20,0.85,7,37,44,30,8,4,10,12,122,17,1,2021-06-07,Home,584,H,Phoenix,28,29,31,34,122,5.5,6,-220,3.5,2021,DEN_vs_PHX_42020,1,DEN_vs_PHX_42020_2021-06-07,DEN,0,1–0
42020,1610612756,PHX,Phoenix Suns,42000232,PHX vs. DEN,W,240,45,94,0.479,18,38,0.474,15,17,0.882,8,44,52,27,3,4,7,18,123,25,1,2021-06-09,Home,512,H,Phoenix,25,27,34,37,123,6,5.5,-210,109.5,2021,DEN_vs_PHX_42020,2,DEN_vs_PHX_42020_2021-06-09,DEN,0,2–0
42020,1610612743,DEN,Denver Nuggets,42000232,DEN @ PHX,L,240,36,90,0.4,14,43,0.326,12,20,0.6,11,35,46,24,4,6,11,21,98,-25,1,2021-06-09,Away,511,V,Denver,21,21,25,31,98,221,224.5,180,0.5,2021,DEN_vs_PHX_42020,0,DEN_vs_PHX_42020_2021-06-09,PHX,2,0–2
42020,1610612743,DEN,Denver Nuggets,42000233,DEN vs. PHX,L,240,39,95,0.411,14,41,0.341,10,16,0.625,18,28,46,21,4,3,14,21,102,-14,1,2021-06-11,Home,534,H,Denver,27,28,21,26,102,1.5,2,-130,0.5,2021,DEN_vs_PHX_42020,0,DEN_vs_PHX_42020_2021-06-11,PHX,3,0–3
42020,1610612756,PHX,Phoenix Suns,42000233,PHX @ DEN,W,240,43,81,0.531,12,26,0.462,18,20,0.9,4,34,38,26,10,2,12,13,116,14,1,2021-06-11,Away,533,V,Phoenix,37,22,31,26,116,222.5,223.5,110,113.5,2021,DEN_vs_PHX_42020,3,DEN_vs_PHX_42020_2021-06-11,DEN,0,3–0
42020,1610612756,PHX,Phoenix Suns,42000234,PHX @ DEN,W,240,44,85,0.518,8,22,0.364,29,31,0.935,7,41,48,18,6,6,15,21,125,7,1,2021-06-13,Away,553,V,Phoenix,28,35,33,29,125,2.5,3,-155,113.5,2021,DEN_vs_PHX_42020,4,DEN_vs_PHX_42020_2021-06-13,DEN,0,4–0
42020,1610612743,DEN,Denver Nuggets,42000234,DEN vs. PHX,L,240,45,98,0.459,14,37,0.378,14,21,0.667,7,30,37,22,6,3,8,24,118,-7,1,2021-06-13,Home,554,H,Denver,22,33,28,35,118,221,223,135,0.5,2021,DEN_vs_PHX_42020,0,DEN_vs_PHX_42020_2021-06-13,PHX,4,0–4
42018,1610612757,POR,Portland Trail Blazers,41800231,POR @ DEN,L,240,41,79,0.519,11,29,0.379,20,27,0.741,9,31,40,20,6,5,18,24,113,-8,1,2019-04-29,Away,563,V,Portland,32,23,29,29,113,216.5,215.0,162,111,2019,DEN_vs_POR_42018,0,DEN_vs_POR_42018_2019-04-29,DEN,1,0–1
42018,1610612743,DEN,Denver Nuggets,41800231,DEN vs. POR,W,240,41,81,0.506,12,29,0.414,27,31,0.871,7,27,34,22,12,7,13,22,121,8,1,2019-04-29,Home,564,H,Denver,32,26,35,28,121,3.5,4.0,-189,1.5,2019,DEN_vs_POR_42018,1,DEN_vs_POR_42018_2019-04-29,POR,0,1–0
42018,1610612743,DEN,Denver Nuggets,41800232,DEN vs. POR,L,240,34,98,0.347,6,29,0.207,16,26,0.615,23,35,58,20,6,5,9,19,90,-7,1,2019-05-01,Home,578,H,Denver,23,12,29,26,90,4.0,4.0,-180,7,2019,DEN_vs_POR_42018,1,DEN_vs_POR_42018_2019-05-01,POR,1,1–1
42018,1610612757,POR,Portland Trail Blazers,41800232,POR @ DEN,W,240,36,85,0.424,9,29,0.31,16,20,0.8,7,40,47,18,5,6,11,22,97,7,1,2019-05-01,Away,577,V,Portland,28,22,28,19,97,217.5,219.5,155,112.5,2019,DEN_vs_POR_42018,1,DEN_vs_POR_42018_2019-05-01,DEN,1,1–1
42018,1610612743,DEN,Denver Nuggets,41800233,DEN @ POR,L,340,54,119,0.454,15,42,0.357,14,20,0.7,24,42,66,28,11,8,21,27,137,-3,1,2019-05-03,Away,587,V,Denver,17,30,29,26,137,215.5,215.0,188,104,2019,DEN_vs_POR_42018,1,DEN_vs_POR_42018_2019-05-03,POR,2,1–2
42018,1610612757,POR,Portland Trail Blazers,41800233,POR vs. DEN,W,340,52,124,0.419,12,42,0.286,24,28,0.857,24,38,62,23,13,5,14,24,140,3,1,2019-05-03,Home,588,H,Portland,23,25,33,21,140,4.5,5.0,-225,3,2019,DEN_vs_POR_42018,2,DEN_vs_POR_42018_2019-05-03,DEN,1,2–1
42018,1610612743,DEN,Denver Nuggets,41800234,DEN @ POR,W,240,40,92,0.435,11,25,0.44,25,28,0.893,17,28,45,21,7,4,10,22,116,4,1,2019-05-05,Away,593,V,Denver,29,28,27,32,116,214.0,211.0,121,1.5,2019,DEN_vs_POR_42018,2,DEN_vs_POR_42018_2019-05-05,POR,2,2–2
42018,1610612757,POR,Portland Trail Blazers,41800234,POR vs. DEN,L,240,39,82,0.476,12,28,0.429,22,28,0.786,12,31,43,18,4,5,14,27,112,-4,1,2019-05-05,Home,594,H,Portland,33,30,14,35,112,4.5,3.0,-140,105.5,2019,DEN_vs_POR_42018,2,DEN_vs_POR_42018_2019-05-05,DEN,2,2–2
42018,1610612757,POR,Portland Trail Blazers,41800235,POR @ DEN,L,240,36,98,0.367,10,37,0.27,16,30,0.533,13,30,43,19,6,5,6,23,98,-26,1,2019-05-07,Away,507,V,Portland,25,22,18,33,98,212.5,213.5,170,3,2019,DEN_vs_POR_42018,2,DEN_vs_POR_42018_2019-05-07,DEN,3,2–3
42018,1610612743,DEN,Denver Nuggets,41800235,DEN vs. POR,W,240,44,89,0.494,8,24,0.333,28,31,0.903,10,52,62,26,4,4,8,22,124,26,1,2019-05-07,Home,508,H,Denver,31,34,28,31,124,4.5,5.0,-200,108.5,2019,DEN_vs_POR_42018,3,DEN_vs_POR_42018_2019-05-07,POR,2,3–2
42018,1610612743,DEN,Denver Nuggets,41800236,DEN @ POR,L,240,33,86,0.384,12,32,0.375,30,32,0.938,16,28,44,22,7,3,7,23,108,-11,1,2019-05-09,Away,515,V,Denver,34,20,26,28,108,215.0,213.0,162,105.5,2019,DEN_vs_POR_42018,3,DEN_vs_POR_42018_2019-05-09,POR,3,3–3
42018,1610612757,POR,Portland Trail Blazers,41800236,POR vs. DEN,W,240,41,89,0.461,15,33,0.455,22,30,0.733,11,32,43,18,4,5,9,20,119,11,1,2019-05-09,Home,516,H,Portland,26,32,29,32,119,3.5,4.0,-188,1,2019,DEN_vs_POR_42018,3,DEN_vs_POR_42018_2019-05-09,DEN,3,3–3
42018,1610612757,POR,Portland Trail Blazers,41800237,POR @ DEN,W,240,38,93,0.409,4,26,0.154,20,24,0.833,12,43,55,16,5,7,4,31,100,4,1,2019-05-12,Away,525,V,Portland,17,22,32,29,100,212.5,211.0,221,0.5,2019,DEN_vs_POR_42018,4,DEN_vs_POR_42018_2019-05-12,DEN,3,4–3
42018,1610612743,DEN,Denver Nuggets,41800237,DEN vs. POR,L,240,33,89,0.371,2,19,0.105,28,39,0.718,13,38,51,15,1,9,5,23,96,-4,1,2019-05-12,Home,526,H,Denver,29,19,24,24,96,5.5,5.5,-265,108.5,2019,DEN_vs_POR_42018,3,DEN_vs_POR_42018_2019-05-12,POR,4,3–4
42020,1610612743,DEN,Denver Nuggets,42000161,DEN vs. POR,L,240,47,93,0.505,11,36,0.306,4,8,0.5,11,37,48,22,3,7,8,18,109,-14,1,2021-05-22,Home,512,H,Denver,30,31,25,23,109,2,1,-120,111,2021,DEN_vs_POR_42020,0,DEN_vs_POR_42020_2021-05-22,POR,1,0–1
42020,1610612757,POR,Portland Trail Blazers,42000161,POR @ DEN,W,240,43,91,0.473,19,40,0.475,18,19,0.947,10,29,39,29,3,2,6,14,123,14,1,2021-05-22,Away,511,V,Portland,35,23,38,27,123,228,226,100,0.5,2021,DEN_vs_POR_42020,1,DEN_vs_POR_42020_2021-05-22,DEN,0,1–0
42020,1610612757,POR,Portland Trail Blazers,42000162,POR @ DEN,L,240,35,73,0.479,16,33,0.485,23,28,0.821,10,30,40,15,3,7,21,27,109,-19,1,2021-05-24,Away,523,V,Portland,25,36,26,22,109,228.5,224.5,110,2.5,2021,DEN_vs_POR_42020,1,DEN_vs_POR_42020_2021-05-24,DEN,1,1–1
42020,1610612743,DEN,Denver Nuggets,42000162,DEN vs. POR,W,240,46,86,0.535,12,28,0.429,24,30,0.8,10,25,35,29,12,3,13,25,128,19,1,2021-05-24,Home,524,H,Denver,31,42,28,27,128,1,2,-130,111.5,2021,DEN_vs_POR_42020,1,DEN_vs_POR_42020_2021-05-24,POR,1,1–1
42020,1610612757,POR,Portland Trail Blazers,42000163,POR vs. DEN,L,240,45,100,0.45,14,45,0.311,11,13,0.846,14,31,45,20,6,4,7,24,115,-5,1,2021-05-27,Home,556,H,Portland,30,29,20,36,115,3.5,3.5,-170,3,2021,DEN_vs_POR_42020,1,DEN_vs_POR_42020_2021-05-27,DEN,2,1–2
42020,1610612743,DEN,Denver Nuggets,42000163,DEN @ POR,W,240,39,84,0.464,20,38,0.526,22,27,0.815,12,33,45,24,4,4,14,18,120,5,1,2021-05-27,Away,555,V,Denver,39,25,20,36,120,229,227,150,111,2021,DEN_vs_POR_42020,2,DEN_vs_POR_42020_2021-05-27,POR,1,2–1
42020,1610612757,POR,Portland Trail Blazers,42000164,POR vs. DEN,W,240,42,84,0.5,12,33,0.364,19,25,0.76,4,40,44,24,6,7,6,21,115,20,1,2021-05-29,Home,574,H,Portland,32,25,36,22,115,3.5,4.5,-200,111,2021,DEN_vs_POR_42020,2,DEN_vs_POR_42020_2021-05-29,DEN,2,2–2
42020,1610612743,DEN,Denver Nuggets,42000164,DEN @ POR,L,240,32,94,0.34,13,44,0.295,18,22,0.818,14,33,47,20,5,5,9,18,95,-20,1,2021-05-29,Away,573,V,Denver,24,23,19,29,95,228.5,227.5,175,1,2021,DEN_vs_POR_42020,2,DEN_vs_POR_42020_2021-05-29,POR,2,2–2
42020,1610612743,DEN,Denver Nuggets,42000165,DEN vs. POR,W,290,50,104,0.481,20,44,0.455,27,32,0.844,13,39,52,33,5,5,11,24,147,7,1,2021-06-01,Home,524,H,Denver,38,27,27,29,147,1.5,2,-135,0.5,2021,DEN_vs_POR_42020,3,DEN_vs_POR_42020_2021-06-01,POR,2,3–2
42020,1610612757,POR,Portland Trail Blazers,42000165,POR @ DEN,L,290,47,103,0.456,21,48,0.438,25,29,0.862,10,35,45,25,6,6,14,31,140,-7,1,2021-06-01,Away,523,V,Portland,25,37,32,27,140,226,226.5,115,111.5,2021,DEN_vs_POR_42020,2,DEN_vs_POR_42020_2021-06-01,DEN,3,2–3
42020,1610612757,POR,Portland Trail Blazers,42000166,POR vs. DEN,L,240,40,79,0.506,15,36,0.417,20,22,0.909,8,29,37,24,7,7,17,22,115,-11,1,2021-06-03,Home,546,H,Portland,33,35,33,14,115,4,5,-200,0.5,2021,DEN_vs_POR_42020,2,DEN_vs_POR_42020_2021-06-03,DEN,4,2–4
42020,1610612743,DEN,Denver Nuggets,42000166,DEN @ POR,W,240,44,86,0.512,15,34,0.441,23,27,0.852,10,29,39,28,8,3,12,18,126,11,1,2021-06-03,Away,545,V,Denver,29,32,37,28,126,228.5,228,175,112.5,2021,DEN_vs_POR_42020,4,DEN_vs_POR_42020_2021-06-03,POR,2,4–2
42018,1610612743,DEN,Denver Nuggets,41800151,DEN vs. SAS,L,240,37,88,0.42,6,28,0.214,16,24,0.667,13,33,46,25,8,3,10,18,96,-5,1,2019-04-13,Home,508,H,Denver,20,31,17,28,96,5.0,6.0,-270,5,2019,DEN_vs_SAS_42018,0,DEN_vs_SAS_42018_2019-04-13,SAS,1,0–1
42018,1610612759,SAS,San Antonio Spurs,41800151,SAS @ DEN,W,240,40,83,0.482,7,15,0.467,14,20,0.7,10,37,47,20,4,4,11,17,101,5,1,2019-04-13,Away,507,V,SanAntonio,25,34,13,29,101,211.5,210.5,220,104,2019,DEN_vs_SAS_42018,1,DEN_vs_SAS_42018_2019-04-13,DEN,0,1–0
42018,1610612759,SAS,San Antonio Spurs,41800152,SAS @ DEN,L,240,39,86,0.453,5,18,0.278,22,25,0.88,11,39,50,20,3,3,10,20,105,-9,1,2019-04-16,Away,533,V,SanAntonio,26,33,23,23,105,208.5,210.5,260,103.5,2019,DEN_vs_SAS_42018,1,DEN_vs_SAS_42018_2019-04-16,DEN,1,1–1
42018,1610612743,DEN,Denver Nuggets,41800152,DEN vs. SAS,W,240,43,89,0.483,10,24,0.417,18,26,0.692,7,34,41,29,5,2,6,21,114,9,1,2019-04-16,Home,534,H,Denver,21,28,26,39,114,5.5,7.0,-330,7,2019,DEN_vs_SAS_42018,1,DEN_vs_SAS_42018_2019-04-16,SAS,1,1–1
42018,1610612759,SAS,San Antonio Spurs,41800153,SAS vs. DEN,W,240,44,89,0.494,7,18,0.389,23,32,0.719,15,30,45,24,9,2,6,20,118,10,1,2019-04-18,Home,546,H,SanAntonio,31,30,27,30,118,2.0,4.5,-190,2,2019,DEN_vs_SAS_42018,2,DEN_vs_SAS_42018_2019-04-18,DEN,1,2–1
42018,1610612743,DEN,Denver Nuggets,41800153,DEN @ SAS,L,240,42,81,0.519,15,29,0.517,9,17,0.529,10,27,37,31,3,1,13,21,108,-10,1,2019-04-18,Away,545,V,Denver,22,36,26,24,108,212.0,207.0,163,103,2019,DEN_vs_SAS_42018,1,DEN_vs_SAS_42018_2019-04-18,SAS,2,1–2
42018,1610612743,DEN,Denver Nuggets,41800154,DEN @ SAS,W,240,40,89,0.449,15,31,0.484,22,24,0.917,11,34,45,25,4,2,8,22,117,14,1,2019-04-20,Away,559,V,Denver,22,32,37,26,117,211.0,209.5,144,103,2019,DEN_vs_SAS_42018,2,DEN_vs_SAS_42018_2019-04-20,SAS,2,2–2
42018,1610612759,SAS,San Antonio Spurs,41800154,SAS vs. DEN,L,240,37,79,0.468,5,17,0.294,24,32,0.75,11,35,46,23,4,4,10,22,103,-14,1,2019-04-20,Home,560,H,SanAntonio,34,20,25,24,103,3.5,4.0,-165,3,2019,DEN_vs_SAS_42018,2,DEN_vs_SAS_42018_2019-04-20,DEN,2,2–2
42018,1610612759,SAS,San Antonio Spurs,41800155,SAS @ DEN,L,240,37,90,0.411,7,24,0.292,9,15,0.6,10,32,42,17,6,3,8,20,90,-18,1,2019-04-23,Away,501,V,SanAntonio,19,23,21,27,90,212.0,210.5,194,1,2019,DEN_vs_SAS_42018,2,DEN_vs_SAS_42018_2019-04-23,DEN,3,2–3
42018,1610612743,DEN,Denver Nuggets,41800155,DEN vs. SAS,W,240,39,78,0.5,14,33,0.424,16,20,0.8,7,42,49,25,4,6,14,21,108,18,1,2019-04-23,Home,502,H,Denver,26,27,32,23,108,5.5,5.5,-232,103.5,2019,DEN_vs_SAS_42018,3,DEN_vs_SAS_42018_2019-04-23,SAS,2,3–2
42018,1610612743,DEN,Denver Nuggets,41800156,DEN @ SAS,L,240,44,96,0.458,6,24,0.25,9,12,0.75,12,25,37,26,5,3,7,18,103,-17,1,2019-04-25,Away,525,V,Denver,24,36,25,18,103,208.5,209.0,130,103.5,2019,DEN_vs_SAS_42018,3,DEN_vs_SAS_42018_2019-04-25,SAS,3,3–3
42018,1610612759,SAS,San Antonio Spurs,41800156,SAS vs. DEN,W,240,48,84,0.571,10,24,0.417,14,17,0.824,10,31,41,25,3,7,8,17,120,17,1,2019-04-25,Home,526,H,SanAntonio,34,30,26,30,120,2.5,3.0,-150,0.5,2019,DEN_vs_SAS_42018,3,DEN_vs_SAS_42018_2019-04-25,DEN,3,3–3
42018,1610612759,SAS,San Antonio Spurs,41800157,SAS @ DEN,L,240,31,85,0.365,6,23,0.261,18,20,0.9,8,37,45,19,3,5,6,20,86,-4,1,2019-04-27,Away,541,V,SanAntonio,13,21,27,25,86,211.0,207.5,218,1.5,2019,DEN_vs_SAS_42018,3,DEN_vs_SAS_42018_2019-04-27,DEN,4,3–4
42018,1610612743,DEN,Denver Nuggets,41800157,DEN vs. SAS,W,240,35,88,0.398,2,20,0.1,18,23,0.783,13,40,53,21,3,8,6,19,90,4,1,2019-04-27,Home,542,H,Denver,23,24,25,18,90,5.5,6.0,-265,102,2019,DEN_vs_SAS_42018,4,DEN_vs_SAS_42018_2019-04-27,SAS,3,4–3
42018,1610612765,DET,Detroit Pistons,41800101,DET @ MIL,L,240,35,92,0.38,8,27,0.296,8,13,0.615,7,39,46,22,7,2,13,21,86,-35,1,2019-04-14,Away,515,V,Detroit,18,25,18,25,86,219.5,215.5,1100,105.5,2019,DET_vs_MIL_42018,0,DET_vs_MIL_42018_2019-04-14,MIL,1,0–1
42018,1610612749,MIL,Milwaukee Bucks,41800101,MIL vs. DET,W,240,44,90,0.489,15,43,0.349,18,26,0.692,8,46,54,31,7,8,10,16,121,35,1,2019-04-14,Home,516,H,Milwaukee,38,32,27,24,121,11.5,15.0,-2500,2,2019,DET_vs_MIL_42018,1,DET_vs_MIL_42018_2019-04-14,DET,0,1–0
42018,1610612765,DET,Detroit Pistons,41800102,DET @ MIL,L,240,37,99,0.374,12,36,0.333,13,17,0.765,11,32,43,23,5,7,9,21,99,-21,1,2019-04-17,Away,539,V,Detroit,27,32,17,23,99,210.5,215.5,1200,107,2019,DET_vs_MIL_42018,0,DET_vs_MIL_42018_2019-04-17,MIL,2,0–2
42018,1610612749,MIL,Milwaukee Bucks,41800102,MIL vs. DET,W,240,47,90,0.522,11,26,0.423,15,21,0.714,8,46,54,32,5,11,13,21,120,21,1,2019-04-17,Home,540,H,Milwaukee,38,20,35,27,120,14.5,15.5,-3000,10.5,2019,DET_vs_MIL_42018,2,DET_vs_MIL_42018_2019-04-17,DET,0,2–0
42018,1610612765,DET,Detroit Pistons,41800103,DET vs. MIL,L,240,37,96,0.385,11,36,0.306,18,24,0.75,15,29,44,21,9,6,9,24,103,-16,1,2019-04-20,Home,562,H,Detroit,24,30,24,25,103,217.0,216.5,351,110.5,2019,DET_vs_MIL_42018,0,DET_vs_MIL_42018_2019-04-20,MIL,3,0–3
42018,1610612749,MIL,Milwaukee Bucks,41800103,MIL @ DET,W,240,42,86,0.488,14,38,0.368,21,24,0.875,13,38,51,24,5,6,16,22,119,16,1,2019-04-20,Away,561,V,Milwaukee,32,35,33,19,119,8.0,9.0,-450,1.5,2019,DET_vs_MIL_42018,3,DET_vs_MIL_42018_2019-04-20,DET,0,3–0
42018,1610612749,MIL,Milwaukee Bucks,41800104,MIL @ DET,W,240,43,79,0.544,10,28,0.357,31,41,0.756,10,44,54,27,6,10,19,21,127,23,1,2019-04-22,Away,573,V,Milwaukee,26,30,39,32,127,10.5,12.0,-900,11,2019,DET_vs_MIL_42018,4,DET_vs_MIL_42018_2019-04-22,DET,0,4–0
42018,1610612765,DET,Detroit Pistons,41800104,DET vs. MIL,L,240,41,100,0.41,13,34,0.382,9,12,0.75,10,26,36,26,8,1,11,31,104,-23,1,2019-04-22,Home,574,H,Detroit,28,34,23,19,104,218.5,220.0,614,112.5,2019,DET_vs_MIL_42018,0,DET_vs_MIL_42018_2019-04-22,MIL,4,0–4
42017,1610612745,HOU,Houston Rockets,41700311,HOU vs. GSW,L,240,39,85,0.459,13,37,0.351,15,21,0.714,7,35,42,18,5,3,16,23,106,-13,1,2018-05-14,Home,732,H,Houston,30,26,24,26,106,1.5,1.5,-130,1,2018,GSW_vs_HOU_42017,0,GSW_vs_HOU_42017_2018-05-14,GSW,1,0–1
42017,1610612744,GSW,Golden State Warriors,41700311,GSW @ HOU,W,240,42,80,0.525,13,33,0.394,22,25,0.88,3,34,37,24,9,4,9,17,119,13,1,2018-05-14,Away,731,V,GoldenState,29,27,31,32,119,225,225.5,110,111,2018,GSW_vs_HOU_42017,1,GSW_vs_HOU_42017_2018-05-14,HOU,0,1–0
42017,1610612744,GSW,Golden State Warriors,41700312,GSW @ HOU,L,240,39,85,0.459,9,30,0.3,18,22,0.818,9,27,36,21,6,4,15,22,105,-22,1,2018-05-16,Away,501,V,GoldenState,21,29,29,26,105,224.5,225.5,110,5,2018,GSW_vs_HOU_42017,1,GSW_vs_HOU_42017_2018-05-16,HOU,1,1–1
42017,1610612745,HOU,Houston Rockets,41700312,HOU vs. GSW,W,240,45,88,0.511,16,42,0.381,21,27,0.778,10,37,47,23,8,1,14,24,127,22,1,2018-05-16,Home,502,H,Houston,26,38,31,32,127,2,2,-130,111,2018,GSW_vs_HOU_42017,1,GSW_vs_HOU_42017_2018-05-16,GSW,1,1–1
42017,1610612745,HOU,Houston Rockets,41700313,HOU @ GSW,L,240,32,81,0.395,11,34,0.324,10,13,0.769,10,31,41,19,3,5,20,19,85,-41,1,2018-05-20,Away,503,V,Houston,22,21,24,18,85,226.5,226,285,111.5,2018,GSW_vs_HOU_42017,1,GSW_vs_HOU_42017_2018-05-20,GSW,2,1–2
42017,1610612744,GSW,Golden State Warriors,41700313,GSW vs. HOU,W,240,48,92,0.522,13,32,0.406,17,18,0.944,11,38,49,20,11,7,8,16,126,41,1,2018-05-20,Home,504,H,GoldenState,31,23,34,38,126,7.5,7.5,-355,0.5,2018,GSW_vs_HOU_42017,2,GSW_vs_HOU_42017_2018-05-20,HOU,1,2–1
42017,1610612744,GSW,Golden State Warriors,41700314,GSW vs. HOU,L,240,35,89,0.393,9,27,0.333,13,14,0.929,16,33,49,14,6,3,16,24,92,-3,1,2018-05-22,Home,506,H,GoldenState,28,18,34,12,92,8.5,8,-440,9,2018,GSW_vs_HOU_42017,2,GSW_vs_HOU_42017_2018-05-22,HOU,2,2–2
42017,1610612745,HOU,Houston Rockets,41700314,HOU @ GSW,W,240,30,77,0.39,12,38,0.316,23,27,0.852,8,33,41,12,7,9,13,19,95,3,1,2018-05-22,Away,505,V,Houston,19,34,17,25,95,224,227.5,344,114,2018,GSW_vs_HOU_42017,2,GSW_vs_HOU_42017_2018-05-22,GSW,2,2–2
42017,1610612745,HOU,Houston Rockets,41700315,HOU vs. GSW,W,240,29,78,0.372,13,43,0.302,27,32,0.844,8,32,40,12,10,3,12,19,98,4,1,2018-05-24,Home,508,H,Houston,23,22,26,27,98,1,219.5,-105,108,2018,GSW_vs_HOU_42017,3,GSW_vs_HOU_42017_2018-05-24,GSW,2,3–2
42017,1610612744,GSW,Golden State Warriors,41700315,GSW @ HOU,L,240,32,72,0.444,10,26,0.385,20,23,0.87,4,37,41,18,7,1,18,21,94,-4,1,2018-05-24,Away,507,V,GoldenState,17,28,27,22,94,219,1,-115,2,2018,GSW_vs_HOU_42017,2,GSW_vs_HOU_42017_2018-05-24,HOU,3,2–3
42017,1610612744,GSW,Golden State Warriors,41700316,GSW vs. HOU,W,240,43,87,0.494,16,38,0.421,13,19,0.684,13,34,47,26,11,10,12,17,115,29,1,2018-05-26,Home,510,H,GoldenState,22,29,33,31,115,10.5,12.5,-1200,13,2018,GSW_vs_HOU_42017,3,GSW_vs_HOU_42017_2018-05-26,HOU,3,3–3
42017,1610612745,HOU,Houston Rockets,41700316,HOU @ GSW,L,240,31,77,0.403,15,39,0.385,9,17,0.529,7,31,38,13,8,2,21,16,86,-29,1,2018-05-26,Away,509,V,Houston,39,22,16,9,86,213.5,214.5,755,107.5,2018,GSW_vs_HOU_42017,3,GSW_vs_HOU_42017_2018-05-26,GSW,3,3–3
42017,1610612745,HOU,Houston Rockets,41700317,HOU vs. GSW,L,240,36,90,0.4,7,44,0.159,13,22,0.591,17,27,44,17,13,3,12,17,92,-9,1,2018-05-28,Home,512,H,Houston,24,30,15,23,92,210,208,218,103.5,2018,GSW_vs_HOU_42017,3,GSW_vs_HOU_42017_2018-05-28,GSW,4,3–4
42017,1610612744,GSW,Golden State Warriors,41700317,GSW @ HOU,W,240,39,80,0.488,16,39,0.41,7,14,0.5,11,31,42,25,9,7,17,22,101,9,1,2018-05-28,Away,511,V,GoldenState,19,24,33,25,101,4,6,-265,9,2018,GSW_vs_HOU_42017,4,GSW_vs_HOU_42017_2018-05-28,HOU,3,4–3
42018,1610612745,HOU,Houston Rockets,41800221,HOU @ GSW,L,240,31,74,0.419,14,47,0.298,24,29,0.828,3,23,26,14,14,3,16,21,100,-4,1,2019-04-28,Away,555,V,Houston,19,34,23,24,100,225.5,224.0,234,112,2019,GSW_vs_HOU_42018,0,GSW_vs_HOU_42018_2019-04-28,GSW,1,0–1
42018,1610612744,GSW,Golden State Warriors,41800221,GSW vs. HOU,W,240,38,75,0.507,7,22,0.318,21,27,0.778,8,30,38,24,7,3,20,24,104,4,1,2019-04-28,Home,556,H,GoldenState,28,25,30,21,104,6.5,6.5,-285,4.5,2019,GSW_vs_HOU_42018,1,GSW_vs_HOU_42018_2019-04-28,HOU,0,1–0
42018,1610612745,HOU,Houston Rockets,41800222,HOU @ GSW,L,240,36,77,0.468,17,40,0.425,20,25,0.8,10,31,41,17,5,2,18,21,109,-6,1,2019-04-30,Away,573,V,Houston,20,29,26,34,109,220.0,222.0,199,110,2019,GSW_vs_HOU_42018,0,GSW_vs_HOU_42018_2019-04-30,GSW,2,0–2
42018,1610612744,GSW,Golden State Warriors,41800222,GSW vs. HOU,W,240,42,91,0.462,11,36,0.306,20,24,0.833,18,27,45,24,10,5,12,23,115,6,1,2019-04-30,Home,574,H,GoldenState,29,29,24,33,115,6.0,5.5,-240,pk,2019,GSW_vs_HOU_42018,2,GSW_vs_HOU_42018_2019-04-30,HOU,0,2–0
42018,1610612745,HOU,Houston Rockets,41800223,HOU vs. GSW,W,265,45,93,0.484,18,42,0.429,18,26,0.692,17,38,55,20,4,6,16,24,126,5,1,2019-05-04,Home,590,H,Houston,25,33,33,21,126,3.5,3.5,-170,108,2019,GSW_vs_HOU_42018,1,GSW_vs_HOU_42018_2019-05-04,GSW,2,1–2
42018,1610612744,GSW,Golden State Warriors,41800223,GSW @ HOU,L,265,42,95,0.442,14,33,0.424,23,29,0.793,7,28,35,27,6,6,8,22,121,-5,1,2019-05-04,Away,589,V,GoldenState,26,23,35,28,121,222.0,219.5,148,2.5,2019,GSW_vs_HOU_42018,2,GSW_vs_HOU_42018_2019-05-04,HOU,1,2–1
42018,1610612744,GSW,Golden State Warriors,41800224,GSW @ HOU,L,240,42,90,0.467,8,33,0.242,16,23,0.696,8,35,43,24,6,2,11,21,108,-4,1,2019-05-06,Away,503,V,GoldenState,28,26,30,24,108,221.0,1.0,-115,3,2019,GSW_vs_HOU_42018,2,GSW_vs_HOU_42018_2019-05-06,HOU,2,2–2
42018,1610612745,HOU,Houston Rockets,41800224,HOU vs. GSW,W,240,39,89,0.438,17,50,0.34,17,24,0.708,13,37,50,18,6,6,14,23,112,4,1,2019-05-06,Home,504,H,Houston,25,36,32,19,112,2.0,219.5,-105,110.5,2019,GSW_vs_HOU_42018,2,GSW_vs_HOU_42018_2019-05-06,GSW,2,2–2
42018,1610612744,GSW,Golden State Warriors,41800225,GSW vs. HOU,W,240,39,85,0.459,13,37,0.351,13,18,0.722,12,30,42,28,6,1,15,19,104,5,1,2019-05-08,Home,512,H,GoldenState,31,26,15,32,104,5.5,6.0,-245,2,2019,GSW_vs_HOU_42018,3,GSW_vs_HOU_42018_2019-05-08,HOU,2,3–2
42018,1610612745,HOU,Houston Rockets,41800225,HOU @ GSW,L,240,33,79,0.418,12,41,0.293,21,24,0.875,8,31,39,19,10,3,17,20,99,-5,1,2019-05-08,Away,511,V,Houston,17,26,29,27,99,220.0,221.0,203,110,2019,GSW_vs_HOU_42018,2,GSW_vs_HOU_42018_2019-05-08,GSW,3,2–3
42018,1610612745,HOU,Houston Rockets,41800226,HOU vs. GSW,L,240,42,89,0.472,17,39,0.436,12,17,0.706,12,28,40,21,9,1,17,22,113,-5,1,2019-05-10,Home,520,H,Houston,28,29,30,26,113,6.0,7.5,-345,5,2019,GSW_vs_HOU_42018,2,GSW_vs_HOU_42018_2019-05-10,GSW,4,2–4
42018,1610612744,GSW,Golden State Warriors,41800226,GSW @ HOU,W,240,42,85,0.494,16,38,0.421,18,23,0.783,10,25,35,25,9,7,17,19,118,5,1,2019-05-10,Away,519,V,GoldenState,27,30,25,36,118,212.0,215.5,278,108,2019,GSW_vs_HOU_42018,4,GSW_vs_HOU_42018_2019-05-10,HOU,2,4–2
42018,1610612746,LAC,LA Clippers,41800141,LAC @ GSW,L,240,38,95,0.4,11,30,0.367,17,22,0.773,7,33,40,24,10,7,18,22,104,-17,1,2019-04-13,Away,505,V,LAClippers,27,29,23,25,104,230.5,234.0,900,114.5,2019,GSW_vs_LAC_42018,0,GSW_vs_LAC_42018_2019-04-13,GSW,1,0–1
42018,1610612744,GSW,Golden State Warriors,41800141,GSW vs. LAC,W,240,45,92,0.489,14,30,0.467,17,20,0.85,12,42,54,31,9,14,21,22,121,17,1,2019-04-13,Home,506,H,GoldenState,36,33,29,23,121,11.0,13.5,-1600,4.5,2019,GSW_vs_LAC_42018,1,GSW_vs_LAC_42018_2019-04-13,LAC,0,1–0
42018,1610612744,GSW,Golden State Warriors,41800142,GSW vs. LAC,L,240,40,75,0.533,11,28,0.393,40,45,0.889,7,31,38,31,11,6,22,31,131,-4,1,2019-04-15,Home,524,H,GoldenState,33,40,35,23,131,14.5,13.5,-1600,1.5,2019,GSW_vs_LAC_42018,1,GSW_vs_LAC_42018_2019-04-15,LAC,1,1–1
42018,1610612746,LAC,LA Clippers,41800142,LAC @ GSW,W,240,48,85,0.565,14,31,0.452,25,31,0.806,8,26,34,34,14,1,20,33,135,4,1,2019-04-15,Away,523,V,LAClippers,25,25,44,41,135,230.5,234.0,900,113,2019,GSW_vs_LAC_42018,1,GSW_vs_LAC_42018_2019-04-15,GSW,1,1–1
42018,1610612746,LAC,LA Clippers,41800143,LAC vs. GSW,L,240,35,94,0.372,7,32,0.219,28,34,0.824,16,27,43,21,6,2,13,25,105,-27,1,2019-04-18,Home,548,H,LAClippers,24,28,24,29,105,237.0,234.0,384,1,2019,GSW_vs_LAC_42018,1,GSW_vs_LAC_42018_2019-04-18,GSW,2,1–2
42018,1610612744,GSW,Golden State Warriors,41800143,GSW @ LAC,W,240,51,93,0.548,15,35,0.429,15,18,0.833,10,40,50,35,4,11,12,28,132,27,1,2019-04-18,Away,547,V,GoldenState,41,32,36,23,132,7.5,9.0,-500,112.5,2019,GSW_vs_LAC_42018,2,GSW_vs_LAC_42018_2019-04-18,LAC,1,2–1
42018,1610612744,GSW,Golden State Warriors,41800144,GSW @ LAC,W,240,42,89,0.472,12,31,0.387,17,19,0.895,11,38,49,27,5,2,13,27,113,8,1,2019-04-21,Away,567,V,GoldenState,32,30,25,26,113,9.0,9.5,-500,3.5,2019,GSW_vs_LAC_42018,3,GSW_vs_LAC_42018_2019-04-21,LAC,1,3–1
42018,1610612746,LAC,LA Clippers,41800144,LAC vs. GSW,L,240,34,80,0.425,13,31,0.419,24,32,0.75,4,29,33,22,8,4,10,21,105,-8,1,2019-04-21,Home,568,H,LAClippers,22,32,30,21,105,235.0,236.0,384,115.5,2019,GSW_vs_LAC_42018,1,GSW_vs_LAC_42018_2019-04-21,GSW,3,1–3
42018,1610612746,LAC,LA Clippers,41800145,LAC @ GSW,W,240,46,85,0.541,13,34,0.382,24,26,0.923,9,33,42,29,3,1,14,23,129,8,1,2019-04-24,Away,515,V,LAClippers,37,34,33,25,129,235.0,231.5,1198,119,2019,GSW_vs_LAC_42018,2,GSW_vs_LAC_42018_2019-04-24,GSW,3,2–3
42018,1610612744,GSW,Golden State Warriors,41800145,GSW vs. LAC,L,240,43,96,0.448,15,39,0.385,20,22,0.909,15,24,39,31,7,3,8,23,121,-8,1,2019-04-24,Home,516,H,GoldenState,41,22,31,27,121,14.0,15.0,-2600,13.5,2019,GSW_vs_LAC_42018,3,GSW_vs_LAC_42018_2019-04-24,LAC,2,3–2
42018,1610612744,GSW,Golden State Warriors,41800146,GSW @ LAC,W,240,47,89,0.528,10,30,0.333,25,31,0.806,7,39,46,32,6,9,10,24,129,19,1,2019-04-26,Away,533,V,GoldenState,35,37,30,27,129,9.0,10.5,-600,0.5,2019,GSW_vs_LAC_42018,4,GSW_vs_LAC_42018_2019-04-26,LAC,2,4–2
42018,1610612746,LAC,LA Clippers,41800146,LAC vs. GSW,L,240,38,96,0.396,11,32,0.344,23,28,0.821,16,33,49,22,7,5,15,26,110,-19,1,2019-04-26,Home,534,H,LAClippers,31,22,25,32,110,234.5,232.0,447,112,2019,GSW_vs_LAC_42018,2,GSW_vs_LAC_42018_2019-04-26,GSW,4,2–4
42021,1610612763,MEM,Memphis Grizzlies,42100231,MEM vs. GSW,L,240,41,95,0.432,16,40,0.4,18,24,0.75,16,30,46,26,11,6,16,19,116,-1,1,2022-05-01,Home,516,H,Memphis,32,29,29,26,116,217.5,224.0,125,110.5,2022,GSW_vs_MEM_42021,0,GSW_vs_MEM_42021_2022-05-01,GSW,1,0–1
42021,1610612744,GSW,Golden State Warriors,42100231,GSW @ MEM,W,240,45,93,0.484,14,38,0.368,13,20,0.65,16,36,52,31,10,6,18,25,117,1,1,2022-05-01,Away,515,V,GoldenState,24,31,36,26,117,2.5,2.5,-145,1.5,2022,GSW_vs_MEM_42021,1,GSW_vs_MEM_42021_2022-05-01,MEM,0,1–0
42021,1610612744,GSW,Golden State Warriors,42100232,GSW @ MEM,L,240,40,95,0.421,7,38,0.184,14,18,0.778,14,38,52,27,6,2,18,20,101,-5,1,2022-05-03,Away,533,V,GoldenState,25,26,26,24,101,2,2.0,-130,3,2022,GSW_vs_MEM_42021,1,GSW_vs_MEM_42021_2022-05-03,MEM,1,1–1
42021,1610612763,MEM,Memphis Grizzlies,42100232,MEM vs. GSW,W,240,36,91,0.396,14,45,0.311,20,21,0.952,13,36,49,17,13,6,15,23,106,5,1,2022-05-03,Home,534,H,Memphis,33,23,21,29,106,227,227.5,110,111,2022,GSW_vs_MEM_42021,1,GSW_vs_MEM_42021_2022-05-03,GSW,1,1–1
42021,1610612744,GSW,Golden State Warriors,42100233,GSW vs. MEM,W,240,53,85,0.624,17,32,0.531,19,21,0.905,4,34,38,34,5,4,16,24,142,30,1,2022-05-07,Home,574,H,GoldenState,26,38,37,41,142,6.5,7.0,-310,2,2022,GSW_vs_MEM_42021,2,GSW_vs_MEM_42021_2022-05-07,MEM,1,2–1
42021,1610612763,MEM,Memphis Grizzlies,42100233,MEM @ GSW,L,240,40,92,0.435,16,43,0.372,16,21,0.762,7,23,30,21,7,4,12,20,112,-30,1,2022-05-07,Away,573,V,Memphis,28,29,23,32,112,226.5,225.5,260,115,2022,GSW_vs_MEM_42021,1,GSW_vs_MEM_42021_2022-05-07,GSW,2,1–2
42021,1610612744,GSW,Golden State Warriors,42100234,GSW vs. MEM,W,240,36,90,0.4,9,37,0.243,20,22,0.909,10,44,54,25,6,7,16,15,101,3,1,2022-05-09,Home,584,H,GoldenState,20,18,24,39,101,9,9.5,-550,9,2022,GSW_vs_MEM_42021,3,GSW_vs_MEM_42021_2022-05-09,MEM,1,3–1
42021,1610612763,MEM,Memphis Grizzlies,42100234,MEM @ GSW,L,240,40,96,0.417,9,35,0.257,9,15,0.6,10,38,48,25,10,10,12,19,98,-3,1,2022-05-09,Away,583,V,Memphis,24,17,28,29,98,227,222.5,425,113.5,2022,GSW_vs_MEM_42021,1,GSW_vs_MEM_42021_2022-05-09,GSW,3,1–3
42021,1610612763,MEM,Memphis Grizzlies,42100235,MEM vs. GSW,W,240,47,99,0.475,18,41,0.439,22,30,0.733,18,37,55,37,12,4,10,17,134,39,1,2022-05-11,Home,510,H,Memphis,38,39,42,15,134,219.5,219.0,155,107,2022,GSW_vs_MEM_42021,2,GSW_vs_MEM_42021_2022-05-11,GSW,3,2–3
42021,1610612744,GSW,Golden State Warriors,42100235,GSW @ MEM,L,240,36,80,0.45,14,39,0.359,9,13,0.692,4,33,37,22,3,5,22,23,95,-39,1,2022-05-11,Away,509,V,GoldenState,28,22,17,28,95,3,4.0,-175,10,2022,GSW_vs_MEM_42021,3,GSW_vs_MEM_42021_2022-05-11,MEM,2,3–2
42021,1610612763,MEM,Memphis Grizzlies,42100236,MEM @ GSW,L,240,34,96,0.354,15,36,0.417,13,20,0.65,10,34,44,21,8,6,7,12,96,-14,1,2022-05-13,Away,517,V,Memphis,26,25,26,19,96,219.5,218.5,320,112.5,2022,GSW_vs_MEM_42021,2,GSW_vs_MEM_42021_2022-05-13,GSW,4,2–4
42021,1610612744,GSW,Golden State Warriors,42100236,GSW vs. MEM,W,240,41,104,0.394,20,53,0.377,8,11,0.727,25,45,70,24,3,10,19,17,110,14,1,2022-05-13,Home,518,H,GoldenState,30,23,25,32,110,8.5,7.5,-380,4.5,2022,GSW_vs_MEM_42021,4,GSW_vs_MEM_42021_2022-05-13,MEM,2,4–2
42017,1610612740,NOP,New Orleans Pelicans,41700231,NOP @ GSW,L,240,42,96,0.438,8,25,0.32,9,11,0.818,7,35,42,24,7,3,12,24,101,-22,1,2018-04-28,Away,551,V,NewOrleans,34,21,19,27,101,224,223.5,255,1.5,2018,GSW_vs_NOP_42017,0,GSW_vs_NOP_42017_2018-04-28,GSW,1,0–1
42017,1610612744,GSW,Golden State Warriors,41700231,GSW vs. NOP,W,240,44,91,0.484,11,27,0.407,24,32,0.75,13,44,57,33,8,10,14,16,123,22,1,2018-04-28,Home,552,H,GoldenState,35,41,27,20,123,8,7,-320,108.5,2018,GSW_vs_NOP_42017,1,GSW_vs_NOP_42017_2018-04-28,NOP,0,1–0
42017,1610612740,NOP,New Orleans Pelicans,41700232,NOP @ GSW,L,240,48,105,0.457,13,37,0.351,7,9,0.778,10,36,46,33,12,5,14,19,116,-5,1,2018-05-01,Away,709,V,NewOrleans,29,26,31,30,116,226.5,229.5,600,113,2018,GSW_vs_NOP_42017,0,GSW_vs_NOP_42017_2018-05-01,GSW,2,0–2
42017,1610612744,GSW,Golden State Warriors,41700232,GSW vs. NOP,W,240,43,91,0.473,13,40,0.325,22,27,0.815,7,42,49,36,10,8,16,18,121,5,1,2018-05-01,Home,710,H,GoldenState,27,31,30,33,121,10,11,-900,7,2018,GSW_vs_NOP_42017,2,GSW_vs_NOP_42017_2018-05-01,NOP,0,2–0
42017,1610612740,NOP,New Orleans Pelicans,41700233,NOP vs. GSW,W,240,48,96,0.5,14,31,0.452,9,12,0.75,10,44,54,36,7,3,15,20,119,19,1,2018-05-04,Home,514,H,NewOrleans,30,32,30,27,119,230.5,233,180,115,2018,GSW_vs_NOP_42017,1,GSW_vs_NOP_42017_2018-05-04,GSW,2,1–2
42017,1610612744,GSW,Golden State Warriors,41700233,GSW @ NOP,L,240,35,92,0.38,9,31,0.29,21,26,0.808,10,34,44,22,11,4,12,17,100,-19,1,2018-05-04,Away,513,V,GoldenState,21,35,19,25,100,4.5,4.5,-220,8,2018,GSW_vs_NOP_42017,2,GSW_vs_NOP_42017_2018-05-04,NOP,1,2–1
42017,1610612740,NOP,New Orleans Pelicans,41700234,NOP vs. GSW,L,240,32,88,0.364,4,26,0.154,24,30,0.8,10,41,51,17,7,4,19,21,92,-26,1,2018-05-06,Home,706,H,NewOrleans,22,32,19,19,92,222,231.5,200,114,2018,GSW_vs_NOP_42017,1,GSW_vs_NOP_42017_2018-05-06,GSW,3,1–3
42017,1610612744,GSW,Golden State Warriors,41700234,GSW @ NOP,W,240,46,95,0.484,11,33,0.333,15,18,0.833,5,40,45,28,11,5,11,20,118,26,1,2018-05-06,Away,705,V,GoldenState,37,24,33,24,118,4.5,5.5,-250,1.5,2018,GSW_vs_NOP_42017,3,GSW_vs_NOP_42017_2018-05-06,NOP,1,3–1
42017,1610612744,GSW,Golden State Warriors,41700235,GSW vs. NOP,W,240,48,99,0.485,7,27,0.259,10,12,0.833,11,41,52,35,10,2,13,18,113,9,1,2018-05-08,Home,508,H,GoldenState,32,27,36,18,113,12,12,-1000,7.5,2018,GSW_vs_NOP_42017,4,GSW_vs_NOP_42017_2018-05-08,NOP,1,4–1
42017,1610612740,NOP,New Orleans Pelicans,41700235,NOP @ GSW,L,240,41,88,0.466,10,24,0.417,12,16,0.75,4,40,44,26,7,4,14,12,104,-9,1,2018-05-08,Away,507,V,NewOrleans,26,30,19,29,104,229,230.5,650,113,2018,GSW_vs_NOP_42017,1,GSW_vs_NOP_42017_2018-05-08,GSW,4,1–4
42018,1610612744,GSW,Golden State Warriors,41800311,GSW vs. POR,W,240,42,84,0.5,17,33,0.515,15,18,0.833,11,31,42,30,13,8,14,24,116,22,1,2019-05-14,Home,534,H,GoldenState,27,27,23,39,116,8.0,7.0,-300,1,2019,GSW_vs_POR_42018,1,GSW_vs_POR_42018_2019-05-14,POR,0,1–0
42018,1610612757,POR,Portland Trail Blazers,41800311,POR @ GSW,L,240,30,83,0.361,7,28,0.25,27,31,0.871,16,31,47,21,5,5,21,16,94,-22,1,2019-05-14,Away,533,V,Portland,23,22,26,23,94,218.5,220.5,245,114,2019,GSW_vs_POR_42018,0,GSW_vs_POR_42018_2019-05-14,GSW,1,0–1
42018,1610612757,POR,Portland Trail Blazers,41800312,POR @ GSW,L,240,38,86,0.442,18,39,0.462,17,18,0.944,10,27,37,23,8,1,13,22,111,-3,1,2019-05-16,Away,543,V,Portland,31,34,24,22,111,218.0,219.5,256,112.5,2019,GSW_vs_POR_42018,0,GSW_vs_POR_42018_2019-05-16,GSW,2,0–2
42018,1610612744,GSW,Golden State Warriors,41800312,GSW vs. POR,W,240,42,82,0.512,9,29,0.31,21,27,0.778,12,38,50,30,4,9,16,21,114,3,1,2019-05-16,Home,544,H,GoldenState,29,21,39,25,114,8.0,7.0,-315,9.5,2019,GSW_vs_POR_42018,2,GSW_vs_POR_42018_2019-05-16,POR,0,2–0
42018,1610612744,GSW,Golden State Warriors,41800313,GSW @ POR,W,240,41,84,0.488,8,26,0.308,20,23,0.87,7,42,49,27,9,5,14,24,110,11,1,2019-05-18,Away,547,V,GoldenState,27,26,29,28,110,221.0,220.5,135,4.5,2019,GSW_vs_POR_42018,3,GSW_vs_POR_42018_2019-05-18,POR,0,3–0
42018,1610612757,POR,Portland Trail Blazers,41800313,POR vs. GSW,L,240,34,85,0.4,11,35,0.314,20,33,0.606,10,31,41,22,9,3,11,23,99,-11,1,2019-05-18,Home,548,H,Portland,29,37,13,20,99,2.5,2.5,-155,108.5,2019,GSW_vs_POR_42018,0,GSW_vs_POR_42018_2019-05-18,GSW,3,0–3
42018,1610612744,GSW,Golden State Warriors,41800314,GSW @ POR,W,265,46,99,0.465,12,39,0.308,15,19,0.789,15,41,56,30,10,5,15,17,119,2,1,2019-05-20,Away,501,V,GoldenState,36,29,22,24,119,3.0,2.0,-127,3,2019,GSW_vs_POR_42018,4,GSW_vs_POR_42018_2019-05-20,POR,0,4–0
42018,1610612757,POR,Portland Trail Blazers,41800314,POR vs. GSW,L,265,47,98,0.48,16,41,0.39,7,10,0.7,6,32,38,31,5,6,13,15,117,-2,1,2019-05-20,Home,502,H,Portland,35,34,26,16,117,218.5,218.0,107,109,2019,GSW_vs_POR_42018,0,GSW_vs_POR_42018_2019-05-20,GSW,4,0–4
42017,1610612744,GSW,Golden State Warriors,41700151,GSW vs. SAS,W,240,44,81,0.543,10,22,0.455,15,22,0.682,10,41,51,32,6,6,15,18,113,21,1,2018-04-14,Home,502,H,GoldenState,28,29,29,27,113,8,8,-400,0.5,2018,GSW_vs_SAS_42017,1,GSW_vs_SAS_42017_2018-04-14,SAS,0,1–0
42017,1610612759,SAS,San Antonio Spurs,41700151,SAS @ GSW,L,240,32,80,0.4,9,22,0.409,19,24,0.792,3,27,30,19,9,4,13,20,92,-21,1,2018-04-14,Away,501,V,SanAntonio,17,24,22,29,92,210,205.5,300,105,2018,GSW_vs_SAS_42017,0,GSW_vs_SAS_42017_2018-04-14,GSW,1,0–1
42017,1610612744,GSW,Golden State Warriors,41700152,GSW vs. SAS,W,240,41,78,0.526,15,31,0.484,19,20,0.95,6,33,39,32,5,5,15,24,116,15,1,2018-04-16,Home,704,H,GoldenState,23,24,33,36,116,9.5,9,-650,9.5,2018,GSW_vs_SAS_42017,2,GSW_vs_SAS_42017_2018-04-16,SAS,0,2–0
42017,1610612759,SAS,San Antonio Spurs,41700152,SAS @ GSW,L,240,35,85,0.412,4,28,0.143,27,30,0.9,9,26,35,16,10,2,9,21,101,-15,1,2018-04-16,Away,703,V,SanAntonio,25,28,22,26,101,207,206,450,106.5,2018,GSW_vs_SAS_42017,0,GSW_vs_SAS_42017_2018-04-16,GSW,2,0–2
42017,1610612744,GSW,Golden State Warriors,41700153,GSW @ SAS,W,240,42,82,0.512,10,32,0.313,16,18,0.889,4,35,39,26,8,7,10,16,110,13,1,2018-04-19,Away,527,V,GoldenState,26,26,32,26,110,2.5,3.5,-170,1,2018,GSW_vs_SAS_42017,3,GSW_vs_SAS_42017_2018-04-19,SAS,0,3–0
42017,1610612759,SAS,San Antonio Spurs,41700153,SAS vs. GSW,L,240,37,87,0.425,7,33,0.212,16,20,0.8,10,31,41,19,8,5,12,21,97,-13,1,2018-04-19,Home,528,H,SanAntonio,23,23,26,25,97,207,205.5,145,100.5,2018,GSW_vs_SAS_42017,0,GSW_vs_SAS_42017_2018-04-19,GSW,3,0–3
42017,1610612744,GSW,Golden State Warriors,41700154,GSW @ SAS,L,240,34,90,0.378,7,28,0.25,15,17,0.882,24,37,61,19,6,2,18,22,90,-13,1,2018-04-22,Away,503,V,GoldenState,22,20,29,19,90,6,5.5,-300,8,2018,GSW_vs_SAS_42017,3,GSW_vs_SAS_42017_2018-04-22,SAS,1,3–1
42017,1610612759,SAS,San Antonio Spurs,41700154,SAS vs. GSW,W,240,37,81,0.457,15,28,0.536,14,19,0.737,7,27,34,20,6,4,8,18,103,13,1,2018-04-22,Home,504,H,SanAntonio,30,26,21,26,103,203.5,206.5,240,103,2018,GSW_vs_SAS_42017,1,GSW_vs_SAS_42017_2018-04-22,GSW,3,1–3
42017,1610612744,GSW,Golden State Warriors,41700155,GSW vs. SAS,W,240,37,83,0.446,5,27,0.185,20,25,0.8,8,39,47,25,5,5,10,19,99,8,1,2018-04-24,Home,708,H,GoldenState,22,27,30,20,99,11,11,-1000,4,2018,GSW_vs_SAS_42017,4,GSW_vs_SAS_42017_2018-04-24,SAS,1,4–1
42017,1610612759,SAS,San Antonio Spurs,41700155,SAS @ GSW,L,240,32,86,0.372,7,30,0.233,20,22,0.909,13,35,48,21,5,0,13,22,91,-8,1,2018-04-24,Away,707,V,SanAntonio,20,18,27,26,91,204.5,205,650,106,2018,GSW_vs_SAS_42017,1,GSW_vs_SAS_42017_2018-04-24,GSW,4,1–4
42018,1610612761,TOR,Toronto Raptors,41800401,TOR vs. GSW,W,240,39,77,0.506,13,33,0.394,27,32,0.844,7,29,36,25,6,6,10,26,118,9,1,2019-05-30,Home,522,H,Toronto,25,34,29,30,118,215.5,2.0,-135,105,2019,GSW_vs_TOR_42018,1,GSW_vs_TOR_42018_2019-05-30,GSW,0,1–0
42018,1610612744,GSW,Golden State Warriors,41800401,GSW @ TOR,L,240,34,78,0.436,12,31,0.387,29,31,0.935,9,29,38,29,6,2,17,27,109,-9,1,2019-05-30,Away,521,V,GoldenState,21,28,32,28,109,1.0,212.5,115,4.5,2019,GSW_vs_TOR_42018,0,GSW_vs_TOR_42018_2019-05-30,TOR,1,0–1
42018,1610612744,GSW,Golden State Warriors,41800402,GSW @ TOR,W,240,38,82,0.463,13,34,0.382,20,23,0.87,6,36,42,34,7,5,16,26,109,5,1,2019-06-02,Away,523,V,GoldenState,26,28,34,21,109,1.0,213.5,117,1,2019,GSW_vs_TOR_42018,1,GSW_vs_TOR_42018_2019-06-02,TOR,1,1–1
42018,1610612761,TOR,Toronto Raptors,41800402,TOR vs. GSW,L,240,35,94,0.372,11,38,0.289,23,26,0.885,15,34,49,17,8,2,15,22,104,-5,1,2019-06-02,Home,524,H,Toronto,27,32,21,24,104,216.0,2.5,-137,106.5,2019,GSW_vs_TOR_42018,1,GSW_vs_TOR_42018_2019-06-02,GSW,1,1–1
42018,1610612744,GSW,Golden State Warriors,41800403,GSW vs. TOR,L,240,36,91,0.396,12,36,0.333,25,30,0.833,13,28,41,25,8,3,15,21,109,-14,1,2019-06-05,Home,526,H,GoldenState,29,23,31,26,109,5.5,2.5,-134,3.5,2019,GSW_vs_TOR_42018,1,GSW_vs_TOR_42018_2019-06-05,TOR,2,1–2
42018,1610612761,TOR,Toronto Raptors,41800403,TOR @ GSW,W,240,43,82,0.524,17,38,0.447,20,21,0.952,5,35,40,30,9,10,16,22,123,14,1,2019-06-05,Away,525,V,Toronto,36,24,36,27,123,214.0,209.5,114,108,2019,GSW_vs_TOR_42018,2,GSW_vs_TOR_42018_2019-06-05,GSW,1,2–1
42018,1610612761,TOR,Toronto Raptors,41800404,TOR @ GSW,W,240,36,86,0.419,10,32,0.313,23,24,0.958,7,32,39,22,12,4,11,21,105,13,1,2019-06-07,Away,527,V,Toronto,17,25,37,26,105,216.0,215.0,194,110.5,2019,GSW_vs_TOR_42018,3,GSW_vs_TOR_42018_2019-06-07,GSW,1,3–1
42018,1610612744,GSW,Golden State Warriors,41800404,GSW vs. TOR,L,240,35,78,0.449,8,27,0.296,14,21,0.667,8,34,42,26,6,6,19,23,92,-13,1,2019-06-07,Home,528,H,GoldenState,23,23,21,25,92,4.5,5.0,-233,1.5,2019,GSW_vs_TOR_42018,1,GSW_vs_TOR_42018_2019-06-07,TOR,3,1–3
42018,1610612761,TOR,Toronto Raptors,41800405,TOR vs. GSW,L,240,38,85,0.447,8,32,0.25,21,27,0.778,13,30,43,19,6,5,13,19,105,-1,1,2019-06-10,Home,530,H,Toronto,28,28,22,27,105,3.0,1.0,-113,5,2019,GSW_vs_TOR_42018,3,GSW_vs_TOR_42018_2019-06-10,GSW,2,3–2
42018,1610612744,GSW,Golden State Warriors,41800405,GSW @ TOR,W,240,38,82,0.463,20,42,0.476,10,14,0.714,6,31,37,27,5,7,16,22,106,1,1,2019-06-10,Away,529,V,GoldenState,34,28,22,22,106,212.0,217.0,-107,107,2019,GSW_vs_TOR_42018,2,GSW_vs_TOR_42018_2019-06-10,TOR,3,2–3
42018,1610612744,GSW,Golden State Warriors,41800406,GSW vs. TOR,L,240,39,80,0.488,11,31,0.355,21,30,0.7,11,31,42,28,9,6,17,23,110,-4,1,2019-06-13,Home,532,H,GoldenState,32,25,31,22,110,4.0,2.5,-144,2,2019,GSW_vs_TOR_42018,2,GSW_vs_TOR_42018_2019-06-13,TOR,4,2–4
42018,1610612761,TOR,Toronto Raptors,41800406,TOR @ GSW,W,240,39,82,0.476,13,33,0.394,23,29,0.793,11,28,39,25,8,2,12,23,114,4,1,2019-06-13,Away,531,V,Toronto,33,27,26,28,114,211.0,211.5,124,107.5,2019,GSW_vs_TOR_42018,4,GSW_vs_TOR_42018_2019-06-13,GSW,2,4–2
42017,1610612745,HOU,Houston Rockets,41700141,HOU vs. MIN,W,240,39,83,0.47,10,37,0.27,16,23,0.696,8,29,37,15,8,8,11,19,104,3,1,2018-04-15,Home,516,H,Houston,27,27,22,28,104,10.5,11.5,-1300,4.5,2018,HOU_vs_MIN_42017,1,HOU_vs_MIN_42017_2018-04-15,MIN,0,1–0
42017,1610612750,MIN,Minnesota Timberwolves,41700141,MIN @ HOU,L,240,35,80,0.438,8,23,0.348,23,28,0.821,11,36,47,22,3,2,14,19,101,-3,1,2018-04-15,Away,515,V,Minnesota,21,26,25,29,101,217,215,797,107,2018,HOU_vs_MIN_42017,0,HOU_vs_MIN_42017_2018-04-15,HOU,1,0–1
42017,1610612745,HOU,Houston Rockets,41700142,HOU vs. MIN,W,240,35,96,0.365,16,52,0.308,16,21,0.762,12,42,54,22,8,9,9,17,102,20,1,2018-04-18,Home,522,H,Houston,18,37,25,22,102,10,10.5,-850,1.5,2018,HOU_vs_MIN_42017,2,HOU_vs_MIN_42017_2018-04-18,MIN,0,2–0
42017,1610612750,MIN,Minnesota Timberwolves,41700142,MIN @ HOU,L,240,31,80,0.388,5,18,0.278,15,21,0.714,9,43,52,15,7,7,16,16,82,-20,1,2018-04-18,Away,521,V,Minnesota,23,17,18,24,82,214,215.5,575,107,2018,HOU_vs_MIN_42017,0,HOU_vs_MIN_42017_2018-04-18,HOU,2,0–2
42017,1610612745,HOU,Houston Rockets,41700143,HOU @ MIN,L,240,37,81,0.457,15,41,0.366,16,25,0.64,7,32,39,18,4,3,10,18,105,-16,1,2018-04-21,Away,721,V,Houston,28,23,24,30,105,3.5,5.5,-240,5.5,2018,HOU_vs_MIN_42017,2,HOU_vs_MIN_42017_2018-04-21,MIN,1,2–1
42017,1610612750,MIN,Minnesota Timberwolves,41700143,MIN vs. HOU,W,240,45,90,0.5,15,27,0.556,16,22,0.727,8,33,41,29,9,3,7,16,121,16,1,2018-04-21,Home,722,H,Minnesota,27,25,35,34,121,213,217,199,109.5,2018,HOU_vs_MIN_42017,1,HOU_vs_MIN_42017_2018-04-21,HOU,2,1–2
42017,1610612750,MIN,Minnesota Timberwolves,41700144,MIN vs. HOU,L,240,39,84,0.464,8,22,0.364,14,23,0.609,10,38,48,23,4,1,17,22,100,-19,1,2018-04-23,Home,510,H,Minnesota,21,28,20,31,100,219,217.5,210,107,2018,HOU_vs_MIN_42017,1,HOU_vs_MIN_42017_2018-04-23,HOU,3,1–3
42017,1610612745,HOU,Houston Rockets,41700144,HOU @ MIN,W,240,40,92,0.435,16,43,0.372,23,26,0.885,10,36,46,20,11,6,7,17,119,19,1,2018-04-23,Away,509,V,Houston,21,29,50,19,119,5,6,-260,4,2018,HOU_vs_MIN_42017,3,HOU_vs_MIN_42017_2018-04-23,MIN,1,3–1
42017,1610612745,HOU,Houston Rockets,41700145,HOU vs. MIN,W,240,45,88,0.511,18,44,0.409,14,19,0.737,8,32,40,29,3,5,5,17,122,18,1,2018-04-25,Home,714,H,Houston,25,30,30,37,122,11,12,-1400,11,2018,HOU_vs_MIN_42017,4,HOU_vs_MIN_42017_2018-04-25,MIN,1,4–1
42017,1610612750,MIN,Minnesota Timberwolves,41700145,MIN @ HOU,L,240,40,79,0.506,9,19,0.474,15,20,0.75,5,33,38,23,2,3,9,18,104,-18,1,2018-04-25,Away,713,V,Minnesota,26,33,15,30,104,219,217.5,800,108.5,2018,HOU_vs_MIN_42017,1,HOU_vs_MIN_42017_2018-04-25,HOU,4,1–4
42017,1610612745,HOU,Houston Rockets,41700221,HOU vs. UTA,W,240,37,82,0.451,17,32,0.531,19,24,0.792,8,35,43,18,10,5,15,21,110,14,1,2018-04-29,Home,554,H,Houston,34,30,22,24,110,10,11.5,-1100,0.5,2018,HOU_vs_UTA_42017,1,HOU_vs_UTA_42017_2018-04-29,UTA,0,1–0
42017,1610612762,UTA,Utah Jazz,41700221,UTA @ HOU,L,240,38,76,0.5,7,22,0.318,13,22,0.591,6,31,37,20,11,3,18,20,96,-14,1,2018-04-29,Away,553,V,Utah,21,18,29,28,96,205,206,711,105.5,2018,HOU_vs_UTA_42017,0,HOU_vs_UTA_42017_2018-04-29,HOU,1,0–1
42017,1610612745,HOU,Houston Rockets,41700222,HOU vs. UTA,L,240,38,95,0.4,10,37,0.27,22,27,0.815,11,38,49,22,11,7,8,21,108,-8,1,2018-05-02,Home,508,H,Houston,28,27,30,23,108,11.5,11,-1100,11.5,2018,HOU_vs_UTA_42017,1,HOU_vs_UTA_42017_2018-05-02,UTA,1,1–1
42017,1610612762,UTA,Utah Jazz,41700222,UTA @ HOU,W,240,43,83,0.518,15,32,0.469,15,25,0.6,5,43,48,26,4,5,17,24,116,8,1,2018-05-02,Away,507,V,Utah,36,28,22,30,116,206,205,700,107.5,2018,HOU_vs_UTA_42017,1,HOU_vs_UTA_42017_2018-05-02,HOU,1,1–1
42017,1610612745,HOU,Houston Rockets,41700223,HOU @ UTA,W,240,42,86,0.488,11,36,0.306,18,20,0.9,3,38,41,26,8,7,9,19,113,21,1,2018-05-04,Away,515,V,Houston,39,31,23,20,113,3.5,4.5,-200,103.5,2018,HOU_vs_UTA_42017,2,HOU_vs_UTA_42017_2018-05-04,UTA,1,2–1
42017,1610612762,UTA,Utah Jazz,41700223,UTA vs. HOU,L,240,35,84,0.417,11,29,0.379,11,15,0.733,5,38,43,17,3,4,16,19,92,-21,1,2018-05-04,Home,516,H,Utah,22,18,25,27,92,207,209.5,170,5.5,2018,HOU_vs_UTA_42017,1,HOU_vs_UTA_42017_2018-05-04,HOU,2,1–2
42017,1610612762,UTA,Utah Jazz,41700224,UTA vs. HOU,L,240,32,83,0.386,7,29,0.241,16,20,0.8,8,37,45,16,8,5,17,21,87,-13,1,2018-05-06,Home,708,H,Utah,23,25,17,22,87,208.5,211,235,105,2018,HOU_vs_UTA_42017,1,HOU_vs_UTA_42017_2018-05-06,HOU,3,1–3
42017,1610612745,HOU,Houston Rockets,41700224,HOU @ UTA,W,240,37,88,0.42,10,38,0.263,16,17,0.941,9,40,49,15,11,9,13,21,100,13,1,2018-05-06,Away,707,V,Houston,30,28,21,21,100,5,6,-290,0.5,2018,HOU_vs_UTA_42017,3,HOU_vs_UTA_42017_2018-05-06,UTA,1,3–1
42017,1610612762,UTA,Utah Jazz,41700225,UTA @ HOU,L,240,38,81,0.469,10,28,0.357,16,21,0.762,11,30,41,24,5,5,12,18,102,-10,1,2018-05-08,Away,505,V,Utah,16,30,32,24,102,209.5,208,700,107.5,2018,HOU_vs_UTA_42017,1,HOU_vs_UTA_42017_2018-05-08,HOU,4,1–4
42017,1610612745,HOU,Houston Rockets,41700225,HOU vs. UTA,W,240,40,83,0.482,18,39,0.462,14,17,0.824,6,34,40,21,10,8,10,18,112,10,1,2018-05-08,Home,506,H,Houston,21,33,21,37,112,12,11.5,-1100,5,2018,HOU_vs_UTA_42017,4,HOU_vs_UTA_42017_2018-05-08,UTA,1,4–1
42018,1610612762,UTA,Utah Jazz,41800171,UTA @ HOU,L,240,30,77,0.39,7,27,0.259,23,27,0.852,7,34,41,17,6,2,19,20,90,-32,1,2019-04-14,Away,517,V,Utah,24,20,27,19,90,219.0,212.5,210,1,2019,HOU_vs_UTA_42018,0,HOU_vs_UTA_42018_2019-04-14,HOU,1,0–1
42018,1610612745,HOU,Houston Rockets,41800171,HOU vs. UTA,W,240,48,95,0.505,15,41,0.366,11,12,0.917,8,34,42,25,6,6,12,20,122,32,1,2019-04-14,Home,518,H,Houston,31,28,24,39,122,5.5,6.5,-260,108,2019,HOU_vs_UTA_42018,1,HOU_vs_UTA_42018_2019-04-14,UTA,0,1–0
42018,1610612762,UTA,Utah Jazz,41800172,UTA @ HOU,L,240,39,98,0.398,8,38,0.211,12,18,0.667,15,33,48,27,16,3,12,26,98,-20,1,2019-04-17,Away,541,V,Utah,19,25,23,31,98,212.5,216.0,240,3.5,2019,HOU_vs_UTA_42018,0,HOU_vs_UTA_42018_2019-04-17,HOU,2,0–2
42018,1610612745,HOU,Houston Rockets,41800172,HOU vs. UTA,W,240,38,80,0.475,17,42,0.405,25,30,0.833,8,38,46,17,8,9,18,18,118,20,1,2019-04-17,Home,542,H,Houston,39,31,25,23,118,6.5,6.5,-300,111,2019,HOU_vs_UTA_42018,2,HOU_vs_UTA_42018_2019-04-17,UTA,0,2–0
42018,1610612745,HOU,Houston Rockets,41800173,HOU @ UTA,W,240,33,86,0.384,15,45,0.333,23,34,0.676,9,43,52,19,11,4,13,25,104,3,1,2019-04-20,Away,563,V,Houston,28,22,24,30,104,216.0,214.5,110,1.5,2019,HOU_vs_UTA_42018,3,HOU_vs_UTA_42018_2019-04-20,UTA,0,3–0
42018,1610612762,UTA,Utah Jazz,41800173,UTA vs. HOU,L,240,32,77,0.416,12,41,0.293,25,38,0.658,7,41,48,21,9,11,14,22,101,-3,1,2019-04-20,Home,564,H,Utah,30,25,21,25,101,2.5,2.5,-130,106.5,2019,HOU_vs_UTA_42018,0,HOU_vs_UTA_42018_2019-04-20,HOU,3,0–3
42018,1610612745,HOU,Houston Rockets,41800174,HOU @ UTA,L,240,28,79,0.354,17,46,0.37,18,24,0.75,9,26,35,14,9,4,16,23,91,-16,1,2019-04-22,Away,575,V,Houston,24,23,32,12,91,1.0,2.0,-130,3.5,2019,HOU_vs_UTA_42018,3,HOU_vs_UTA_42018_2019-04-22,UTA,1,3–1
42018,1610612762,UTA,Utah Jazz,41800174,UTA vs. HOU,W,240,37,86,0.43,11,35,0.314,22,26,0.846,16,36,52,24,7,7,15,19,107,16,1,2019-04-22,Home,576,H,Utah,32,21,23,31,107,212.5,214.5,110,106,2019,HOU_vs_UTA_42018,1,HOU_vs_UTA_42018_2019-04-22,HOU,3,1–3
42018,1610612745,HOU,Houston Rockets,41800175,HOU vs. UTA,W,240,36,81,0.444,13,37,0.351,15,22,0.682,9,37,46,17,12,12,17,21,100,7,1,2019-04-24,Home,518,H,Houston,20,26,29,25,100,8.5,8.5,-385,3.5,2019,HOU_vs_UTA_42018,4,HOU_vs_UTA_42018_2019-04-24,UTA,1,4–1
42018,1610612762,UTA,Utah Jazz,41800175,UTA @ HOU,L,240,35,94,0.372,9,38,0.237,14,19,0.737,14,33,47,26,8,4,16,22,93,-7,1,2019-04-24,Away,517,V,Utah,20,22,27,24,93,213.0,213.5,306,109.5,2019,HOU_vs_UTA_42018,1,HOU_vs_UTA_42018_2019-04-24,HOU,4,1–4
42020,1610612746,LAC,LA Clippers,42000311,LAC @ PHX,L,240,40,88,0.455,20,47,0.426,14,17,0.824,10,29,39,23,6,3,9,17,114,-6,1,2021-06-20,Away,535,V,LAClippers,21,33,39,21,114,221.5,219.5,150,112,2021,LAC_vs_PHX_42020,0,LAC_vs_PHX_42020_2021-06-20,PHX,1,0–1
42020,1610612756,PHX,Phoenix Suns,42000311,PHX vs. LAC,W,240,49,89,0.551,13,32,0.406,9,9,1.0,7,36,43,31,5,3,7,16,120,6,1,2021-06-20,Home,536,H,Phoenix,21,36,36,27,120,4,4,-170,1.5,2021,LAC_vs_PHX_42020,1,LAC_vs_PHX_42020_2021-06-20,LAC,0,1–0
42020,1610612746,LAC,LA Clippers,42000312,LAC @ PHX,L,240,36,80,0.45,13,34,0.382,18,24,0.75,7,32,39,18,3,4,10,19,103,-1,1,2021-06-22,Away,551,V,LAClippers,22,25,24,32,103,224,222.5,165,112,2021,LAC_vs_PHX_42020,0,LAC_vs_PHX_42020_2021-06-22,PHX,2,0–2
42020,1610612756,PHX,Phoenix Suns,42000312,PHX vs. LAC,W,240,41,82,0.5,6,26,0.231,16,18,0.889,7,32,39,24,5,3,9,20,104,1,1,2021-06-22,Home,552,H,Phoenix,25,23,27,29,104,6,4.5,-185,2.5,2021,LAC_vs_PHX_42020,2,LAC_vs_PHX_42020_2021-06-22,LAC,0,2–0
42020,1610612756,PHX,Phoenix Suns,42000313,PHX @ LAC,L,240,35,90,0.389,10,32,0.313,12,13,0.923,11,32,43,24,5,3,11,19,92,-14,1,2021-06-24,Away,571,V,Phoenix,21,27,21,23,92,1,1,-115,0.5,2021,LAC_vs_PHX_42020,2,LAC_vs_PHX_42020_2021-06-24,LAC,1,2–1
42020,1610612746,LAC,LA Clippers,42000313,LAC vs. PHX,W,240,37,82,0.451,12,34,0.353,20,24,0.833,10,41,51,20,8,5,12,15,106,14,1,2021-06-24,Home,572,H,LAClippers,29,17,34,26,106,218.5,221,-105,111.5,2021,LAC_vs_PHX_42020,1,LAC_vs_PHX_42020_2021-06-24,PHX,2,1–2
42020,1610612756,PHX,Phoenix Suns,42000314,PHX @ LAC,W,240,31,86,0.36,4,20,0.2,18,21,0.857,17,42,59,16,4,8,14,27,84,4,1,2021-06-26,Away,591,V,Phoenix,29,21,19,15,84,1,217.5,-110,109.5,2021,LAC_vs_PHX_42020,3,LAC_vs_PHX_42020_2021-06-26,LAC,1,3–1
42020,1610612746,LAC,LA Clippers,42000314,LAC vs. PHX,L,240,27,83,0.325,5,31,0.161,21,32,0.656,15,36,51,13,4,2,12,19,80,-4,1,2021-06-26,Home,592,H,LAClippers,20,16,30,14,80,220,pk,-110,4,2021,LAC_vs_PHX_42020,1,LAC_vs_PHX_42020_2021-06-26,PHX,3,1–3
42020,1610612746,LAC,LA Clippers,42000315,LAC @ PHX,W,240,46,84,0.548,10,30,0.333,14,15,0.933,2,38,40,20,8,2,10,16,116,14,1,2021-06-28,Away,511,V,LAClippers,36,23,32,25,116,215.5,213.5,240,109,2021,LAC_vs_PHX_42020,2,LAC_vs_PHX_42020_2021-06-28,PHX,3,2–3
42020,1610612756,PHX,Phoenix Suns,42000315,PHX vs. LAC,L,240,38,84,0.452,9,26,0.346,17,20,0.85,7,34,41,22,6,1,14,19,102,-14,1,2021-06-28,Home,512,H,Phoenix,26,26,26,24,102,6,7,-280,6,2021,LAC_vs_PHX_42020,3,LAC_vs_PHX_42020_2021-06-28,LAC,2,3–2
42020,1610612756,PHX,Phoenix Suns,42000316,PHX @ LAC,W,240,53,94,0.564,17,31,0.548,7,11,0.636,10,37,47,27,5,4,10,21,130,27,1,2021-06-30,Away,531,V,Phoenix,33,33,31,33,130,215,1,-115,109.5,2021,LAC_vs_PHX_42020,4,LAC_vs_PHX_42020_2021-06-30,LAC,2,4–2
42020,1610612746,LAC,LA Clippers,42000316,LAC vs. PHX,L,240,33,79,0.418,12,39,0.308,25,32,0.781,7,25,32,18,5,3,10,11,103,-27,1,2021-06-30,Home,532,H,LAClippers,29,28,26,20,103,1,214.5,-105,2.5,2021,LAC_vs_PHX_42020,2,LAC_vs_PHX_42020_2021-06-30,PHX,4,2–4
42020,1610612762,UTA,Utah Jazz,42000221,UTA vs. LAC,W,240,37,91,0.407,17,50,0.34,21,26,0.808,12,34,46,18,5,6,7,24,112,3,1,2021-06-08,Home,504,H,Utah,18,29,32,33,112,3.5,3,-150,5,2021,LAC_vs_UTA_42020,1,LAC_vs_UTA_42020_2021-06-08,LAC,0,1–0
42020,1610612746,LAC,LA Clippers,42000221,LAC @ UTA,L,240,36,85,0.424,16,42,0.381,21,24,0.875,9,33,42,22,3,6,9,24,109,-3,1,2021-06-08,Away,503,V,LAClippers,25,35,19,30,109,221.5,222,130,109,2021,LAC_vs_UTA_42020,0,LAC_vs_UTA_42020_2021-06-08,UTA,1,0–1
42020,1610612746,LAC,LA Clippers,42000222,LAC @ UTA,L,240,40,85,0.471,11,30,0.367,20,23,0.87,7,30,37,19,6,3,12,25,111,-6,1,2021-06-10,Away,523,V,LAClippers,29,24,33,25,111,221,222.5,120,2.5,2021,LAC_vs_UTA_42020,0,LAC_vs_UTA_42020_2021-06-10,UTA,2,0–2
42020,1610612762,UTA,Utah Jazz,42000222,UTA vs. LAC,W,240,42,76,0.553,20,39,0.513,13,21,0.619,2,34,36,15,4,3,16,23,117,6,1,2021-06-10,Home,524,H,Utah,30,36,27,24,117,3,2.5,-140,109.5,2021,LAC_vs_UTA_42020,2,LAC_vs_UTA_42020_2021-06-10,LAC,0,2–0
42020,1610612762,UTA,Utah Jazz,42000223,UTA @ LAC,L,240,36,84,0.429,19,44,0.432,15,17,0.882,9,29,38,15,7,1,16,22,106,-26,1,2021-06-12,Away,541,V,Utah,23,26,34,23,106,223.5,222.5,175,2.5,2021,LAC_vs_UTA_42020,2,LAC_vs_UTA_42020_2021-06-12,LAC,1,2–1
42020,1610612746,LAC,LA Clippers,42000223,LAC vs. UTA,W,240,50,89,0.562,19,36,0.528,13,16,0.813,10,31,41,21,6,2,9,18,132,26,1,2021-06-12,Home,542,H,LAClippers,27,37,30,38,132,3.5,4.5,-200,113,2021,LAC_vs_UTA_42020,1,LAC_vs_UTA_42020_2021-06-12,UTA,2,1–2
42020,1610612746,LAC,LA Clippers,42000224,LAC vs. UTA,W,240,36,77,0.468,15,37,0.405,31,38,0.816,10,34,44,19,8,7,11,24,118,14,1,2021-06-14,Home,564,H,LAClippers,30,38,26,24,118,5,5,-220,113.5,2021,LAC_vs_UTA_42020,2,LAC_vs_UTA_42020_2021-06-14,UTA,2,2–2
42020,1610612762,UTA,Utah Jazz,42000224,UTA @ LAC,L,240,33,77,0.429,17,42,0.405,21,26,0.808,8,31,39,19,4,3,11,32,104,-14,1,2021-06-14,Away,563,V,Utah,13,31,29,31,104,223.5,223.5,190,3.5,2021,LAC_vs_UTA_42020,2,LAC_vs_UTA_42020_2021-06-14,LAC,2,2–2
42020,1610612746,LAC,LA Clippers,42000225,LAC @ UTA,W,240,41,80,0.513,16,40,0.4,21,25,0.84,8,31,39,17,11,3,14,22,119,8,1,2021-06-16,Away,583,V,LAClippers,36,24,32,27,119,223.5,219.5,310,110.5,2021,LAC_vs_UTA_42020,3,LAC_vs_UTA_42020_2021-06-16,UTA,2,3–2
42020,1610612762,UTA,Utah Jazz,42000225,UTA vs. LAC,L,240,36,80,0.45,20,54,0.37,19,27,0.704,7,29,36,15,7,1,14,21,111,-8,1,2021-06-16,Home,584,H,Utah,37,28,18,28,111,2.5,8.5,-370,4.5,2021,LAC_vs_UTA_42020,2,LAC_vs_UTA_42020_2021-06-16,LAC,3,2–3
42020,1610612746,LAC,LA Clippers,42000226,LAC vs. UTA,W,240,48,85,0.565,20,39,0.513,15,17,0.882,10,23,33,27,13,6,8,16,131,12,1,2021-06-18,Home,514,H,LAClippers,31,19,41,40,131,218.5,221,135,4.5,2021,LAC_vs_UTA_42020,4,LAC_vs_UTA_42020_2021-06-18,UTA,2,4–2
42020,1610612762,UTA,Utah Jazz,42000226,UTA @ LAC,L,240,42,86,0.488,21,44,0.477,14,19,0.737,16,27,43,19,4,0,16,19,119,-12,1,2021-06-18,Away,513,V,Utah,33,39,22,25,119,2,2.5,-155,111,2021,LAC_vs_UTA_42020,2,LAC_vs_UTA_42020_2021-06-18,LAC,4,2–4
42020,1610612747,LAL,Los Angeles Lakers,42000151,LAL @ PHX,L,240,33,76,0.434,7,26,0.269,17,28,0.607,10,23,33,19,10,5,14,18,90,-9,1,2021-05-23,Away,513,V,LALakers,25,20,23,22,90,215.5,213.5,120,2.5,2021,LAL_vs_PHX_42020,0,LAL_vs_PHX_42020_2021-05-23,PHX,1,0–1
42020,1610612756,PHX,Phoenix Suns,42000151,PHX vs. LAL,W,240,40,86,0.465,9,28,0.321,10,12,0.833,16,31,47,24,7,4,16,20,99,9,1,2021-05-23,Home,514,H,Phoenix,32,21,28,18,99,3.5,2,-140,104.5,2021,LAL_vs_PHX_42020,1,LAL_vs_PHX_42020_2021-05-23,LAL,0,1–0
42020,1610612747,LAL,Los Angeles Lakers,42000152,LAL @ PHX,W,240,36,80,0.45,10,33,0.303,27,31,0.871,8,31,39,24,9,6,9,23,109,7,1,2021-05-25,Away,533,V,LALakers,30,23,26,30,109,1,2,-135,102.5,2021,LAL_vs_PHX_42020,1,LAL_vs_PHX_42020_2021-05-25,PHX,1,1–1
42020,1610612756,PHX,Phoenix Suns,42000152,PHX vs. LAL,L,240,33,71,0.465,8,26,0.308,28,30,0.933,4,27,31,21,4,3,13,23,102,-7,1,2021-05-25,Home,534,H,Phoenix,24,23,25,30,102,209.5,210.5,115,0.5,2021,LAL_vs_PHX_42020,1,LAL_vs_PHX_42020_2021-05-25,LAL,1,1–1
42020,1610612756,PHX,Phoenix Suns,42000153,PHX @ LAL,L,240,35,82,0.427,11,29,0.379,14,18,0.778,8,27,35,24,8,6,18,24,95,-14,1,2021-05-27,Away,553,V,Phoenix,28,12,23,32,95,210.5,211,240,107,2021,LAL_vs_PHX_42020,1,LAL_vs_PHX_42020_2021-05-27,LAL,2,1–2
42020,1610612747,LAL,Los Angeles Lakers,42000153,LAL vs. PHX,W,240,38,86,0.442,7,28,0.25,26,30,0.867,15,36,51,19,10,4,20,19,109,14,1,2021-05-27,Home,554,H,LALakers,27,16,33,33,109,6.5,6.5,-280,3,2021,LAL_vs_PHX_42020,2,LAL_vs_PHX_42020_2021-05-27,PHX,1,2–1
42020,1610612747,LAL,Los Angeles Lakers,42000154,LAL vs. PHX,L,240,32,81,0.395,13,40,0.325,15,21,0.714,9,41,50,19,3,5,16,18,92,-8,1,2021-05-30,Home,504,H,LALakers,24,26,15,27,92,6.5,7,-300,6.5,2021,LAL_vs_PHX_42020,2,LAL_vs_PHX_42020_2021-05-30,PHX,2,2–2
42020,1610612756,PHX,Phoenix Suns,42000154,PHX @ LAL,W,240,37,85,0.435,10,35,0.286,16,21,0.762,9,40,49,24,12,4,10,20,100,8,1,2021-05-30,Away,503,V,Phoenix,23,31,27,19,100,210.5,209.5,250,106.5,2021,LAL_vs_PHX_42020,2,LAL_vs_PHX_42020_2021-05-30,LAL,2,2–2
42020,1610612747,LAL,Los Angeles Lakers,42000155,LAL @ PHX,L,240,29,84,0.345,12,35,0.343,15,21,0.714,10,41,51,14,3,1,17,25,85,-30,1,2021-06-01,Away,525,V,LALakers,26,10,27,22,85,209.5,209.5,175,4.5,2021,LAL_vs_PHX_42020,2,LAL_vs_PHX_42020_2021-06-01,PHX,3,2–3
42020,1610612756,PHX,Phoenix Suns,42000155,PHX vs. LAL,W,240,43,94,0.457,14,42,0.333,15,21,0.714,3,44,47,29,7,4,4,22,115,30,1,2021-06-01,Home,526,H,Phoenix,34,32,26,23,115,4,4.5,-200,102,2021,LAL_vs_PHX_42020,3,LAL_vs_PHX_42020_2021-06-01,LAL,2,3–2
42020,1610612747,LAL,Los Angeles Lakers,42000156,LAL vs. PHX,L,240,38,91,0.418,10,35,0.286,14,16,0.875,11,24,35,21,5,3,7,20,100,-13,1,2021-06-03,Home,544,H,LALakers,14,27,35,24,100,3,3,-140,4,2021,LAL_vs_PHX_42020,2,LAL_vs_PHX_42020_2021-06-03,PHX,4,2–4
42020,1610612756,PHX,Phoenix Suns,42000156,PHX @ LAL,W,240,37,73,0.507,18,35,0.514,21,22,0.955,8,34,42,24,5,9,14,17,113,13,1,2021-06-03,Away,543,V,Phoenix,36,26,27,24,113,208.5,207.5,120,105,2021,LAL_vs_PHX_42020,4,LAL_vs_PHX_42020_2021-06-03,LAL,2,4–2
42021,1610612763,MEM,Memphis Grizzlies,42100151,MEM vs. MIN,L,240,39,86,0.453,7,27,0.259,32,43,0.744,8,27,35,25,7,8,12,24,117,-13,1,2022-04-16,Home,520,H,Memphis,33,29,30,25,117,7,6.5,-265,6.5,2022,MEM_vs_MIN_42021,0,MEM_vs_MIN_42021_2022-04-16,MIN,1,0–1
42021,1610612750,MIN,Minnesota Timberwolves,42100151,MIN @ MEM,W,240,45,90,0.5,16,41,0.39,24,27,0.889,11,35,46,32,5,7,19,32,130,13,1,2022-04-16,Away,519,V,Minnesota,41,24,32,33,130,235,238.0,225,116,2022,MEM_vs_MIN_42021,1,MEM_vs_MIN_42021_2022-04-16,MEM,0,1–0
42021,1610612750,MIN,Minnesota Timberwolves,42100152,MIN @ MEM,L,240,30,76,0.395,11,38,0.289,25,28,0.893,4,36,40,16,5,9,20,28,96,-28,1,2022-04-19,Away,551,V,Minnesota,32,17,28,19,96,241.5,240.5,240,115.5,2022,MEM_vs_MIN_42021,1,MEM_vs_MIN_42021_2022-04-19,MEM,1,1–1
42021,1610612763,MEM,Memphis Grizzlies,42100152,MEM vs. MIN,W,240,44,92,0.478,11,34,0.324,25,32,0.781,14,34,48,29,9,1,12,22,124,28,1,2022-04-19,Home,552,H,Memphis,33,27,36,28,124,7,7.0,-280,0.5,2022,MEM_vs_MIN_42021,1,MEM_vs_MIN_42021_2022-04-19,MIN,1,1–1
42021,1610612750,MIN,Minnesota Timberwolves,42100153,MIN vs. MEM,L,240,33,85,0.388,12,35,0.343,17,23,0.739,9,32,41,21,11,11,17,28,95,-9,1,2022-04-21,Home,570,H,Minnesota,39,12,32,12,95,238,237.5,120,120.5,2022,MEM_vs_MIN_42021,1,MEM_vs_MIN_42021_2022-04-21,MEM,2,1–2
42021,1610612763,MEM,Memphis Grizzlies,42100153,MEM @ MIN,W,240,35,83,0.422,14,37,0.378,20,31,0.645,13,35,48,22,7,9,18,20,104,9,1,2022-04-21,Away,569,V,Memphis,21,23,23,37,104,2.5,2.5,-140,3.5,2022,MEM_vs_MIN_42021,2,MEM_vs_MIN_42021_2022-04-21,MIN,1,2–1
42021,1610612763,MEM,Memphis Grizzlies,42100154,MEM @ MIN,L,240,42,86,0.488,15,32,0.469,19,25,0.76,6,33,39,31,9,4,19,33,118,-1,1,2022-04-23,Away,517,V,Memphis,28,28,31,31,118,3,2.5,-140,2.5,2022,MEM_vs_MIN_42021,2,MEM_vs_MIN_42021_2022-04-23,MIN,2,2–2
42021,1610612750,MIN,Minnesota Timberwolves,42100154,MIN vs. MEM,W,240,35,74,0.473,18,36,0.5,31,40,0.775,6,28,34,23,7,8,16,23,119,1,1,2022-04-23,Home,518,H,Minnesota,33,27,33,26,119,233.5,232.5,120,119,2022,MEM_vs_MIN_42021,2,MEM_vs_MIN_42021_2022-04-23,MEM,2,2–2
42021,1610612750,MIN,Minnesota Timberwolves,42100155,MIN @ MEM,L,240,37,83,0.446,14,33,0.424,21,24,0.875,6,36,42,23,9,7,23,29,109,-2,1,2022-04-26,Away,541,V,Minnesota,31,24,30,24,109,232.5,231.0,230,112,2022,MEM_vs_MIN_42021,2,MEM_vs_MIN_42021_2022-04-26,MEM,3,2–3
42021,1610612763,MEM,Memphis Grizzlies,42100155,MEM vs. MIN,W,240,39,94,0.415,7,28,0.25,26,39,0.667,18,35,53,24,10,7,16,19,111,2,1,2022-04-26,Home,542,H,Memphis,28,25,21,37,111,7,6.5,-270,5.5,2022,MEM_vs_MIN_42021,3,MEM_vs_MIN_42021_2022-04-26,MIN,2,3–2
42021,1610612763,MEM,Memphis Grizzlies,42100156,MEM @ MIN,W,240,40,86,0.465,15,32,0.469,19,24,0.792,16,39,55,24,7,8,19,21,114,8,1,2022-04-29,Away,571,V,Memphis,28,21,25,40,114,2,1.5,-120,2,2022,MEM_vs_MIN_42021,4,MEM_vs_MIN_42021_2022-04-29,MIN,2,4–2
42021,1610612750,MIN,Minnesota Timberwolves,42100156,MIN vs. MEM,L,240,38,84,0.452,12,31,0.387,18,26,0.692,6,31,37,22,12,5,11,21,106,-8,1,2022-04-29,Home,572,H,Minnesota,29,23,32,22,106,229,229.5,100,117,2022,MEM_vs_MIN_42021,2,MEM_vs_MIN_42021_2022-04-29,MEM,4,2–4
42020,1610612762,UTA,Utah Jazz,42000141,UTA vs. MEM,L,240,34,81,0.42,12,47,0.255,29,33,0.879,12,38,50,20,3,11,16,21,109,-3,1,2021-05-23,Home,516,H,Utah,24,19,31,35,109,8.5,8,-375,8,2021,MEM_vs_UTA_42020,0,MEM_vs_UTA_42020_2021-05-23,MEM,1,0–1
42020,1610612763,MEM,Memphis Grizzlies,42000141,MEM @ UTA,W,240,45,100,0.45,7,20,0.35,15,21,0.714,16,26,42,18,12,5,9,23,112,3,1,2021-05-23,Away,515,V,Memphis,17,32,34,29,112,215.5,216.5,315,110,2021,MEM_vs_UTA_42020,1,MEM_vs_UTA_42020_2021-05-23,UTA,0,1–0
42020,1610612763,MEM,Memphis Grizzlies,42000142,MEM @ UTA,L,240,46,85,0.541,8,23,0.348,29,38,0.763,9,24,33,20,6,4,11,25,129,-12,1,2021-05-26,Away,545,V,Memphis,27,27,43,32,129,216.5,219.5,425,112,2021,MEM_vs_UTA_42020,1,MEM_vs_UTA_42020_2021-05-26,UTA,1,1–1
42020,1610612762,UTA,Utah Jazz,42000142,UTA vs. MEM,W,240,49,90,0.544,19,39,0.487,24,31,0.774,12,30,42,28,2,4,13,25,141,12,1,2021-05-26,Home,546,H,Utah,36,38,29,38,141,7.5,10,-550,pk,2021,MEM_vs_UTA_42020,1,MEM_vs_UTA_42020_2021-05-26,MEM,1,1–1
42020,1610612763,MEM,Memphis Grizzlies,42000143,MEM vs. UTA,L,240,43,100,0.43,13,41,0.317,12,14,0.857,16,34,50,23,7,1,9,22,111,-10,1,2021-05-29,Home,578,H,Memphis,22,29,34,26,111,224.5,224.5,185,1,2021,MEM_vs_UTA_42020,1,MEM_vs_UTA_42020_2021-05-29,UTA,2,1–2
42020,1610612762,UTA,Utah Jazz,42000143,UTA @ MEM,W,240,40,81,0.494,19,43,0.442,22,27,0.815,7,36,43,17,4,7,13,18,121,10,1,2021-05-29,Away,577,V,Utah,34,28,34,25,121,5.5,5.5,-215,114.5,2021,MEM_vs_UTA_42020,2,MEM_vs_UTA_42020_2021-05-29,MEM,1,2–1
42020,1610612762,UTA,Utah Jazz,42000144,UTA @ MEM,W,240,39,85,0.459,17,34,0.5,25,28,0.893,7,35,42,23,7,4,11,16,120,7,1,2021-05-31,Away,513,V,Utah,34,25,41,20,120,5.5,5.5,-240,1.5,2021,MEM_vs_UTA_42020,3,MEM_vs_UTA_42020_2021-05-31,MEM,1,3–1
42020,1610612763,MEM,Memphis Grizzlies,42000144,MEM vs. UTA,L,240,43,92,0.467,10,35,0.286,17,20,0.85,7,35,42,26,8,4,9,21,113,-7,1,2021-05-31,Home,514,H,Memphis,31,23,33,26,113,224,224.5,200,114.5,2021,MEM_vs_UTA_42020,1,MEM_vs_UTA_42020_2021-05-31,UTA,3,1–3
42020,1610612762,UTA,Utah Jazz,42000145,UTA vs. MEM,W,240,49,95,0.516,17,44,0.386,11,12,0.917,11,40,51,27,10,5,15,16,126,16,1,2021-06-02,Home,536,H,Utah,47,28,31,20,126,10.5,9.5,-460,115.5,2021,MEM_vs_UTA_42020,4,MEM_vs_UTA_42020_2021-06-02,MEM,1,4–1
42020,1610612763,MEM,Memphis Grizzlies,42000145,MEM @ UTA,L,240,44,95,0.463,14,39,0.359,8,9,0.889,8,31,39,23,7,6,14,12,110,-16,1,2021-06-02,Away,535,V,Memphis,27,24,25,34,110,226,226.5,380,1,2021,MEM_vs_UTA_42020,1,MEM_vs_UTA_42020_2021-06-02,UTA,4,1–4
42020,1610612748,MIA,Miami Heat,42000121,MIA @ MIL,L,265,36,99,0.364,20,50,0.4,15,19,0.789,12,39,51,22,8,3,17,23,107,-2,1,2021-05-22,Away,503,V,Miami,24,26,28,21,107,229,226,190,110.5,2021,MIA_vs_MIL_42020,0,MIA_vs_MIL_42020_2021-05-22,MIL,1,0–1
42020,1610612749,MIL,Milwaukee Bucks,42000121,MIL vs. MIA,W,265,42,96,0.438,5,31,0.161,20,33,0.606,15,49,64,19,11,1,17,18,109,2,1,2021-05-22,Home,504,H,Milwaukee,22,31,27,19,109,6,5.5,-220,2.5,2021,MIA_vs_MIL_42020,1,MIA_vs_MIL_42020_2021-05-22,MIA,0,1–0
42020,1610612748,MIA,Miami Heat,42000122,MIA @ MIL,L,240,33,82,0.402,8,28,0.286,24,35,0.686,9,27,36,20,6,2,11,13,98,-34,1,2021-05-24,Away,521,V,Miami,20,31,27,20,98,221.5,223.5,180,4.5,2021,MIA_vs_MIL_42020,0,MIA_vs_MIL_42020_2021-05-24,MIL,2,0–2
42020,1610612749,MIL,Milwaukee Bucks,42000122,MIL vs. MIA,W,240,46,94,0.489,22,53,0.415,18,20,0.9,21,40,61,34,8,5,17,25,132,34,1,2021-05-24,Home,522,H,Milwaukee,46,32,29,25,132,4.5,5,-210,109,2021,MIA_vs_MIL_42020,2,MIA_vs_MIL_42020_2021-05-24,MIA,0,2–0
42020,1610612748,MIA,Miami Heat,42000123,MIA vs. MIL,L,240,32,85,0.376,9,32,0.281,11,13,0.846,7,35,42,19,9,6,16,26,84,-29,1,2021-05-27,Home,552,H,Miami,14,22,24,24,84,1,224.5,105,2.5,2021,MIA_vs_MIL_42020,0,MIA_vs_MIL_42020_2021-05-27,MIL,3,0–3
42020,1610612749,MIL,Milwaukee Bucks,42000123,MIL @ MIA,W,240,43,89,0.483,13,36,0.361,14,18,0.778,10,45,55,25,6,2,15,19,113,29,1,2021-05-27,Away,551,V,Milwaukee,26,23,37,27,113,227.5,1.5,-125,113,2021,MIA_vs_MIL_42020,3,MIA_vs_MIL_42020_2021-05-27,MIA,0,3–0
42020,1610612748,MIA,Miami Heat,42000124,MIA vs. MIL,L,240,40,91,0.44,11,33,0.333,12,14,0.857,8,32,40,25,6,3,12,20,103,-17,1,2021-05-29,Home,572,H,Miami,26,38,21,18,103,222.5,221.5,165,113.5,2021,MIA_vs_MIL_42020,0,MIA_vs_MIL_42020_2021-05-29,MIL,4,0–4
42020,1610612749,MIL,Milwaukee Bucks,42000124,MIL @ MIA,W,240,46,99,0.465,13,42,0.31,15,18,0.833,15,41,56,29,5,4,11,18,120,17,1,2021-05-29,Away,571,V,Milwaukee,22,35,34,29,120,4.5,4.5,-185,5.5,2021,MIA_vs_MIL_42020,4,MIA_vs_MIL_42020_2021-05-29,MIA,0,4–0
42017,1610612755,PHI,Philadelphia 76ers,41700121,PHI vs. MIA,W,240,45,95,0.474,18,28,0.643,22,29,0.759,17,33,50,34,9,4,11,23,130,27,1,2018-04-14,Home,506,H,Philadelphia,29,27,34,40,130,6.5,6,-250,6,2018,MIA_vs_PHI_42017,1,MIA_vs_PHI_42017_2018-04-14,MIA,0,1–0
42017,1610612748,MIA,Miami Heat,41700121,MIA @ PHI,L,240,35,77,0.455,12,26,0.462,21,31,0.677,9,32,41,25,4,6,18,25,103,-27,1,2018-04-14,Away,505,V,Miami,35,25,18,25,103,210,214,200,105.5,2018,MIA_vs_PHI_42017,0,MIA_vs_PHI_42017_2018-04-14,PHI,1,0–1
42017,1610612748,MIA,Miami Heat,41700122,MIA @ PHI,W,240,40,82,0.488,9,25,0.36,24,30,0.8,11,35,46,23,8,7,15,27,113,10,1,2018-04-16,Away,701,V,Miami,22,34,30,27,113,215.5,217,250,107,2018,MIA_vs_PHI_42017,1,MIA_vs_PHI_42017_2018-04-16,PHI,1,1–1
42017,1610612755,PHI,Philadelphia 76ers,41700122,PHI vs. MIA,L,240,40,96,0.417,7,36,0.194,16,22,0.727,17,32,49,22,7,5,15,26,103,-10,1,2018-04-16,Home,702,H,Philadelphia,29,13,33,28,103,7,6.5,-310,7.5,2018,MIA_vs_PHI_42017,1,MIA_vs_PHI_42017_2018-04-16,MIA,1,1–1
42017,1610612755,PHI,Philadelphia 76ers,41700123,PHI @ MIA,W,240,41,81,0.506,18,34,0.529,28,37,0.757,6,35,41,28,10,5,12,26,128,20,1,2018-04-19,Away,523,V,Philadelphia,37,26,33,32,128,216.5,2.5,-140,3,2018,MIA_vs_PHI_42017,2,MIA_vs_PHI_42017_2018-04-19,MIA,1,2–1
42017,1610612748,MIA,Miami Heat,41700123,MIA vs. PHI,L,240,33,73,0.452,16,33,0.485,26,35,0.743,5,30,35,26,7,9,15,30,108,-20,1,2018-04-19,Home,524,H,Miami,33,31,30,14,108,1.5,213.5,120,106.5,2018,MIA_vs_PHI_42017,1,MIA_vs_PHI_42017_2018-04-19,PHI,2,1–2
42017,1610612755,PHI,Philadelphia 76ers,41700124,PHI @ MIA,W,240,36,84,0.429,7,31,0.226,27,35,0.771,17,40,57,22,12,5,27,25,106,4,1,2018-04-21,Away,717,V,Philadelphia,26,30,23,27,106,3,4,-180,4,2018,MIA_vs_PHI_42017,3,MIA_vs_PHI_42017_2018-04-21,MIA,1,3–1
42017,1610612748,MIA,Miami Heat,41700124,MIA vs. PHI,L,240,41,94,0.436,7,19,0.368,13,25,0.52,13,30,43,21,18,4,19,32,102,-4,1,2018-04-21,Home,718,H,Miami,26,35,22,19,102,217,212,155,107.5,2018,MIA_vs_PHI_42017,1,MIA_vs_PHI_42017_2018-04-21,PHI,3,1–3
42017,1610612755,PHI,Philadelphia 76ers,41700125,PHI vs. MIA,W,240,34,81,0.42,7,28,0.25,29,36,0.806,9,44,53,27,7,2,15,20,104,13,1,2018-04-24,Home,704,H,Philadelphia,23,23,34,24,104,10,10,-700,7,2018,MIA_vs_PHI_42017,4,MIA_vs_PHI_42017_2018-04-24,MIA,1,4–1
42017,1610612748,MIA,Miami Heat,41700125,MIA @ PHI,L,240,34,88,0.386,10,35,0.286,13,22,0.591,10,30,40,24,7,6,13,32,91,-13,1,2018-04-24,Away,703,V,Miami,21,25,20,25,91,211.5,215.5,500,106,2018,MIA_vs_PHI_42017,1,MIA_vs_PHI_42017_2018-04-24,PHI,4,1–4
42021,1610612755,PHI,Philadelphia 76ers,42100201,PHI @ MIA,L,240,34,79,0.43,6,34,0.176,18,20,0.9,9,28,37,18,4,6,15,17,92,-14,1,2022-05-02,Away,521,V,Philadelphia,22,29,21,20,92,207,209.5,310,103,2022,MIA_vs_PHI_42021,0,MIA_vs_PHI_42021_2022-05-02,MIA,1,0–1
42021,1610612748,MIA,Miami Heat,42100201,MIA vs. PHI,W,240,40,92,0.435,9,36,0.25,17,18,0.944,15,32,47,21,5,2,13,18,106,14,1,2022-05-02,Home,522,H,Miami,30,20,30,26,106,4.5,7.5,-370,6,2022,MIA_vs_PHI_42021,1,MIA_vs_PHI_42021_2022-05-02,PHI,0,1–0
42021,1610612748,MIA,Miami Heat,42100202,MIA vs. PHI,W,240,40,78,0.513,14,29,0.483,25,31,0.806,8,36,44,25,5,3,14,22,119,16,1,2022-05-04,Home,542,H,Miami,31,29,31,28,119,9,8.0,-380,2,2022,MIA_vs_PHI_42021,2,MIA_vs_PHI_42021_2022-05-04,PHI,0,2–0
42021,1610612755,PHI,Philadelphia 76ers,42100202,PHI @ MIA,L,240,38,84,0.452,8,30,0.267,19,22,0.864,5,29,34,17,10,4,10,25,103,-16,1,2022-05-04,Away,541,V,Philadelphia,24,28,28,23,103,206.5,208.5,320,102.5,2022,MIA_vs_PHI_42021,0,MIA_vs_PHI_42021_2022-05-04,MIA,2,0–2
42021,1610612748,MIA,Miami Heat,42100203,MIA @ PHI,L,240,27,77,0.351,7,30,0.233,18,24,0.75,11,25,36,14,11,1,13,22,79,-20,1,2022-05-06,Away,549,V,Miami,17,17,31,14,79,210.5,210.5,100,3,2022,MIA_vs_PHI_42021,2,MIA_vs_PHI_42021_2022-05-06,PHI,1,2–1
42021,1610612755,PHI,Philadelphia 76ers,42100203,PHI vs. MIA,W,240,32,67,0.478,16,33,0.485,19,22,0.864,8,35,43,22,7,3,19,24,99,20,1,2022-05-06,Home,550,H,Philadelphia,21,20,27,31,99,1,1.0,-120,100.5,2022,MIA_vs_PHI_42021,1,MIA_vs_PHI_42021_2022-05-06,MIA,2,1–2
42021,1610612755,PHI,Philadelphia 76ers,42100204,PHI vs. MIA,W,240,37,68,0.544,16,33,0.485,26,34,0.765,4,28,32,25,5,2,17,24,116,8,1,2022-05-08,Home,580,H,Philadelphia,30,34,25,27,116,1.5,2.5,-145,102.5,2022,MIA_vs_PHI_42021,2,MIA_vs_PHI_42021_2022-05-08,MIA,2,2–2
42021,1610612748,MIA,Miami Heat,42100204,MIA @ PHI,L,240,38,82,0.463,7,35,0.2,25,28,0.893,5,28,33,24,9,5,13,26,108,-8,1,2022-05-08,Away,579,V,Miami,28,28,29,23,108,207.5,208.0,125,1.5,2022,MIA_vs_PHI_42021,2,MIA_vs_PHI_42021_2022-05-08,PHI,2,2–2
42021,1610612748,MIA,Miami Heat,42100205,MIA vs. PHI,W,240,45,84,0.536,13,33,0.394,17,23,0.739,8,38,46,26,8,4,11,13,120,35,1,2022-05-10,Home,502,H,Miami,31,25,25,39,120,3.5,3.0,-155,102,2022,MIA_vs_PHI_42021,3,MIA_vs_PHI_42021_2022-05-10,PHI,2,3–2
42021,1610612755,PHI,Philadelphia 76ers,42100205,PHI @ MIA,L,240,31,85,0.365,9,32,0.281,14,15,0.933,10,26,36,14,8,2,16,19,85,-35,1,2022-05-10,Away,501,V,Philadelphia,19,25,22,19,85,210,208.0,135,2.5,2022,MIA_vs_PHI_42021,2,MIA_vs_PHI_42021_2022-05-10,MIA,3,2–3
42021,1610612755,PHI,Philadelphia 76ers,42100206,PHI vs. MIA,L,240,36,87,0.414,12,37,0.324,6,7,0.857,6,29,35,21,8,6,13,16,90,-9,1,2022-05-12,Home,512,H,Philadelphia,25,23,15,27,90,2.5,2.5,-140,2,2022,MIA_vs_PHI_42021,2,MIA_vs_PHI_42021_2022-05-12,MIA,4,2–4
42021,1610612748,MIA,Miami Heat,42100206,MIA @ PHI,W,240,42,87,0.483,7,28,0.25,8,11,0.727,13,36,49,19,7,6,16,12,99,9,1,2022-05-12,Away,511,V,Miami,28,21,25,25,99,208,206.0,120,101.5,2022,MIA_vs_PHI_42021,4,MIA_vs_PHI_42021_2022-05-12,PHI,2,4–2
42020,1610612756,PHX,Phoenix Suns,42000401,PHX vs. MIL,W,240,41,88,0.466,11,34,0.324,25,26,0.962,6,37,43,18,9,1,9,14,118,13,1,2021-07-06,Home,502,H,Phoenix,30,27,35,26,118,5.5,4.5,-220,112.5,2021,MIL_vs_PHX_42020,1,MIL_vs_PHX_42020_2021-07-06,MIL,0,1–0
42020,1610612749,MIL,Milwaukee Bucks,42000401,MIL @ PHX,L,240,40,88,0.455,16,36,0.444,9,16,0.563,9,38,47,21,4,2,14,18,105,-13,1,2021-07-06,Away,501,V,Milwaukee,26,23,27,29,105,217,219.5,190,0.5,2021,MIL_vs_PHX_42020,0,MIL_vs_PHX_42020_2021-07-06,PHX,1,0–1
42020,1610612756,PHX,Phoenix Suns,42000402,PHX vs. MIL,W,240,43,88,0.489,20,40,0.5,12,14,0.857,11,32,43,26,7,2,13,19,118,10,1,2021-07-08,Home,504,H,Phoenix,26,30,32,30,118,5.5,4.5,-180,112,2021,MIL_vs_PHX_42020,2,MIL_vs_PHX_42020_2021-07-08,MIL,0,2–0
42020,1610612749,MIL,Milwaukee Bucks,42000402,MIL @ PHX,L,240,42,93,0.452,9,31,0.29,15,23,0.652,18,28,46,21,8,7,9,17,108,-10,1,2021-07-08,Away,503,V,Milwaukee,29,16,33,30,108,221,221,160,1.5,2021,MIL_vs_PHX_42020,0,MIL_vs_PHX_42020_2021-07-08,PHX,2,0–2
42020,1610612749,MIL,Milwaukee Bucks,42000403,MIL vs. PHX,W,240,43,90,0.478,14,36,0.389,20,26,0.769,13,34,47,28,8,2,9,18,120,20,1,2021-07-11,Home,506,H,Milwaukee,25,35,38,22,120,3.5,4.5,-210,113,2021,MIL_vs_PHX_42020,1,MIL_vs_PHX_42020_2021-07-11,PHX,2,1–2
42020,1610612756,PHX,Phoenix Suns,42000403,PHX @ MIL,L,240,40,83,0.482,9,31,0.29,11,16,0.688,6,30,36,21,3,3,15,24,100,-20,1,2021-07-11,Away,505,V,Phoenix,28,17,31,24,100,222,220,180,3,2021,MIL_vs_PHX_42020,2,MIL_vs_PHX_42020_2021-07-11,MIL,1,2–1
42020,1610612749,MIL,Milwaukee Bucks,42000404,MIL vs. PHX,W,240,39,97,0.402,7,29,0.241,24,29,0.828,17,31,48,22,11,3,5,18,109,6,1,2021-07-14,Home,508,H,Milwaukee,20,32,24,33,109,3.5,4.5,-190,3,2021,MIL_vs_PHX_42020,2,MIL_vs_PHX_42020_2021-07-14,PHX,2,2–2
42020,1610612756,PHX,Phoenix Suns,42000404,PHX @ MIL,L,240,40,78,0.513,7,23,0.304,16,19,0.842,5,35,40,18,3,9,17,24,103,-6,1,2021-07-14,Away,507,V,Phoenix,23,29,30,21,103,220.5,221,170,113.5,2021,MIL_vs_PHX_42020,2,MIL_vs_PHX_42020_2021-07-14,MIL,2,2–2
42020,1610612749,MIL,Milwaukee Bucks,42000405,MIL @ PHX,W,240,50,87,0.575,14,28,0.5,9,17,0.529,11,26,37,26,7,1,12,17,123,4,1,2021-07-17,Away,509,V,Milwaukee,21,43,36,23,123,218.5,220,150,112.5,2021,MIL_vs_PHX_42020,3,MIL_vs_PHX_42020_2021-07-17,PHX,2,3–2
42020,1610612756,PHX,Phoenix Suns,42000405,PHX vs. MIL,L,240,48,87,0.552,13,19,0.684,10,11,0.909,8,27,35,23,9,5,9,20,119,-4,1,2021-07-17,Home,510,H,Phoenix,37,24,29,29,119,4,4,-170,4,2021,MIL_vs_PHX_42020,2,MIL_vs_PHX_42020_2021-07-17,MIL,3,2–3
42020,1610612756,PHX,Phoenix Suns,42000406,PHX @ MIL,L,240,38,86,0.442,6,25,0.24,16,19,0.842,6,31,37,14,11,4,15,21,98,-7,1,2021-07-20,Away,511,V,Phoenix,16,31,30,21,98,223,221,170,112.5,2021,MIL_vs_PHX_42020,2,MIL_vs_PHX_42020_2021-07-20,MIL,4,2–4
42020,1610612749,MIL,Milwaukee Bucks,42000406,MIL vs. PHX,W,240,37,82,0.451,6,27,0.222,25,29,0.862,11,42,53,20,10,6,19,17,105,7,1,2021-07-20,Home,512,H,Milwaukee,29,13,35,28,105,5,4.5,-190,3.5,2021,MIL_vs_PHX_42020,4,MIL_vs_PHX_42020_2021-07-20,PHX,2,4–2
42018,1610612749,MIL,Milwaukee Bucks,41800301,MIL vs. TOR,W,240,37,93,0.398,11,44,0.25,23,27,0.852,15,45,60,21,8,11,13,16,108,8,1,2019-05-15,Home,532,H,Milwaukee,23,28,25,32,108,6.5,6.5,-315,6.5,2019,MIL_vs_TOR_42018,1,MIL_vs_TOR_42018_2019-05-15,TOR,0,1–0
42018,1610612761,TOR,Toronto Raptors,41800301,TOR @ MIL,L,240,34,92,0.37,15,42,0.357,17,20,0.85,8,38,46,17,9,4,12,21,100,-8,1,2019-05-15,Away,531,V,Toronto,34,25,24,17,100,218.0,218.0,256,112,2019,MIL_vs_TOR_42018,0,MIL_vs_TOR_42018_2019-05-15,MIL,1,0–1
42018,1610612761,TOR,Toronto Raptors,41800302,TOR @ MIL,L,240,37,87,0.425,10,32,0.313,19,25,0.76,6,34,40,19,3,6,14,30,103,-22,1,2019-05-17,Away,545,V,Toronto,21,18,39,25,103,214.0,219.5,207,4,2019,MIL_vs_TOR_42018,0,MIL_vs_TOR_42018_2019-05-17,MIL,2,0–2
42018,1610612749,MIL,Milwaukee Bucks,41800302,MIL vs. TOR,W,240,43,92,0.467,13,41,0.317,26,35,0.743,11,42,53,27,6,4,7,26,125,22,1,2019-05-17,Home,546,H,Milwaukee,35,29,31,30,125,7.0,6.0,-250,111,2019,MIL_vs_TOR_42018,2,MIL_vs_TOR_42018_2019-05-17,TOR,0,2–0
42018,1610612761,TOR,Toronto Raptors,41800303,TOR vs. MIL,W,290,40,102,0.392,17,45,0.378,21,26,0.808,8,47,55,28,11,10,17,30,118,6,1,2019-05-19,Home,550,H,Toronto,30,28,19,19,118,2.5,2.5,-132,113.5,2019,MIL_vs_TOR_42018,1,MIL_vs_TOR_42018_2019-05-19,MIL,2,1–2
42018,1610612749,MIL,Milwaukee Bucks,41800303,MIL @ TOR,L,290,38,102,0.373,14,44,0.318,22,33,0.667,13,50,63,22,14,5,20,30,112,-6,1,2019-05-19,Away,549,V,Milwaukee,21,30,24,21,112,220.5,222.0,112,3,2019,MIL_vs_TOR_42018,2,MIL_vs_TOR_42018_2019-05-19,TOR,1,2–1
42018,1610612761,TOR,Toronto Raptors,41800304,TOR vs. MIL,W,240,41,87,0.471,14,41,0.341,24,27,0.889,10,34,44,32,9,5,11,23,120,18,1,2019-05-21,Home,504,H,Toronto,32,33,29,26,120,216.0,216.0,134,110.5,2019,MIL_vs_TOR_42018,2,MIL_vs_TOR_42018_2019-05-21,MIL,2,2–2
42018,1610612749,MIL,Milwaukee Bucks,41800304,MIL @ TOR,L,240,37,80,0.463,11,35,0.314,17,26,0.654,7,33,40,30,8,7,13,22,102,-18,1,2019-05-21,Away,503,V,Milwaukee,31,24,26,21,102,2.5,3.0,-154,5.5,2019,MIL_vs_TOR_42018,2,MIL_vs_TOR_42018_2019-05-21,TOR,2,2–2
42018,1610612761,TOR,Toronto Raptors,41800305,TOR @ MIL,W,240,31,84,0.369,18,43,0.419,25,31,0.806,10,35,45,19,6,4,6,16,105,6,1,2019-05-23,Away,507,V,Toronto,22,24,26,33,105,218.0,215.5,278,110,2019,MIL_vs_TOR_42018,3,MIL_vs_TOR_42018_2019-05-23,MIL,2,3–2
42018,1610612749,MIL,Milwaukee Bucks,41800305,MIL vs. TOR,L,240,38,84,0.452,10,31,0.323,13,18,0.722,8,45,53,26,2,2,11,22,99,-6,1,2019-05-23,Home,508,H,Milwaukee,32,17,26,24,99,7.0,7.5,-345,3.5,2019,MIL_vs_TOR_42018,2,MIL_vs_TOR_42018_2019-05-23,TOR,3,2–3
42018,1610612749,MIL,Milwaukee Bucks,41800306,MIL @ TOR,L,240,30,75,0.4,12,34,0.353,22,31,0.71,12,30,42,19,7,7,11,22,94,-6,1,2019-05-25,Away,511,V,Milwaukee,31,19,26,18,94,213.0,214.0,110,109.5,2019,MIL_vs_TOR_42018,2,MIL_vs_TOR_42018_2019-05-25,TOR,4,2–4
42018,1610612761,TOR,Toronto Raptors,41800306,TOR vs. MIL,W,240,36,74,0.486,12,27,0.444,16,22,0.727,6,32,38,20,7,4,11,24,100,6,1,2019-05-25,Home,512,H,Toronto,18,25,28,29,100,2.0,1.5,-130,3.5,2019,MIL_vs_TOR_42018,4,MIL_vs_TOR_42018_2019-05-25,MIL,2,4–2
42021,1610612740,NOP,New Orleans Pelicans,42100141,NOP @ PHX,L,240,36,95,0.379,9,23,0.391,18,26,0.692,25,30,55,20,4,2,14,18,99,-11,1,2022-04-17,Away,531,V,NewOrleans,16,18,37,28,99,226.5,224.0,400,112.5,2022,NOP_vs_PHX_42021,0,NOP_vs_PHX_42021_2022-04-17,PHX,1,0–1
42021,1610612756,PHX,Phoenix Suns,42100141,PHX vs. NOP,W,240,42,78,0.538,10,28,0.357,16,21,0.762,5,30,35,25,6,9,10,23,110,11,1,2022-04-17,Home,532,H,Phoenix,28,25,26,31,110,10.5,9.5,-500,.5ev,2022,NOP_vs_PHX_42021,1,NOP_vs_PHX_42021_2022-04-17,NOP,0,1–0
42021,1610612756,PHX,Phoenix Suns,42100142,PHX vs. NOP,L,240,43,86,0.5,13,35,0.371,15,18,0.833,8,25,33,26,9,3,13,18,114,-11,1,2022-04-19,Home,554,H,Phoenix,28,33,22,31,114,10.5,9.5,-550,4.5,2022,NOP_vs_PHX_42021,1,NOP_vs_PHX_42021_2022-04-19,NOP,1,1–1
42021,1610612740,NOP,New Orleans Pelicans,42100142,NOP @ PHX,W,240,46,84,0.548,17,30,0.567,16,20,0.8,11,32,43,32,7,6,17,20,125,11,1,2022-04-19,Away,553,V,NewOrleans,30,26,34,35,125,222.5,221.5,425,113.5,2022,NOP_vs_PHX_42021,1,NOP_vs_PHX_42021_2022-04-19,PHX,1,1–1
42021,1610612740,NOP,New Orleans Pelicans,42100143,NOP vs. PHX,L,240,38,79,0.481,11,32,0.344,24,31,0.774,11,34,45,17,4,5,15,28,111,-3,1,2022-04-22,Home,506,H,NewOrleans,29,19,31,32,111,pk,215.0,115,2.5,2022,NOP_vs_PHX_42021,1,NOP_vs_PHX_42021_2022-04-22,PHX,2,1–2
42021,1610612756,PHX,Phoenix Suns,42100143,PHX @ NOP,W,240,44,87,0.506,4,26,0.154,22,27,0.815,9,26,35,26,8,3,6,21,114,3,1,2022-04-22,Away,505,V,Phoenix,28,31,22,33,114,221.5,2.5,-135,110.5,2022,NOP_vs_PHX_42021,2,NOP_vs_PHX_42021_2022-04-22,NOP,1,2–1
42021,1610612740,NOP,New Orleans Pelicans,42100144,NOP vs. PHX,W,240,40,85,0.471,6,24,0.25,32,42,0.762,19,29,48,20,8,3,9,16,118,15,1,2022-04-24,Home,528,H,NewOrleans,25,24,35,34,118,217.5,215.0,110,110.5,2022,NOP_vs_PHX_42021,2,NOP_vs_PHX_42021_2022-04-24,PHX,2,2–2
42021,1610612756,PHX,Phoenix Suns,42100144,PHX @ NOP,L,240,43,85,0.506,7,27,0.259,10,15,0.667,12,27,39,33,6,3,13,28,103,-15,1,2022-04-24,Away,527,V,Phoenix,22,29,23,29,103,3,2.0,-130,1.5,2022,NOP_vs_PHX_42021,2,NOP_vs_PHX_42021_2022-04-24,NOP,2,2–2
42021,1610612740,NOP,New Orleans Pelicans,42100145,NOP @ PHX,L,240,32,80,0.4,5,25,0.2,28,35,0.8,13,34,47,14,6,5,15,20,97,-15,1,2022-04-26,Away,543,V,NewOrleans,20,26,32,19,97,215.5,216.0,220,0.5,2022,NOP_vs_PHX_42021,2,NOP_vs_PHX_42021_2022-04-26,PHX,3,2–3
42021,1610612756,PHX,Phoenix Suns,42100145,PHX vs. NOP,W,240,43,86,0.5,10,27,0.37,16,20,0.8,6,34,40,28,10,4,10,25,112,15,1,2022-04-26,Home,544,H,Phoenix,32,27,30,23,112,6.5,6.5,-260,110.5,2022,NOP_vs_PHX_42021,3,NOP_vs_PHX_42021_2022-04-26,NOP,2,3–2
42021,1610612756,PHX,Phoenix Suns,42100146,PHX @ NOP,W,240,45,75,0.6,8,20,0.4,17,18,0.944,5,27,32,23,8,2,14,21,115,6,1,2022-04-28,Away,563,V,Phoenix,28,20,34,33,115,2.5,3.5,-150,5,2022,NOP_vs_PHX_42021,4,NOP_vs_PHX_42021_2022-04-28,NOP,2,4–2
42021,1610612740,NOP,New Orleans Pelicans,42100146,NOP vs. PHX,L,240,42,83,0.506,8,24,0.333,17,19,0.895,12,24,36,25,9,0,17,25,109,-6,1,2022-04-28,Home,564,H,NewOrleans,28,30,27,24,109,214,216.5,130,111.5,2022,NOP_vs_PHX_42021,2,NOP_vs_PHX_42021_2022-04-28,PHX,4,2–4
42017,1610612740,NOP,New Orleans Pelicans,41700161,NOP @ POR,W,240,41,86,0.477,8,24,0.333,7,10,0.7,7,42,49,26,8,12,15,17,97,2,1,2018-04-14,Away,507,V,NewOrleans,21,24,30,22,97,216,217,190,106,2018,NOP_vs_POR_42017,1,NOP_vs_POR_42017_2018-04-14,POR,0,1–0
42017,1610612757,POR,Portland Trail Blazers,41700161,POR vs. NOP,L,240,37,98,0.378,12,39,0.308,9,12,0.75,15,37,52,17,10,6,12,15,95,-2,1,2018-04-14,Home,508,H,Portland,18,18,27,32,95,6,5,-240,5.5,2018,NOP_vs_POR_42017,0,NOP_vs_POR_42017_2018-04-14,NOP,1,0–1
42017,1610612740,NOP,New Orleans Pelicans,41700162,NOP @ POR,W,240,43,84,0.512,12,24,0.5,13,19,0.684,10,33,43,25,4,4,14,17,111,9,1,2018-04-17,Away,709,V,NewOrleans,25,29,33,24,111,212.5,215.5,230,108,2018,NOP_vs_POR_42017,2,NOP_vs_POR_42017_2018-04-17,POR,0,2–0
42017,1610612757,POR,Portland Trail Blazers,41700162,POR vs. NOP,L,240,41,91,0.451,12,32,0.375,8,10,0.8,13,32,45,20,5,4,16,20,102,-9,1,2018-04-17,Home,710,H,Portland,23,36,19,24,102,6,6,-280,2.5,2018,NOP_vs_POR_42017,0,NOP_vs_POR_42017_2018-04-17,NOP,2,0–2
42017,1610612740,NOP,New Orleans Pelicans,41700163,NOP vs. POR,W,240,46,87,0.529,11,27,0.407,16,19,0.842,6,32,38,27,16,4,13,23,119,17,1,2018-04-19,Home,526,H,NewOrleans,36,28,27,28,119,3,4,-180,109.5,2018,NOP_vs_POR_42017,3,NOP_vs_POR_42017_2018-04-19,POR,0,3–0
42017,1610612757,POR,Portland Trail Blazers,41700163,POR @ NOP,L,240,37,80,0.463,9,31,0.29,19,25,0.76,11,33,44,19,10,3,24,19,102,-17,1,2018-04-19,Away,525,V,Portland,20,25,25,32,102,216,215.5,150,4,2018,NOP_vs_POR_42017,0,NOP_vs_POR_42017_2018-04-19,NOP,3,0–3
42017,1610612740,NOP,New Orleans Pelicans,41700164,NOP vs. POR,W,240,45,78,0.577,9,25,0.36,32,39,0.821,7,36,43,28,5,6,14,21,131,8,1,2018-04-21,Home,720,H,NewOrleans,26,32,42,31,131,6,6.5,-270,4,2018,NOP_vs_POR_42017,4,NOP_vs_POR_42017_2018-04-21,POR,0,4–0
42017,1610612757,POR,Portland Trail Blazers,41700164,POR @ NOP,L,240,50,95,0.526,10,27,0.37,13,16,0.813,6,27,33,20,8,2,6,28,123,-8,1,2018-04-21,Away,719,V,Portland,25,31,31,36,123,216,217,222,112,2018,NOP_vs_POR_42017,0,NOP_vs_POR_42017_2018-04-21,NOP,4,0–4
42018,1610612757,POR,Portland Trail Blazers,41800161,POR vs. OKC,W,240,36,86,0.419,11,25,0.44,21,27,0.778,13,35,48,14,8,9,19,17,104,5,1,2019-04-14,Home,514,H,Portland,39,15,22,28,104,4.5,3.0,-150,109,2019,OKC_vs_POR_42018,1,OKC_vs_POR_42018_2019-04-14,OKC,0,1–0
42018,1610612760,OKC,Oklahoma City Thunder,41800161,OKC @ POR,L,240,37,93,0.398,5,33,0.152,20,23,0.87,18,31,49,18,10,4,16,26,99,-5,1,2019-04-14,Away,513,V,OklahomaCity,25,23,21,30,99,224.0,224.5,130,1,2019,OKC_vs_POR_42018,0,OKC_vs_POR_42018_2019-04-14,POR,1,0–1
42018,1610612760,OKC,Oklahoma City Thunder,41800162,OKC @ POR,L,240,35,86,0.407,5,28,0.179,19,28,0.679,13,34,47,21,6,6,16,27,94,-20,1,2019-04-16,Away,535,V,OklahomaCity,31,23,21,19,94,218.0,224.5,-105,111,2019,OKC_vs_POR_42018,0,OKC_vs_POR_42018_2019-04-16,POR,2,0–2
42018,1610612757,POR,Portland Trail Blazers,41800162,POR vs. OKC,W,240,42,90,0.467,13,32,0.406,17,21,0.81,7,37,44,17,9,6,12,27,114,20,1,2019-04-16,Home,536,H,Portland,26,28,37,23,114,3.0,1.0,-115,pk,2019,OKC_vs_POR_42018,2,OKC_vs_POR_42018_2019-04-16,OKC,0,2–0
42018,1610612760,OKC,Oklahoma City Thunder,41800163,OKC vs. POR,W,240,37,77,0.481,15,29,0.517,31,39,0.795,8,29,37,27,6,5,15,24,120,12,1,2019-04-19,Home,556,H,OklahomaCity,21,28,37,34,120,7.0,7.0,-340,112.5,2019,OKC_vs_POR_42018,1,OKC_vs_POR_42018_2019-04-19,POR,2,1–2
42018,1610612757,POR,Portland Trail Blazers,41800163,POR @ OKC,L,240,39,83,0.47,12,31,0.387,18,24,0.75,12,29,41,18,5,1,18,33,108,-12,1,2019-04-19,Away,555,V,Portland,22,17,43,26,108,221.5,221.0,274,1,2019,OKC_vs_POR_42018,2,OKC_vs_POR_42018_2019-04-19,OKC,1,2–1
42018,1610612760,OKC,Oklahoma City Thunder,41800164,OKC vs. POR,L,240,33,88,0.375,15,40,0.375,17,22,0.773,6,38,44,23,7,4,14,22,98,-13,1,2019-04-21,Home,572,H,OklahomaCity,24,22,22,30,98,6.0,5.5,-235,6,2019,OKC_vs_POR_42018,1,OKC_vs_POR_42018_2019-04-21,POR,3,1–3
42018,1610612757,POR,Portland Trail Blazers,41800164,POR @ OKC,W,240,37,90,0.411,15,35,0.429,22,23,0.957,8,41,49,16,10,8,13,22,111,13,1,2019-04-21,Away,571,V,Portland,26,24,29,32,111,223.5,222.0,195,114,2019,OKC_vs_POR_42018,3,OKC_vs_POR_42018_2019-04-21,OKC,1,3–1
42018,1610612760,OKC,Oklahoma City Thunder,41800165,OKC @ POR,L,240,47,86,0.547,12,27,0.444,9,15,0.6,6,33,39,24,4,8,15,22,115,-3,1,2019-04-23,Away,503,V,OklahomaCity,37,23,30,25,115,219.5,222.0,155,111,2019,OKC_vs_POR_42018,1,OKC_vs_POR_42018_2019-04-23,POR,4,1–4
42018,1610612757,POR,Portland Trail Blazers,41800165,POR vs. OKC,W,240,45,96,0.469,13,35,0.371,15,23,0.652,13,32,45,22,8,5,10,18,118,3,1,2019-04-23,Home,504,H,Portland,29,32,27,30,118,3.5,4.0,-180,3,2019,OKC_vs_POR_42018,4,OKC_vs_POR_42018_2019-04-23,OKC,1,4–1
42017,1610612762,UTA,Utah Jazz,41700171,UTA @ OKC,L,240,41,87,0.471,11,28,0.393,15,20,0.75,9,33,42,18,10,7,14,21,108,-8,1,2018-04-15,Away,513,V,Utah,25,23,24,36,108,205,205,151,0.5,2018,OKC_vs_UTA_42017,0,OKC_vs_UTA_42017_2018-04-15,OKC,1,0–1
42017,1610612760,OKC,Oklahoma City Thunder,41700171,OKC vs. UTA,W,240,41,85,0.482,14,29,0.483,20,23,0.87,9,37,46,16,8,5,17,19,116,8,1,2018-04-15,Home,514,H,OklahomaCity,25,29,27,35,116,3.5,4,-175,106,2018,OKC_vs_UTA_42017,1,OKC_vs_UTA_42017_2018-04-15,UTA,0,1–0
42017,1610612760,OKC,Oklahoma City Thunder,41700172,OKC vs. UTA,L,240,36,90,0.4,11,35,0.314,12,18,0.667,10,36,46,22,11,4,13,25,95,-7,1,2018-04-18,Home,520,H,OklahomaCity,25,21,33,16,95,5,3.5,-170,4,2018,OKC_vs_UTA_42017,1,OKC_vs_UTA_42017_2018-04-18,UTA,1,1–1
42017,1610612762,UTA,Utah Jazz,41700172,UTA @ OKC,W,240,35,84,0.417,9,29,0.31,23,33,0.697,15,41,56,22,9,3,16,19,102,7,1,2018-04-18,Away,519,V,Utah,26,27,21,28,102,208,208.5,145,107.5,2018,OKC_vs_UTA_42017,1,OKC_vs_UTA_42017_2018-04-18,OKC,1,1–1
42017,1610612760,OKC,Oklahoma City Thunder,41700173,OKC @ UTA,L,240,37,78,0.474,14,28,0.5,14,19,0.737,6,27,33,17,11,3,17,23,102,-13,1,2018-04-21,Away,723,V,OklahomaCity,30,23,22,27,102,207,209,184,103.5,2018,OKC_vs_UTA_42017,1,OKC_vs_UTA_42017_2018-04-21,UTA,2,1–2
42017,1610612762,UTA,Utah Jazz,41700173,UTA vs. OKC,W,240,42,80,0.525,13,34,0.382,18,27,0.667,13,35,48,24,12,5,19,20,115,13,1,2018-04-21,Home,724,H,Utah,22,36,31,26,115,4.5,5,-220,1,2018,OKC_vs_UTA_42017,2,OKC_vs_UTA_42017_2018-04-21,OKC,1,2–1
42017,1610612762,UTA,Utah Jazz,41700174,UTA vs. OKC,W,240,41,91,0.451,12,34,0.353,19,27,0.704,10,39,49,21,7,7,12,23,113,17,1,2018-04-23,Home,512,H,Utah,24,34,32,23,113,6,4.5,-200,1,2018,OKC_vs_UTA_42017,3,OKC_vs_UTA_42017_2018-04-23,OKC,1,3–1
42017,1610612760,OKC,Oklahoma City Thunder,41700174,OKC @ UTA,L,240,33,84,0.393,5,26,0.192,25,30,0.833,9,37,46,10,8,6,15,21,96,-17,1,2018-04-23,Away,511,V,OklahomaCity,30,22,21,23,96,210.5,208,170,102.5,2018,OKC_vs_UTA_42017,1,OKC_vs_UTA_42017_2018-04-23,UTA,3,1–3
42017,1610612762,UTA,Utah Jazz,41700175,UTA @ OKC,L,240,33,81,0.407,13,38,0.342,20,26,0.769,10,36,46,19,5,6,17,24,99,-8,1,2018-04-25,Away,715,V,Utah,34,22,22,21,99,208,207.5,125,107,2018,OKC_vs_UTA_42017,3,OKC_vs_UTA_42017_2018-04-25,OKC,2,3–2
42017,1610612760,OKC,Oklahoma City Thunder,41700175,OKC vs. UTA,W,240,39,89,0.438,9,21,0.429,20,24,0.833,7,37,44,13,9,3,9,21,107,8,1,2018-04-25,Home,716,H,OklahomaCity,29,12,37,29,107,3,2.5,-145,5.5,2018,OKC_vs_UTA_42017,2,OKC_vs_UTA_42017_2018-04-25,UTA,3,2–3
42017,1610612762,UTA,Utah Jazz,41700176,UTA vs. OKC,W,240,37,82,0.451,10,26,0.385,12,23,0.522,11,29,40,16,9,5,13,17,96,5,1,2018-04-27,Home,516,H,Utah,18,23,37,18,96,5.5,7,-280,4,2018,OKC_vs_UTA_42017,4,OKC_vs_UTA_42017_2018-04-27,OKC,2,4–2
42017,1610612760,OKC,Oklahoma City Thunder,41700176,OKC @ UTA,L,240,37,93,0.398,10,34,0.294,7,13,0.538,15,34,49,20,6,4,13,21,91,-5,1,2018-04-27,Away,515,V,OklahomaCity,22,19,29,21,91,206,207,230,100.5,2018,OKC_vs_UTA_42017,2,OKC_vs_UTA_42017_2018-04-27,UTA,4,2–4
42018,1610612761,TOR,Toronto Raptors,41800111,TOR vs. ORL,L,240,40,88,0.455,12,36,0.333,9,14,0.643,6,39,45,23,4,4,13,19,101,-3,1,2019-04-13,Home,504,H,Toronto,30,19,27,25,101,7.5,9.5,-500,10.5,2019,ORL_vs_TOR_42018,0,ORL_vs_TOR_42018_2019-04-13,ORL,1,0–1
42018,1610612753,ORL,Orlando Magic,41800111,ORL @ TOR,W,240,36,90,0.4,14,29,0.483,18,20,0.9,10,38,48,19,9,4,11,19,104,3,1,2019-04-13,Away,503,V,Orlando,25,32,18,29,104,216.0,212.5,375,105.5,2019,ORL_vs_TOR_42018,1,ORL_vs_TOR_42018_2019-04-13,TOR,0,1–0
42018,1610612761,TOR,Toronto Raptors,41800112,TOR vs. ORL,W,240,42,87,0.483,11,35,0.314,16,17,0.941,6,36,42,25,10,5,7,23,111,29,1,2019-04-16,Home,532,H,Toronto,26,25,39,21,111,8.5,11.0,-800,2.5,2019,ORL_vs_TOR_42018,1,ORL_vs_TOR_42018_2019-04-16,ORL,1,1–1
42018,1610612753,ORL,Orlando Magic,41800112,ORL @ TOR,L,240,30,81,0.37,9,34,0.265,13,24,0.542,12,33,45,17,2,4,17,18,82,-29,1,2019-04-16,Away,531,V,Orlando,18,21,27,16,82,210.5,212.5,550,104,2019,ORL_vs_TOR_42018,1,ORL_vs_TOR_42018_2019-04-16,TOR,1,1–1
42018,1610612753,ORL,Orlando Magic,41800113,ORL vs. TOR,L,240,29,80,0.363,13,44,0.295,22,23,0.957,7,35,42,19,8,5,16,17,93,-5,1,2019-04-19,Home,552,H,Orlando,21,24,20,28,93,210.0,211.0,184,103.5,2019,ORL_vs_TOR_42018,1,ORL_vs_TOR_42018_2019-04-19,TOR,2,1–2
42018,1610612761,TOR,Toronto Raptors,41800113,TOR @ ORL,W,240,39,87,0.448,11,28,0.393,9,10,0.9,8,35,43,26,9,3,13,23,98,5,1,2019-04-19,Away,551,V,Toronto,26,22,28,22,98,4.0,5.5,-220,3.5,2019,ORL_vs_TOR_42018,2,ORL_vs_TOR_42018_2019-04-19,ORL,1,2–1
42018,1610612761,TOR,Toronto Raptors,41800114,TOR @ ORL,W,240,40,75,0.533,11,28,0.393,16,18,0.889,7,38,45,23,11,6,14,20,107,22,1,2019-04-21,Away,569,V,Toronto,28,30,24,25,107,5.0,5.5,-230,101.5,2019,ORL_vs_TOR_42018,3,ORL_vs_TOR_42018_2019-04-21,ORL,1,3–1
42018,1610612753,ORL,Orlando Magic,41800114,ORL vs. TOR,L,240,34,81,0.42,7,33,0.212,10,13,0.769,7,27,34,20,7,2,17,19,85,-22,1,2019-04-21,Home,570,H,Orlando,26,16,28,15,85,207.0,206.0,192,1.5,2019,ORL_vs_TOR_42018,1,ORL_vs_TOR_42018_2019-04-21,TOR,3,1–3
42018,1610612753,ORL,Orlando Magic,41800115,ORL @ TOR,L,240,32,83,0.386,9,34,0.265,23,31,0.742,12,36,48,20,7,5,17,21,96,-19,1,2019-04-23,Away,505,V,Orlando,19,28,23,26,96,205.0,206.0,550,102,2019,ORL_vs_TOR_42018,1,ORL_vs_TOR_42018_2019-04-23,TOR,4,1–4
42018,1610612761,TOR,Toronto Raptors,41800115,TOR vs. ORL,W,240,41,85,0.482,15,36,0.417,18,21,0.857,8,40,48,34,8,3,14,30,115,19,1,2019-04-23,Home,506,H,Toronto,35,32,32,16,115,11.0,11.0,-777,1.5,2019,ORL_vs_TOR_42018,4,ORL_vs_TOR_42018_2019-04-23,ORL,1,4–1
42018,1610612761,TOR,Toronto Raptors,41800211,TOR vs. PHI,W,240,41,79,0.519,9,27,0.333,17,24,0.708,2,38,40,21,3,6,10,24,108,13,1,2019-04-27,Home,554,H,Toronto,39,22,31,16,108,5.5,6.0,-290,1,2019,PHI_vs_TOR_42018,1,PHI_vs_TOR_42018_2019-04-27,PHI,0,1–0
42018,1610612755,PHI,Philadelphia 76ers,41800211,PHI @ TOR,L,240,35,89,0.393,11,32,0.344,14,21,0.667,13,34,47,23,5,2,16,21,95,-13,1,2019-04-27,Away,553,V,Philadelphia,31,21,29,14,95,222.5,223.5,237,111.5,2019,PHI_vs_TOR_42018,0,PHI_vs_TOR_42018_2019-04-27,TOR,1,0–1
42018,1610612755,PHI,Philadelphia 76ers,41800212,PHI @ TOR,W,240,30,76,0.395,10,35,0.286,24,26,0.923,9,43,52,22,5,4,20,18,94,5,1,2019-04-29,Away,561,V,Philadelphia,26,25,18,25,94,220.5,219.5,245,111,2019,PHI_vs_TOR_42018,1,PHI_vs_TOR_42018_2019-04-29,TOR,1,1–1
42018,1610612761,TOR,Toronto Raptors,41800212,TOR vs. PHI,L,240,33,90,0.367,10,37,0.27,13,15,0.867,9,27,36,20,10,4,13,22,89,-5,1,2019-04-29,Home,562,H,Toronto,17,21,25,26,89,6.5,7.5,-300,9,2019,PHI_vs_TOR_42018,1,PHI_vs_TOR_42018_2019-04-29,PHI,1,1–1
42018,1610612761,TOR,Toronto Raptors,41800213,TOR @ PHI,L,240,35,83,0.422,7,27,0.259,18,23,0.783,8,27,35,15,7,4,9,17,95,-21,1,2019-05-02,Away,581,V,Toronto,29,24,28,14,95,216.0,1.5,-120,4.5,2019,PHI_vs_TOR_42018,1,PHI_vs_TOR_42018_2019-05-02,PHI,2,1–2
42018,1610612755,PHI,Philadelphia 76ers,41800213,PHI vs. TOR,W,240,43,84,0.512,10,23,0.435,20,23,0.87,9,36,45,29,4,8,13,17,116,21,1,2019-05-02,Home,582,H,Philadelphia,32,32,25,27,116,1.5,216.0,100,106,2019,PHI_vs_TOR_42018,2,PHI_vs_TOR_42018_2019-05-02,TOR,1,2–1
42018,1610612761,TOR,Toronto Raptors,41800214,TOR @ PHI,W,240,35,76,0.461,10,31,0.323,21,26,0.808,8,35,43,19,6,3,14,24,101,5,1,2019-05-05,Away,591,V,Toronto,24,23,28,26,101,1.0,215.0,120,109.5,2019,PHI_vs_TOR_42018,2,PHI_vs_TOR_42018_2019-05-05,PHI,2,2–2
42018,1610612755,PHI,Philadelphia 76ers,41800214,PHI vs. TOR,L,240,33,82,0.402,12,38,0.316,18,25,0.72,11,32,43,22,8,6,13,23,96,-5,1,2019-05-05,Home,592,H,Philadelphia,21,24,30,21,96,215.0,2.0,-140,1,2019,PHI_vs_TOR_42018,2,PHI_vs_TOR_42018_2019-05-05,TOR,2,2–2
42018,1610612761,TOR,Toronto Raptors,41800215,TOR vs. PHI,W,240,40,82,0.488,16,40,0.4,29,33,0.879,6,36,42,22,12,2,13,18,125,36,1,2019-05-07,Home,506,H,Toronto,27,37,28,33,125,6.5,6.0,-255,107.5,2019,PHI_vs_TOR_42018,3,PHI_vs_TOR_42018_2019-05-07,PHI,2,3–2
42018,1610612755,PHI,Philadelphia 76ers,41800215,PHI @ TOR,L,240,33,79,0.418,6,24,0.25,17,20,0.85,5,32,37,19,6,5,19,26,89,-36,1,2019-05-07,Away,505,V,Philadelphia,26,17,27,19,89,211.0,212.5,211,3,2019,PHI_vs_TOR_42018,2,PHI_vs_TOR_42018_2019-05-07,TOR,3,2–3
42018,1610612755,PHI,Philadelphia 76ers,41800216,PHI vs. TOR,W,240,41,89,0.461,10,28,0.357,20,26,0.769,16,36,52,27,5,3,18,22,112,11,1,2019-05-09,Home,514,H,Philadelphia,29,29,29,25,112,213.0,212.0,106,108.5,2019,PHI_vs_TOR_42018,3,PHI_vs_TOR_42018_2019-05-09,TOR,3,3–3
42018,1610612761,TOR,Toronto Raptors,41800216,TOR @ PHI,L,240,35,81,0.432,9,36,0.25,22,29,0.759,9,25,34,25,9,4,12,24,101,-11,1,2019-05-09,Away,513,V,Toronto,21,22,24,34,101,1.0,1.5,-126,6,2019,PHI_vs_TOR_42018,3,PHI_vs_TOR_42018_2019-05-09,PHI,3,3–3
42018,1610612761,TOR,Toronto Raptors,41800217,TOR vs. PHI,W,240,34,89,0.382,7,30,0.233,17,19,0.895,16,33,49,15,10,4,10,22,92,2,1,2019-05-12,Home,522,H,Toronto,18,26,23,25,92,6.5,5.5,-245,2,2019,PHI_vs_TOR_42018,4,PHI_vs_TOR_42018_2019-05-12,PHI,3,4–3
42018,1610612755,PHI,Philadelphia 76ers,41800217,PHI @ TOR,L,240,28,65,0.431,9,27,0.333,25,30,0.833,5,36,41,16,4,7,17,21,90,-2,1,2019-05-12,Away,521,V,Philadelphia,13,27,24,26,90,208.5,210.0,203,107.5,2019,PHI_vs_TOR_42018,3,PHI_vs_TOR_42018_2019-05-12,TOR,4,3–4
42021,1610612755,PHI,Philadelphia 76ers,42100131,PHI vs. TOR,W,240,43,84,0.512,16,32,0.5,29,34,0.853,10,29,39,29,6,4,4,18,131,20,1,2022-04-16,Home,522,H,Philadelphia,35,34,38,24,131,5,5.0,-190,105,2022,PHI_vs_TOR_42021,1,PHI_vs_TOR_42021_2022-04-16,TOR,0,1–0
42021,1610612761,TOR,Toronto Raptors,42100131,TOR @ PHI,L,240,40,82,0.488,12,30,0.4,19,23,0.826,7,28,35,27,1,8,8,26,111,-20,1,2022-04-16,Away,521,V,Toronto,27,24,37,23,111,217.5,215.5,170,3,2022,PHI_vs_TOR_42021,0,PHI_vs_TOR_42021_2022-04-16,PHI,1,0–1
42021,1610612755,PHI,Philadelphia 76ers,42100132,PHI vs. TOR,W,240,36,69,0.522,14,30,0.467,26,30,0.867,7,34,41,20,5,12,16,18,112,15,1,2022-04-18,Home,542,H,Philadelphia,32,35,28,17,112,6.5,7.5,-310,106,2022,PHI_vs_TOR_42021,2,PHI_vs_TOR_42021_2022-04-18,TOR,0,2–0
42021,1610612761,TOR,Toronto Raptors,42100132,TOR @ PHI,L,240,38,89,0.427,11,32,0.344,10,12,0.833,13,22,35,16,7,4,11,24,97,-15,1,2022-04-18,Away,541,V,Toronto,33,19,19,26,97,220.5,217.0,260,1,2022,PHI_vs_TOR_42021,0,PHI_vs_TOR_42021_2022-04-18,PHI,2,0–2
42021,1610612755,PHI,Philadelphia 76ers,42100133,PHI @ TOR,W,265,38,74,0.514,13,31,0.419,15,20,0.75,9,37,46,18,5,3,24,21,104,3,1,2022-04-20,Away,563,V,Philadelphia,19,27,28,21,104,2,2.0,-130,5,2022,PHI_vs_TOR_42021,3,PHI_vs_TOR_42021_2022-04-20,TOR,0,3–0
42021,1610612761,TOR,Toronto Raptors,42100133,TOR vs. PHI,L,265,38,86,0.442,13,35,0.371,12,18,0.667,9,23,32,23,9,4,11,21,101,-3,1,2022-04-20,Home,564,H,Toronto,29,27,19,20,101,214.5,216.5,110,105,2022,PHI_vs_TOR_42021,0,PHI_vs_TOR_42021_2022-04-20,PHI,3,0–3
42021,1610612761,TOR,Toronto Raptors,42100134,TOR vs. PHI,W,240,37,88,0.42,8,34,0.235,28,35,0.8,13,33,46,19,9,6,11,20,110,8,1,2022-04-23,Home,512,H,Toronto,24,30,26,30,110,214,213.0,130,104,2022,PHI_vs_TOR_42021,1,PHI_vs_TOR_42021_2022-04-23,PHI,3,1–3
42021,1610612755,PHI,Philadelphia 76ers,42100134,PHI @ TOR,L,240,34,80,0.425,13,31,0.419,21,25,0.84,6,35,41,24,4,5,16,26,102,-8,1,2022-04-23,Away,511,V,Philadelphia,24,25,28,25,102,2.5,3.0,-150,4,2022,PHI_vs_TOR_42021,3,PHI_vs_TOR_42021_2022-04-23,TOR,1,3–1
42021,1610612755,PHI,Philadelphia 76ers,42100135,PHI vs. TOR,L,240,31,81,0.383,10,37,0.27,16,20,0.8,8,29,37,21,7,1,16,17,88,-15,1,2022-04-25,Home,534,H,Philadelphia,27,14,25,22,88,8,8.5,-370,8.5,2022,PHI_vs_TOR_42021,3,PHI_vs_TOR_42021_2022-04-25,TOR,2,3–2
42021,1610612761,TOR,Toronto Raptors,42100135,TOR @ PHI,W,240,42,82,0.512,8,31,0.258,11,13,0.846,3,37,40,24,8,6,9,20,103,15,1,2022-04-25,Away,533,V,Toronto,29,25,21,28,103,210,211.5,310,103,2022,PHI_vs_TOR_42021,2,PHI_vs_TOR_42021_2022-04-25,PHI,3,2–3
42021,1610612755,PHI,Philadelphia 76ers,42100136,PHI @ TOR,W,240,47,81,0.58,16,40,0.4,22,23,0.957,10,37,47,32,4,4,11,22,132,35,1,2022-04-28,Away,567,V,Philadelphia,34,28,37,33,132,2,1.0,-120,0.5,2022,PHI_vs_TOR_42021,4,PHI_vs_TOR_42021_2022-04-28,TOR,2,4–2
42021,1610612761,TOR,Toronto Raptors,42100136,TOR vs. PHI,L,240,35,89,0.393,7,35,0.2,20,25,0.8,15,22,37,15,6,1,10,22,97,-35,1,2022-04-28,Home,568,H,Toronto,29,32,17,19,97,210,209.5,100,103.5,2022,PHI_vs_TOR_42021,2,PHI_vs_TOR_42021_2022-04-28,PHI,4,2–4
42020,1610612755,PHI,Philadelphia 76ers,42000101,PHI vs. WAS,W,240,46,93,0.495,10,32,0.313,23,33,0.697,13,27,40,27,10,5,11,18,125,7,1,2021-05-23,Home,508,H,Philadelphia,27,34,38,26,125,7.5,8,-360,5.5,2021,PHI_vs_WAS_42020,1,PHI_vs_WAS_42020_2021-05-23,WAS,0,1–0
42020,1610612764,WAS,Washington Wizards,42000101,WAS @ PHI,L,240,49,88,0.557,8,20,0.4,12,15,0.8,7,34,41,26,4,4,16,24,118,-7,1,2021-05-23,Away,507,V,Washington,28,34,31,25,118,229.5,227.5,300,112,2021,PHI_vs_WAS_42020,0,PHI_vs_WAS_42020_2021-05-23,PHI,1,0–1
42020,1610612764,WAS,Washington Wizards,42000102,WAS @ PHI,L,240,37,92,0.402,2,22,0.091,19,30,0.633,13,27,40,22,3,2,14,21,95,-25,1,2021-05-26,Away,541,V,Washington,24,33,23,15,95,230.5,229,320,112,2021,PHI_vs_WAS_42020,0,PHI_vs_WAS_42020_2021-05-26,PHI,2,0–2
42020,1610612755,PHI,Philadelphia 76ers,42000102,PHI vs. WAS,W,240,49,88,0.557,9,21,0.429,13,19,0.684,8,37,45,26,10,14,12,21,120,25,1,2021-05-26,Home,542,H,Philadelphia,35,36,23,26,120,8,8,-380,pk,2021,PHI_vs_WAS_42020,2,PHI_vs_WAS_42020_2021-05-26,WAS,0,2–0
42020,1610612755,PHI,Philadelphia 76ers,42000103,PHI @ WAS,W,240,51,87,0.586,17,33,0.515,13,20,0.65,7,44,51,31,7,5,16,25,132,29,1,2021-05-29,Away,575,V,Philadelphia,36,36,37,23,132,5.5,5,-220,111.5,2021,PHI_vs_WAS_42020,3,PHI_vs_WAS_42020_2021-05-29,WAS,0,3–0
42020,1610612764,WAS,Washington Wizards,42000103,WAS vs. PHI,L,240,38,96,0.396,8,35,0.229,19,25,0.76,13,28,41,18,5,3,8,18,103,-29,1,2021-05-29,Home,576,H,Washington,28,30,28,17,103,229,229,190,0.5,2021,PHI_vs_WAS_42020,0,PHI_vs_WAS_42020_2021-05-29,PHI,3,0–3
42020,1610612764,WAS,Washington Wizards,42000104,WAS vs. PHI,W,240,40,88,0.455,9,24,0.375,33,42,0.786,13,44,57,24,8,12,14,27,122,8,1,2021-05-31,Home,512,H,Washington,28,32,32,30,122,230.5,231,320,112.5,2021,PHI_vs_WAS_42020,1,PHI_vs_WAS_42020_2021-05-31,PHI,3,1–3
42020,1610612755,PHI,Philadelphia 76ers,42000104,PHI @ WAS,L,240,40,96,0.417,12,38,0.316,22,34,0.647,12,36,48,21,7,6,11,30,114,-8,1,2021-05-31,Away,511,V,Philadelphia,31,30,19,34,114,7.5,8.5,-380,3,2021,PHI_vs_WAS_42020,3,PHI_vs_WAS_42020_2021-05-31,WAS,1,3–1
42020,1610612764,WAS,Washington Wizards,42000105,WAS @ PHI,L,240,39,79,0.494,8,20,0.4,26,33,0.788,7,31,38,22,4,3,15,30,112,-17,1,2021-06-02,Away,537,V,Washington,29,34,31,18,112,230.5,229,210,113,2021,PHI_vs_WAS_42020,1,PHI_vs_WAS_42020_2021-06-02,PHI,4,1–4
42020,1610612755,PHI,Philadelphia 76ers,42000105,PHI vs. WAS,W,240,43,84,0.512,9,27,0.333,34,43,0.791,8,32,40,28,9,6,9,25,129,17,1,2021-06-02,Home,538,H,Philadelphia,29,36,38,26,129,6.5,6,-250,2.5,2021,PHI_vs_WAS_42020,4,PHI_vs_WAS_42020_2021-06-02,WAS,1,4–1
42017,1610612764,WAS,Washington Wizards,41700101,WAS @ TOR,L,240,41,86,0.477,8,21,0.381,16,18,0.889,6,29,35,29,11,3,14,21,106,-8,1,2018-04-14,Away,503,V,Washington,23,36,26,21,106,211,214,275,106,2018,TOR_vs_WAS_42017,0,TOR_vs_WAS_42017_2018-04-14,TOR,1,0–1
42017,1610612761,TOR,Toronto Raptors,41700101,TOR vs. WAS,W,240,41,77,0.532,16,30,0.533,16,20,0.8,5,33,38,26,6,7,17,18,114,8,1,2018-04-14,Home,504,H,Toronto,28,27,31,28,114,7.5,7.5,-350,7,2018,TOR_vs_WAS_42017,1,TOR_vs_WAS_42017_2018-04-14,WAS,0,1–0
42017,1610612764,WAS,Washington Wizards,41700102,WAS @ TOR,L,240,42,86,0.488,10,22,0.455,25,28,0.893,4,30,34,26,7,3,9,24,119,-11,1,2018-04-17,Away,705,V,Washington,27,31,32,29,119,215,213.5,250,2,2018,TOR_vs_WAS_42017,0,TOR_vs_WAS_42017_2018-04-17,TOR,2,0–2
42017,1610612761,TOR,Toronto Raptors,41700102,TOR vs. WAS,W,240,45,87,0.517,13,35,0.371,27,33,0.818,9,39,48,24,5,8,14,27,130,11,1,2018-04-17,Home,706,H,Toronto,44,32,24,30,130,8,7,-310,106,2018,TOR_vs_WAS_42017,2,TOR_vs_WAS_42017_2018-04-17,WAS,0,2–0
42017,1610612761,TOR,Toronto Raptors,41700103,TOR @ WAS,L,240,37,82,0.451,12,28,0.429,17,19,0.895,8,26,34,20,8,4,19,19,103,-19,1,2018-04-20,Away,713,V,Toronto,29,32,21,21,103,218,217.5,-105,3.5,2018,TOR_vs_WAS_42017,2,TOR_vs_WAS_42017_2018-04-20,WAS,1,2–1
42017,1610612764,WAS,Washington Wizards,41700103,WAS vs. TOR,W,240,47,85,0.553,10,23,0.435,18,20,0.9,7,32,39,29,10,8,13,21,122,19,1,2018-04-20,Home,714,H,Washington,30,39,32,21,122,1,1,-115,107.5,2018,TOR_vs_WAS_42017,1,TOR_vs_WAS_42017_2018-04-20,TOR,2,1–2
42017,1610612764,WAS,Washington Wizards,41700104,WAS vs. TOR,W,240,39,85,0.459,7,17,0.412,21,31,0.677,9,31,40,23,10,8,13,23,106,8,1,2018-04-22,Home,506,H,Washington,22,18,40,26,106,pk,217,105,4,2018,TOR_vs_WAS_42017,2,TOR_vs_WAS_42017_2018-04-22,TOR,2,2–2
42017,1610612761,TOR,Toronto Raptors,41700104,TOR @ WAS,L,240,34,79,0.43,7,18,0.389,23,30,0.767,9,32,41,19,9,7,18,26,98,-8,1,2018-04-22,Away,505,V,Toronto,30,21,29,18,98,218.5,1.5,-125,105.5,2018,TOR_vs_WAS_42017,2,TOR_vs_WAS_42017_2018-04-22,WAS,2,2–2
42017,1610612761,TOR,Toronto Raptors,41700105,TOR vs. WAS,W,240,38,82,0.463,11,25,0.44,21,28,0.75,6,29,35,26,9,5,10,18,108,10,1,2018-04-25,Home,710,H,Toronto,23,25,31,29,108,7,7,-330,4.5,2018,TOR_vs_WAS_42017,3,TOR_vs_WAS_42017_2018-04-25,WAS,2,3–2
42017,1610612764,WAS,Washington Wizards,41700105,WAS @ TOR,L,240,37,90,0.411,5,26,0.192,19,22,0.864,14,36,50,21,6,4,18,18,98,-10,1,2018-04-25,Away,709,V,Washington,24,23,31,20,98,214,216,260,107,2018,TOR_vs_WAS_42017,2,TOR_vs_WAS_42017_2018-04-25,TOR,3,2–3
42017,1610612764,WAS,Washington Wizards,41700106,WAS vs. TOR,L,240,32,79,0.405,8,22,0.364,20,21,0.952,11,31,42,12,3,5,14,19,92,-10,1,2018-04-27,Home,510,H,Washington,30,23,25,14,92,1,214.5,120,106,2018,TOR_vs_WAS_42017,2,TOR_vs_WAS_42017_2018-04-27,TOR,4,2–4
42017,1610612761,TOR,Toronto Raptors,41700106,TOR @ WAS,W,240,40,90,0.444,7,25,0.28,15,19,0.789,16,31,47,18,8,6,7,20,102,10,1,2018-04-27,Away,509,V,Toronto,20,30,23,29,102,215,2,-140,2,2018,TOR_vs_WAS_42017,4,TOR_vs_WAS_42017_2018-04-27,WAS,2,4–2
